耗材类别	总序号	产品序号	耗材分类代码	"一级分类
（学科、品类）"	"二级分类
（用途、品目）"	"三级分类
（部位、功能、品种）"	"通用名
代码"	"医保
通用名"	"材质
代码"	材质	"特征
代码"	特征参数
单/多部件金属骨固定器械及附件	1	1	C03050107901001	骨科材料	拉力钉	空心拉力螺钉	079	螺钉	01	不锈钢	001	灭菌
	2	2	C03050107901002	骨科材料	拉力钉	空心拉力螺钉	079	螺钉	01	不锈钢	002	非灭菌
	3	3	C03050107902001	骨科材料	拉力钉	空心拉力螺钉	079	螺钉	02	纯钛	001	灭菌
	4	4	C03050107902002	骨科材料	拉力钉	空心拉力螺钉	079	螺钉	02	纯钛	002	非灭菌
	5	5	C03050107903001	骨科材料	拉力钉	空心拉力螺钉	079	螺钉	03	钛合金	001	灭菌
	6	6	C03050107903002	骨科材料	拉力钉	空心拉力螺钉	079	螺钉	03	钛合金	002	非灭菌
	7	7	C03050207901001	骨科材料	拉力钉	非空心拉力螺钉	079	螺钉	01	不锈钢	001	灭菌
	8	8	C03050207901002	骨科材料	拉力钉	非空心拉力螺钉	079	螺钉	01	不锈钢	002	非灭菌
	9	9	C03050207902001	骨科材料	拉力钉	非空心拉力螺钉	079	螺钉	02	纯钛	001	灭菌
	10	10	C03050207902002	骨科材料	拉力钉	非空心拉力螺钉	079	螺钉	02	纯钛	002	非灭菌
	11	11	C03050207903001	骨科材料	拉力钉	非空心拉力螺钉	079	螺钉	03	钛合金	001	灭菌
	12	12	C03050207903002	骨科材料	拉力钉	非空心拉力螺钉	079	螺钉	03	钛合金	002	非灭菌
	13	13	C03110108001001	骨科材料	接骨板	胸骨接骨板	080	固定板	01	不锈钢	001	普通/含紧急释放钉/灭菌
	14	14	C03110108001002	骨科材料	接骨板	胸骨接骨板	080	固定板	01	不锈钢	002	普通/含紧急释放钉/非灭菌
	15	15	C03110108001003	骨科材料	接骨板	胸骨接骨板	080	固定板	01	不锈钢	003	普通/不含紧急释放钉/灭菌
	16	16	C03110108001004	骨科材料	接骨板	胸骨接骨板	080	固定板	01	不锈钢	004	普通/不含紧急释放钉/非灭菌
	17	17	C03110108001005	骨科材料	接骨板	胸骨接骨板	080	固定板	01	不锈钢	005	锁定加压/含紧急释放钉/灭菌
	18	18	C03110108001006	骨科材料	接骨板	胸骨接骨板	080	固定板	01	不锈钢	006	锁定加压/含紧急释放钉/非灭菌
	19	19	C03110108001007	骨科材料	接骨板	胸骨接骨板	080	固定板	01	不锈钢	007	锁定加压/不含紧急释放钉/灭菌
	20	20	C03110108001008	骨科材料	接骨板	胸骨接骨板	080	固定板	01	不锈钢	008	锁定加压/不含紧急释放钉/非灭菌
	21	21	C03110108001009	骨科材料	接骨板	胸骨接骨板	080	固定板	01	不锈钢	009	万向锁定加压/含紧急释放钉/灭菌
	22	22	C03110108001010	骨科材料	接骨板	胸骨接骨板	080	固定板	01	不锈钢	010	万向锁定加压/含紧急释放钉/非灭菌
	23	23	C03110108001011	骨科材料	接骨板	胸骨接骨板	080	固定板	01	不锈钢	011	万向锁定加压/不含紧急释放钉/灭菌
	24	24	C03110108001012	骨科材料	接骨板	胸骨接骨板	080	固定板	01	不锈钢	012	万向锁定加压/不含紧急释放钉/非灭菌
	25	25	C03110108002001	骨科材料	接骨板	胸骨接骨板	080	固定板	02	纯钛	001	普通/含紧急释放钉/灭菌
	26	26	C03110108002002	骨科材料	接骨板	胸骨接骨板	080	固定板	02	纯钛	002	普通/含紧急释放钉/非灭菌
	27	27	C03110108002003	骨科材料	接骨板	胸骨接骨板	080	固定板	02	纯钛	003	普通/不含紧急释放钉/灭菌
	28	28	C03110108002004	骨科材料	接骨板	胸骨接骨板	080	固定板	02	纯钛	004	普通/不含紧急释放钉/非灭菌
	29	29	C03110108002005	骨科材料	接骨板	胸骨接骨板	080	固定板	02	纯钛	005	锁定加压/含紧急释放钉/灭菌
	30	30	C03110108002006	骨科材料	接骨板	胸骨接骨板	080	固定板	02	纯钛	006	锁定加压/含紧急释放钉/非灭菌
	31	31	C03110108002007	骨科材料	接骨板	胸骨接骨板	080	固定板	02	纯钛	007	锁定加压/不含紧急释放钉/灭菌
	32	32	C03110108002008	骨科材料	接骨板	胸骨接骨板	080	固定板	02	纯钛	008	锁定加压/不含紧急释放钉/非灭菌
	33	33	C03110108002009	骨科材料	接骨板	胸骨接骨板	080	固定板	02	纯钛	009	万向锁定加压/含紧急释放钉/灭菌
	34	34	C03110108002010	骨科材料	接骨板	胸骨接骨板	080	固定板	02	纯钛	010	万向锁定加压/含紧急释放钉/非灭菌
	35	35	C03110108002011	骨科材料	接骨板	胸骨接骨板	080	固定板	02	纯钛	011	万向锁定加压/不含紧急释放钉/灭菌
	36	36	C03110108002012	骨科材料	接骨板	胸骨接骨板	080	固定板	02	纯钛	012	万向锁定加压/不含紧急释放钉/非灭菌
	37	37	C03110108003001	骨科材料	接骨板	胸骨接骨板	080	固定板	03	钛合金	001	普通/含紧急释放钉/灭菌
	38	38	C03110108003002	骨科材料	接骨板	胸骨接骨板	080	固定板	03	钛合金	002	普通/含紧急释放钉/非灭菌
	39	39	C03110108003003	骨科材料	接骨板	胸骨接骨板	080	固定板	03	钛合金	003	普通/不含紧急释放钉/灭菌
	40	40	C03110108003004	骨科材料	接骨板	胸骨接骨板	080	固定板	03	钛合金	004	普通/不含紧急释放钉/非灭菌
	41	41	C03110108003005	骨科材料	接骨板	胸骨接骨板	080	固定板	03	钛合金	005	锁定加压/含紧急释放钉/灭菌
	42	42	C03110108003006	骨科材料	接骨板	胸骨接骨板	080	固定板	03	钛合金	006	锁定加压/含紧急释放钉/非灭菌
	43	43	C03110108003007	骨科材料	接骨板	胸骨接骨板	080	固定板	03	钛合金	007	锁定加压/不含紧急释放钉/灭菌
	44	44	C03110108003008	骨科材料	接骨板	胸骨接骨板	080	固定板	03	钛合金	008	锁定加压/不含紧急释放钉/非灭菌
	45	45	C03110108003009	骨科材料	接骨板	胸骨接骨板	080	固定板	03	钛合金	009	万向锁定加压/含紧急释放钉/灭菌
	46	46	C03110108003010	骨科材料	接骨板	胸骨接骨板	080	固定板	03	钛合金	010	万向锁定加压/含紧急释放钉/非灭菌
	47	47	C03110108003011	骨科材料	接骨板	胸骨接骨板	080	固定板	03	钛合金	011	万向锁定加压/不含紧急释放钉/灭菌
	48	48	C03110108003012	骨科材料	接骨板	胸骨接骨板	080	固定板	03	钛合金	012	万向锁定加压/不含紧急释放钉/非灭菌
	49	49	C03110208001001	骨科材料	接骨板	肋骨接骨板	080	固定板	01	不锈钢	001	普通/灭菌
	50	50	C03110208001002	骨科材料	接骨板	肋骨接骨板	080	固定板	01	不锈钢	002	普通/非灭菌
	51	51	C03110208001003	骨科材料	接骨板	肋骨接骨板	080	固定板	01	不锈钢	003	锁定加压/灭菌
	52	52	C03110208001004	骨科材料	接骨板	肋骨接骨板	080	固定板	01	不锈钢	004	锁定加压/非灭菌
	53	53	C03110208001005	骨科材料	接骨板	肋骨接骨板	080	固定板	01	不锈钢	005	万向锁定加压/灭菌
	54	54	C03110208001006	骨科材料	接骨板	肋骨接骨板	080	固定板	01	不锈钢	006	万向锁定加压/非灭菌
	55	55	C03110208002001	骨科材料	接骨板	肋骨接骨板	080	固定板	02	纯钛	001	普通/灭菌
	56	56	C03110208002002	骨科材料	接骨板	肋骨接骨板	080	固定板	02	纯钛	002	普通/非灭菌
	57	57	C03110208002003	骨科材料	接骨板	肋骨接骨板	080	固定板	02	纯钛	003	锁定加压/灭菌
	58	58	C03110208002004	骨科材料	接骨板	肋骨接骨板	080	固定板	02	纯钛	004	锁定加压/非灭菌
	59	59	C03110208002005	骨科材料	接骨板	肋骨接骨板	080	固定板	02	纯钛	005	万向锁定加压/灭菌
	60	60	C03110208002006	骨科材料	接骨板	肋骨接骨板	080	固定板	02	纯钛	006	万向锁定加压/非灭菌
	61	61	C03110208003001	骨科材料	接骨板	肋骨接骨板	080	固定板	03	钛合金	001	普通/灭菌
	62	62	C03110208003002	骨科材料	接骨板	肋骨接骨板	080	固定板	03	钛合金	002	普通/非灭菌
	63	63	C03110208003003	骨科材料	接骨板	肋骨接骨板	080	固定板	03	钛合金	003	锁定加压/灭菌
	64	64	C03110208003004	骨科材料	接骨板	肋骨接骨板	080	固定板	03	钛合金	004	锁定加压/非灭菌
	65	65	C03110208003005	骨科材料	接骨板	肋骨接骨板	080	固定板	03	钛合金	005	万向锁定加压/灭菌
	66	66	C03110208003006	骨科材料	接骨板	肋骨接骨板	080	固定板	03	钛合金	006	万向锁定加压/非灭菌
	67	67	C03110308001001	骨科材料	接骨板	锁骨接骨板	080	固定板	01	不锈钢	001	普通/外侧前方/灭菌
	68	68	C03110308001002	骨科材料	接骨板	锁骨接骨板	080	固定板	01	不锈钢	002	普通/外侧前方/非灭菌
	69	69	C03110308001003	骨科材料	接骨板	锁骨接骨板	080	固定板	01	不锈钢	003	普通/外侧上方/灭菌
	70	70	C03110308001004	骨科材料	接骨板	锁骨接骨板	080	固定板	01	不锈钢	004	普通/外侧上方/非灭菌
	71	71	C03110308001005	骨科材料	接骨板	锁骨接骨板	080	固定板	01	不锈钢	005	普通/中段前方/灭菌
	72	72	C03110308001006	骨科材料	接骨板	锁骨接骨板	080	固定板	01	不锈钢	006	普通/中段前方/非灭菌
	73	73	C03110308001007	骨科材料	接骨板	锁骨接骨板	080	固定板	01	不锈钢	007	普通/中段上方/灭菌
	74	74	C03110308001008	骨科材料	接骨板	锁骨接骨板	080	固定板	01	不锈钢	008	普通/中段上方/非灭菌
	75	75	C03110308001009	骨科材料	接骨板	锁骨接骨板	080	固定板	01	不锈钢	009	普通/内侧前方/灭菌
	76	76	C03110308001010	骨科材料	接骨板	锁骨接骨板	080	固定板	01	不锈钢	010	普通/内侧前方/非灭菌
	77	77	C03110308001011	骨科材料	接骨板	锁骨接骨板	080	固定板	01	不锈钢	011	普通/内侧上方/灭菌
	78	78	C03110308001012	骨科材料	接骨板	锁骨接骨板	080	固定板	01	不锈钢	012	普通/内侧上方/非灭菌
	79	79	C03110308001013	骨科材料	接骨板	锁骨接骨板	080	固定板	01	不锈钢	013	普通/内侧下方/灭菌
	80	80	C03110308001014	骨科材料	接骨板	锁骨接骨板	080	固定板	01	不锈钢	014	普通/内侧下方/非灭菌
	81	81	C03110308001015	骨科材料	接骨板	锁骨接骨板	080	固定板	01	不锈钢	015	普通/外侧下方/灭菌
	82	82	C03110308001016	骨科材料	接骨板	锁骨接骨板	080	固定板	01	不锈钢	016	普通/外侧下方/非灭菌
	83	83	C03110308001017	骨科材料	接骨板	锁骨接骨板	080	固定板	01	不锈钢	017	锁定加压/外侧前方/灭菌
	84	84	C03110308001018	骨科材料	接骨板	锁骨接骨板	080	固定板	01	不锈钢	018	锁定加压/外侧前方/非灭菌
	85	85	C03110308001019	骨科材料	接骨板	锁骨接骨板	080	固定板	01	不锈钢	019	锁定加压/外侧上方/灭菌
	86	86	C03110308001020	骨科材料	接骨板	锁骨接骨板	080	固定板	01	不锈钢	020	锁定加压/外侧上方/非灭菌
	87	87	C03110308001021	骨科材料	接骨板	锁骨接骨板	080	固定板	01	不锈钢	021	锁定加压/中段前方/灭菌
	88	88	C03110308001022	骨科材料	接骨板	锁骨接骨板	080	固定板	01	不锈钢	022	锁定加压/中段前方/非灭菌
	89	89	C03110308001023	骨科材料	接骨板	锁骨接骨板	080	固定板	01	不锈钢	023	锁定加压/中段上方/灭菌
	90	90	C03110308001024	骨科材料	接骨板	锁骨接骨板	080	固定板	01	不锈钢	024	锁定加压/中段上方/非灭菌
	91	91	C03110308001025	骨科材料	接骨板	锁骨接骨板	080	固定板	01	不锈钢	025	锁定加压/内侧前方/灭菌
	92	92	C03110308001026	骨科材料	接骨板	锁骨接骨板	080	固定板	01	不锈钢	026	锁定加压/内侧前方/非灭菌
	93	93	C03110308001027	骨科材料	接骨板	锁骨接骨板	080	固定板	01	不锈钢	027	锁定加压/内侧上方/灭菌
	94	94	C03110308001028	骨科材料	接骨板	锁骨接骨板	080	固定板	01	不锈钢	028	锁定加压/内侧上方/非灭菌
	95	95	C03110308001029	骨科材料	接骨板	锁骨接骨板	080	固定板	01	不锈钢	029	锁定加压/内侧下方/灭菌
	96	96	C03110308001030	骨科材料	接骨板	锁骨接骨板	080	固定板	01	不锈钢	030	锁定加压/内侧下方/非灭菌
	97	97	C03110308001031	骨科材料	接骨板	锁骨接骨板	080	固定板	01	不锈钢	031	锁定加压/外侧下方/灭菌
	98	98	C03110308001032	骨科材料	接骨板	锁骨接骨板	080	固定板	01	不锈钢	032	锁定加压/外侧下方/非灭菌
	99	99	C03110308001033	骨科材料	接骨板	锁骨接骨板	080	固定板	01	不锈钢	033	万向锁定加压/外侧前方/灭菌
	100	100	C03110308001034	骨科材料	接骨板	锁骨接骨板	080	固定板	01	不锈钢	034	万向锁定加压/外侧前方/非灭菌
	101	101	C03110308001035	骨科材料	接骨板	锁骨接骨板	080	固定板	01	不锈钢	035	万向锁定加压/外侧上方/灭菌
	102	102	C03110308001036	骨科材料	接骨板	锁骨接骨板	080	固定板	01	不锈钢	036	万向锁定加压/外侧上方/非灭菌
	103	103	C03110308001037	骨科材料	接骨板	锁骨接骨板	080	固定板	01	不锈钢	037	万向锁定加压/中段前方/灭菌
	104	104	C03110308001038	骨科材料	接骨板	锁骨接骨板	080	固定板	01	不锈钢	038	万向锁定加压/中段前方/非灭菌
	105	105	C03110308001039	骨科材料	接骨板	锁骨接骨板	080	固定板	01	不锈钢	039	万向锁定加压/中段上方/灭菌
	106	106	C03110308001040	骨科材料	接骨板	锁骨接骨板	080	固定板	01	不锈钢	040	万向锁定加压/中段上方/非灭菌
	107	107	C03110308001041	骨科材料	接骨板	锁骨接骨板	080	固定板	01	不锈钢	041	万向锁定加压/内侧前方/灭菌
	108	108	C03110308001042	骨科材料	接骨板	锁骨接骨板	080	固定板	01	不锈钢	042	万向锁定加压/内侧前方/非灭菌
	109	109	C03110308001043	骨科材料	接骨板	锁骨接骨板	080	固定板	01	不锈钢	043	万向锁定加压/内侧上方/灭菌
	110	110	C03110308001044	骨科材料	接骨板	锁骨接骨板	080	固定板	01	不锈钢	044	万向锁定加压/内侧上方/非灭菌
	111	111	C03110308001045	骨科材料	接骨板	锁骨接骨板	080	固定板	01	不锈钢	045	万向锁定加压/内侧下方/灭菌
	112	112	C03110308001046	骨科材料	接骨板	锁骨接骨板	080	固定板	01	不锈钢	046	万向锁定加压/内侧下方/非灭菌
	113	113	C03110308001047	骨科材料	接骨板	锁骨接骨板	080	固定板	01	不锈钢	047	万向锁定加压/外侧下方/灭菌
	114	114	C03110308001048	骨科材料	接骨板	锁骨接骨板	080	固定板	01	不锈钢	048	万向锁定加压/外侧下方/非灭菌
	115	115	C03110308002001	骨科材料	接骨板	锁骨接骨板	080	固定板	02	纯钛	001	普通/外侧前方/灭菌
	116	116	C03110308002002	骨科材料	接骨板	锁骨接骨板	080	固定板	02	纯钛	002	普通/外侧前方/非灭菌
	117	117	C03110308002003	骨科材料	接骨板	锁骨接骨板	080	固定板	02	纯钛	003	普通/外侧上方/灭菌
	118	118	C03110308002004	骨科材料	接骨板	锁骨接骨板	080	固定板	02	纯钛	004	普通/外侧上方/非灭菌
	119	119	C03110308002005	骨科材料	接骨板	锁骨接骨板	080	固定板	02	纯钛	005	普通/中段前方/灭菌
	120	120	C03110308002006	骨科材料	接骨板	锁骨接骨板	080	固定板	02	纯钛	006	普通/中段前方/非灭菌
	121	121	C03110308002007	骨科材料	接骨板	锁骨接骨板	080	固定板	02	纯钛	007	普通/中段上方/灭菌
	122	122	C03110308002008	骨科材料	接骨板	锁骨接骨板	080	固定板	02	纯钛	008	普通/中段上方/非灭菌
	123	123	C03110308002009	骨科材料	接骨板	锁骨接骨板	080	固定板	02	纯钛	009	普通/内侧前方/灭菌
	124	124	C03110308002010	骨科材料	接骨板	锁骨接骨板	080	固定板	02	纯钛	010	普通/内侧前方/非灭菌
	125	125	C03110308002011	骨科材料	接骨板	锁骨接骨板	080	固定板	02	纯钛	011	普通/内侧上方/灭菌
	126	126	C03110308002012	骨科材料	接骨板	锁骨接骨板	080	固定板	02	纯钛	012	普通/内侧上方/非灭菌
	127	127	C03110308002013	骨科材料	接骨板	锁骨接骨板	080	固定板	02	纯钛	013	普通/内侧下方/灭菌
	128	128	C03110308002014	骨科材料	接骨板	锁骨接骨板	080	固定板	02	纯钛	014	普通/内侧下方/非灭菌
	129	129	C03110308002015	骨科材料	接骨板	锁骨接骨板	080	固定板	02	纯钛	015	普通/外侧下方/灭菌
	130	130	C03110308002016	骨科材料	接骨板	锁骨接骨板	080	固定板	02	纯钛	016	普通/外侧下方/非灭菌
	131	131	C03110308002017	骨科材料	接骨板	锁骨接骨板	080	固定板	02	纯钛	017	锁定加压/外侧前方/灭菌
	132	132	C03110308002018	骨科材料	接骨板	锁骨接骨板	080	固定板	02	纯钛	018	锁定加压/外侧前方/非灭菌
	133	133	C03110308002019	骨科材料	接骨板	锁骨接骨板	080	固定板	02	纯钛	019	锁定加压/外侧上方/灭菌
	134	134	C03110308002020	骨科材料	接骨板	锁骨接骨板	080	固定板	02	纯钛	020	锁定加压/外侧上方/非灭菌
	135	135	C03110308002021	骨科材料	接骨板	锁骨接骨板	080	固定板	02	纯钛	021	锁定加压/中段前方/灭菌
	136	136	C03110308002022	骨科材料	接骨板	锁骨接骨板	080	固定板	02	纯钛	022	锁定加压/中段前方/非灭菌
	137	137	C03110308002023	骨科材料	接骨板	锁骨接骨板	080	固定板	02	纯钛	023	锁定加压/中段上方/灭菌
	138	138	C03110308002024	骨科材料	接骨板	锁骨接骨板	080	固定板	02	纯钛	024	锁定加压/中段上方/非灭菌
	139	139	C03110308002025	骨科材料	接骨板	锁骨接骨板	080	固定板	02	纯钛	025	锁定加压/内侧前方/灭菌
	140	140	C03110308002026	骨科材料	接骨板	锁骨接骨板	080	固定板	02	纯钛	026	锁定加压/内侧前方/非灭菌
	141	141	C03110308002027	骨科材料	接骨板	锁骨接骨板	080	固定板	02	纯钛	027	锁定加压/内侧上方/灭菌
	142	142	C03110308002028	骨科材料	接骨板	锁骨接骨板	080	固定板	02	纯钛	028	锁定加压/内侧上方/非灭菌
	143	143	C03110308002029	骨科材料	接骨板	锁骨接骨板	080	固定板	02	纯钛	029	锁定加压/内侧下方/灭菌
	144	144	C03110308002030	骨科材料	接骨板	锁骨接骨板	080	固定板	02	纯钛	030	锁定加压/内侧下方/非灭菌
	145	145	C03110308002031	骨科材料	接骨板	锁骨接骨板	080	固定板	02	纯钛	031	锁定加压/外侧下方/灭菌
	146	146	C03110308002032	骨科材料	接骨板	锁骨接骨板	080	固定板	02	纯钛	032	锁定加压/外侧下方/非灭菌
	147	147	C03110308002033	骨科材料	接骨板	锁骨接骨板	080	固定板	02	纯钛	033	万向锁定加压/外侧前方/灭菌
	148	148	C03110308002034	骨科材料	接骨板	锁骨接骨板	080	固定板	02	纯钛	034	万向锁定加压/外侧前方/非灭菌
	149	149	C03110308002035	骨科材料	接骨板	锁骨接骨板	080	固定板	02	纯钛	035	万向锁定加压/外侧上方/灭菌
	150	150	C03110308002036	骨科材料	接骨板	锁骨接骨板	080	固定板	02	纯钛	036	万向锁定加压/外侧上方/非灭菌
	151	151	C03110308002037	骨科材料	接骨板	锁骨接骨板	080	固定板	02	纯钛	037	万向锁定加压/中段前方/灭菌
	152	152	C03110308002038	骨科材料	接骨板	锁骨接骨板	080	固定板	02	纯钛	038	万向锁定加压/中段前方/非灭菌
	153	153	C03110308002039	骨科材料	接骨板	锁骨接骨板	080	固定板	02	纯钛	039	万向锁定加压/中段上方/灭菌
	154	154	C03110308002040	骨科材料	接骨板	锁骨接骨板	080	固定板	02	纯钛	040	万向锁定加压/中段上方/非灭菌
	155	155	C03110308002041	骨科材料	接骨板	锁骨接骨板	080	固定板	02	纯钛	041	万向锁定加压/内侧前方/灭菌
	156	156	C03110308002042	骨科材料	接骨板	锁骨接骨板	080	固定板	02	纯钛	042	万向锁定加压/内侧前方/非灭菌
	157	157	C03110308002043	骨科材料	接骨板	锁骨接骨板	080	固定板	02	纯钛	043	万向锁定加压/内侧上方/灭菌
	158	158	C03110308002044	骨科材料	接骨板	锁骨接骨板	080	固定板	02	纯钛	044	万向锁定加压/内侧上方/非灭菌
	159	159	C03110308002045	骨科材料	接骨板	锁骨接骨板	080	固定板	02	纯钛	045	万向锁定加压/内侧下方/灭菌
	160	160	C03110308002046	骨科材料	接骨板	锁骨接骨板	080	固定板	02	纯钛	046	万向锁定加压/内侧下方/非灭菌
	161	161	C03110308002047	骨科材料	接骨板	锁骨接骨板	080	固定板	02	纯钛	047	万向锁定加压/外侧下方/灭菌
	162	162	C03110308002048	骨科材料	接骨板	锁骨接骨板	080	固定板	02	纯钛	048	万向锁定加压/外侧下方/非灭菌
	163	163	C03110308003001	骨科材料	接骨板	锁骨接骨板	080	固定板	03	钛合金	001	普通/外侧前方/灭菌
	164	164	C03110308003002	骨科材料	接骨板	锁骨接骨板	080	固定板	03	钛合金	002	普通/外侧前方/非灭菌
	165	165	C03110308003003	骨科材料	接骨板	锁骨接骨板	080	固定板	03	钛合金	003	普通/外侧上方/灭菌
	166	166	C03110308003004	骨科材料	接骨板	锁骨接骨板	080	固定板	03	钛合金	004	普通/外侧上方/非灭菌
	167	167	C03110308003005	骨科材料	接骨板	锁骨接骨板	080	固定板	03	钛合金	005	普通/中段前方/灭菌
	168	168	C03110308003006	骨科材料	接骨板	锁骨接骨板	080	固定板	03	钛合金	006	普通/中段前方/非灭菌
	169	169	C03110308003007	骨科材料	接骨板	锁骨接骨板	080	固定板	03	钛合金	007	普通/中段上方/灭菌
	170	170	C03110308003008	骨科材料	接骨板	锁骨接骨板	080	固定板	03	钛合金	008	普通/中段上方/非灭菌
	171	171	C03110308003009	骨科材料	接骨板	锁骨接骨板	080	固定板	03	钛合金	009	普通/内侧前方/灭菌
	172	172	C03110308003010	骨科材料	接骨板	锁骨接骨板	080	固定板	03	钛合金	010	普通/内侧前方/非灭菌
	173	173	C03110308003011	骨科材料	接骨板	锁骨接骨板	080	固定板	03	钛合金	011	普通/内侧上方/灭菌
	174	174	C03110308003012	骨科材料	接骨板	锁骨接骨板	080	固定板	03	钛合金	012	普通/内侧上方/非灭菌
	175	175	C03110308003013	骨科材料	接骨板	锁骨接骨板	080	固定板	03	钛合金	013	普通/内侧下方/灭菌
	176	176	C03110308003014	骨科材料	接骨板	锁骨接骨板	080	固定板	03	钛合金	014	普通/内侧下方/非灭菌
	177	177	C03110308003015	骨科材料	接骨板	锁骨接骨板	080	固定板	03	钛合金	015	普通/外侧下方/灭菌
	178	178	C03110308003016	骨科材料	接骨板	锁骨接骨板	080	固定板	03	钛合金	016	普通/外侧下方/非灭菌
	179	179	C03110308003017	骨科材料	接骨板	锁骨接骨板	080	固定板	03	钛合金	017	锁定加压/外侧前方/灭菌
	180	180	C03110308003018	骨科材料	接骨板	锁骨接骨板	080	固定板	03	钛合金	018	锁定加压/外侧前方/非灭菌
	181	181	C03110308003019	骨科材料	接骨板	锁骨接骨板	080	固定板	03	钛合金	019	锁定加压/外侧上方/灭菌
	182	182	C03110308003020	骨科材料	接骨板	锁骨接骨板	080	固定板	03	钛合金	020	锁定加压/外侧上方/非灭菌
	183	183	C03110308003021	骨科材料	接骨板	锁骨接骨板	080	固定板	03	钛合金	021	锁定加压/中段前方/灭菌
	184	184	C03110308003022	骨科材料	接骨板	锁骨接骨板	080	固定板	03	钛合金	022	锁定加压/中段前方/非灭菌
	185	185	C03110308003023	骨科材料	接骨板	锁骨接骨板	080	固定板	03	钛合金	023	锁定加压/中段上方/灭菌
	186	186	C03110308003024	骨科材料	接骨板	锁骨接骨板	080	固定板	03	钛合金	024	锁定加压/中段上方/非灭菌
	187	187	C03110308003025	骨科材料	接骨板	锁骨接骨板	080	固定板	03	钛合金	025	锁定加压/内侧前方/灭菌
	188	188	C03110308003026	骨科材料	接骨板	锁骨接骨板	080	固定板	03	钛合金	026	锁定加压/内侧前方/非灭菌
	189	189	C03110308003027	骨科材料	接骨板	锁骨接骨板	080	固定板	03	钛合金	027	锁定加压/内侧上方/灭菌
	190	190	C03110308003028	骨科材料	接骨板	锁骨接骨板	080	固定板	03	钛合金	028	锁定加压/内侧上方/非灭菌
	191	191	C03110308003029	骨科材料	接骨板	锁骨接骨板	080	固定板	03	钛合金	029	锁定加压/内侧下方/灭菌
	192	192	C03110308003030	骨科材料	接骨板	锁骨接骨板	080	固定板	03	钛合金	030	锁定加压/内侧下方/非灭菌
	193	193	C03110308003031	骨科材料	接骨板	锁骨接骨板	080	固定板	03	钛合金	031	锁定加压/外侧下方/灭菌
	194	194	C03110308003032	骨科材料	接骨板	锁骨接骨板	080	固定板	03	钛合金	032	锁定加压/外侧下方/非灭菌
	195	195	C03110308003033	骨科材料	接骨板	锁骨接骨板	080	固定板	03	钛合金	033	万向锁定加压/外侧前方/灭菌
	196	196	C03110308003034	骨科材料	接骨板	锁骨接骨板	080	固定板	03	钛合金	034	万向锁定加压/外侧前方/非灭菌
	197	197	C03110308003035	骨科材料	接骨板	锁骨接骨板	080	固定板	03	钛合金	035	万向锁定加压/外侧上方/灭菌
	198	198	C03110308003036	骨科材料	接骨板	锁骨接骨板	080	固定板	03	钛合金	036	万向锁定加压/外侧上方/非灭菌
	199	199	C03110308003037	骨科材料	接骨板	锁骨接骨板	080	固定板	03	钛合金	037	万向锁定加压/中段前方/灭菌
	200	200	C03110308003038	骨科材料	接骨板	锁骨接骨板	080	固定板	03	钛合金	038	万向锁定加压/中段前方/非灭菌
	201	201	C03110308003039	骨科材料	接骨板	锁骨接骨板	080	固定板	03	钛合金	039	万向锁定加压/中段上方/灭菌
	202	202	C03110308003040	骨科材料	接骨板	锁骨接骨板	080	固定板	03	钛合金	040	万向锁定加压/中段上方/非灭菌
	203	203	C03110308003041	骨科材料	接骨板	锁骨接骨板	080	固定板	03	钛合金	041	万向锁定加压/内侧前方/灭菌
	204	204	C03110308003042	骨科材料	接骨板	锁骨接骨板	080	固定板	03	钛合金	042	万向锁定加压/内侧前方/非灭菌
	205	205	C03110308003043	骨科材料	接骨板	锁骨接骨板	080	固定板	03	钛合金	043	万向锁定加压/内侧上方/灭菌
	206	206	C03110308003044	骨科材料	接骨板	锁骨接骨板	080	固定板	03	钛合金	044	万向锁定加压/内侧上方/非灭菌
	207	207	C03110308003045	骨科材料	接骨板	锁骨接骨板	080	固定板	03	钛合金	045	万向锁定加压/内侧下方/灭菌
	208	208	C03110308003046	骨科材料	接骨板	锁骨接骨板	080	固定板	03	钛合金	046	万向锁定加压/内侧下方/非灭菌
	209	209	C03110308003047	骨科材料	接骨板	锁骨接骨板	080	固定板	03	钛合金	047	万向锁定加压/外侧下方/灭菌
	210	210	C03110308003048	骨科材料	接骨板	锁骨接骨板	080	固定板	03	钛合金	048	万向锁定加压/外侧下方/非灭菌
	211	211	C03110408001001	骨科材料	接骨板	肱骨接骨板	080	固定板	01	不锈钢	001	普通/近端/灭菌
	212	212	C03110408001002	骨科材料	接骨板	肱骨接骨板	080	固定板	01	不锈钢	002	普通/近端/非灭菌
	213	213	C03110408001003	骨科材料	接骨板	肱骨接骨板	080	固定板	01	不锈钢	003	普通/干部/灭菌
	214	214	C03110408001004	骨科材料	接骨板	肱骨接骨板	080	固定板	01	不锈钢	004	普通/干部/非灭菌
	215	215	C03110408001005	骨科材料	接骨板	肱骨接骨板	080	固定板	01	不锈钢	005	普通/远端/灭菌
	216	216	C03110408001006	骨科材料	接骨板	肱骨接骨板	080	固定板	01	不锈钢	006	普通/远端/非灭菌
	217	217	C03110408001007	骨科材料	接骨板	肱骨接骨板	080	固定板	01	不锈钢	007	锁定加压/近端/灭菌
	218	218	C03110408001008	骨科材料	接骨板	肱骨接骨板	080	固定板	01	不锈钢	008	锁定加压/近端/非灭菌
	219	219	C03110408001009	骨科材料	接骨板	肱骨接骨板	080	固定板	01	不锈钢	009	锁定加压/干部/灭菌
	220	220	C03110408001010	骨科材料	接骨板	肱骨接骨板	080	固定板	01	不锈钢	010	锁定加压/干部/非灭菌
	221	221	C03110408001011	骨科材料	接骨板	肱骨接骨板	080	固定板	01	不锈钢	011	锁定加压/远端/灭菌
	222	222	C03110408001012	骨科材料	接骨板	肱骨接骨板	080	固定板	01	不锈钢	012	锁定加压/远端/非灭菌
	223	223	C03110408001013	骨科材料	接骨板	肱骨接骨板	080	固定板	01	不锈钢	013	万向锁定加压/近端/灭菌
	224	224	C03110408001014	骨科材料	接骨板	肱骨接骨板	080	固定板	01	不锈钢	014	万向锁定加压/近端/非灭菌
	225	225	C03110408001015	骨科材料	接骨板	肱骨接骨板	080	固定板	01	不锈钢	015	万向锁定加压/干部/灭菌
	226	226	C03110408001016	骨科材料	接骨板	肱骨接骨板	080	固定板	01	不锈钢	016	万向锁定加压/干部/非灭菌
	227	227	C03110408001017	骨科材料	接骨板	肱骨接骨板	080	固定板	01	不锈钢	017	万向锁定加压/远端/灭菌
	228	228	C03110408001018	骨科材料	接骨板	肱骨接骨板	080	固定板	01	不锈钢	018	万向锁定加压/远端/非灭菌
	229	229	C03110408002001	骨科材料	接骨板	肱骨接骨板	080	固定板	02	纯钛	001	普通/近端/灭菌
	230	230	C03110408002002	骨科材料	接骨板	肱骨接骨板	080	固定板	02	纯钛	002	普通/近端/非灭菌
	231	231	C03110408002003	骨科材料	接骨板	肱骨接骨板	080	固定板	02	纯钛	003	普通/干部/灭菌
	232	232	C03110408002004	骨科材料	接骨板	肱骨接骨板	080	固定板	02	纯钛	004	普通/干部/非灭菌
	233	233	C03110408002005	骨科材料	接骨板	肱骨接骨板	080	固定板	02	纯钛	005	普通/远端/灭菌
	234	234	C03110408002006	骨科材料	接骨板	肱骨接骨板	080	固定板	02	纯钛	006	普通/远端/非灭菌
	235	235	C03110408002007	骨科材料	接骨板	肱骨接骨板	080	固定板	02	纯钛	007	锁定加压/近端/灭菌
	236	236	C03110408002008	骨科材料	接骨板	肱骨接骨板	080	固定板	02	纯钛	008	锁定加压/近端/非灭菌
	237	237	C03110408002009	骨科材料	接骨板	肱骨接骨板	080	固定板	02	纯钛	009	锁定加压/干部/灭菌
	238	238	C03110408002010	骨科材料	接骨板	肱骨接骨板	080	固定板	02	纯钛	010	锁定加压/干部/非灭菌
	239	239	C03110408002011	骨科材料	接骨板	肱骨接骨板	080	固定板	02	纯钛	011	锁定加压/远端/灭菌
	240	240	C03110408002012	骨科材料	接骨板	肱骨接骨板	080	固定板	02	纯钛	012	锁定加压/远端/非灭菌
	241	241	C03110408002013	骨科材料	接骨板	肱骨接骨板	080	固定板	02	纯钛	013	万向锁定加压/近端/灭菌
	242	242	C03110408002014	骨科材料	接骨板	肱骨接骨板	080	固定板	02	纯钛	014	万向锁定加压/近端/非灭菌
	243	243	C03110408002015	骨科材料	接骨板	肱骨接骨板	080	固定板	02	纯钛	015	万向锁定加压/干部/灭菌
	244	244	C03110408002016	骨科材料	接骨板	肱骨接骨板	080	固定板	02	纯钛	016	万向锁定加压/干部/非灭菌
	245	245	C03110408002017	骨科材料	接骨板	肱骨接骨板	080	固定板	02	纯钛	017	万向锁定加压/远端/灭菌
	246	246	C03110408002018	骨科材料	接骨板	肱骨接骨板	080	固定板	02	纯钛	018	万向锁定加压/远端/非灭菌
	247	247	C03110408003001	骨科材料	接骨板	肱骨接骨板	080	固定板	03	钛合金	001	普通/近端/灭菌
	248	248	C03110408003002	骨科材料	接骨板	肱骨接骨板	080	固定板	03	钛合金	002	普通/近端/非灭菌
	249	249	C03110408003003	骨科材料	接骨板	肱骨接骨板	080	固定板	03	钛合金	003	普通/干部/灭菌
	250	250	C03110408003004	骨科材料	接骨板	肱骨接骨板	080	固定板	03	钛合金	004	普通/干部/非灭菌
	251	251	C03110408003005	骨科材料	接骨板	肱骨接骨板	080	固定板	03	钛合金	005	普通/远端/灭菌
	252	252	C03110408003006	骨科材料	接骨板	肱骨接骨板	080	固定板	03	钛合金	006	普通/远端/非灭菌
	253	253	C03110408003007	骨科材料	接骨板	肱骨接骨板	080	固定板	03	钛合金	007	锁定加压/近端/灭菌
	254	254	C03110408003008	骨科材料	接骨板	肱骨接骨板	080	固定板	03	钛合金	008	锁定加压/近端/非灭菌
	255	255	C03110408003009	骨科材料	接骨板	肱骨接骨板	080	固定板	03	钛合金	009	锁定加压/干部/灭菌
	256	256	C03110408003010	骨科材料	接骨板	肱骨接骨板	080	固定板	03	钛合金	010	锁定加压/干部/非灭菌
	257	257	C03110408003011	骨科材料	接骨板	肱骨接骨板	080	固定板	03	钛合金	011	锁定加压/远端/灭菌
	258	258	C03110408003012	骨科材料	接骨板	肱骨接骨板	080	固定板	03	钛合金	012	锁定加压/远端/非灭菌
	259	259	C03110408003013	骨科材料	接骨板	肱骨接骨板	080	固定板	03	钛合金	013	万向锁定加压/近端/灭菌
	260	260	C03110408003014	骨科材料	接骨板	肱骨接骨板	080	固定板	03	钛合金	014	万向锁定加压/近端/非灭菌
	261	261	C03110408003015	骨科材料	接骨板	肱骨接骨板	080	固定板	03	钛合金	015	万向锁定加压/干部/灭菌
	262	262	C03110408003016	骨科材料	接骨板	肱骨接骨板	080	固定板	03	钛合金	016	万向锁定加压/干部/非灭菌
	263	263	C03110408003017	骨科材料	接骨板	肱骨接骨板	080	固定板	03	钛合金	017	万向锁定加压/远端/灭菌
	264	264	C03110408003018	骨科材料	接骨板	肱骨接骨板	080	固定板	03	钛合金	018	万向锁定加压/远端/非灭菌
	265	265	C03110508001001	骨科材料	接骨板	尺骨接骨板	080	固定板	01	不锈钢	001	普通/近端/灭菌
	266	266	C03110508001002	骨科材料	接骨板	尺骨接骨板	080	固定板	01	不锈钢	002	普通/近端/非灭菌
	267	267	C03110508001003	骨科材料	接骨板	尺骨接骨板	080	固定板	01	不锈钢	003	普通/干部/灭菌
	268	268	C03110508001004	骨科材料	接骨板	尺骨接骨板	080	固定板	01	不锈钢	004	普通/干部/非灭菌
	269	269	C03110508001005	骨科材料	接骨板	尺骨接骨板	080	固定板	01	不锈钢	005	普通/远端/灭菌
	270	270	C03110508001006	骨科材料	接骨板	尺骨接骨板	080	固定板	01	不锈钢	006	普通/远端/非灭菌
	271	271	C03110508001007	骨科材料	接骨板	尺骨接骨板	080	固定板	01	不锈钢	007	锁定加压/近端/灭菌
	272	272	C03110508001008	骨科材料	接骨板	尺骨接骨板	080	固定板	01	不锈钢	008	锁定加压/近端/非灭菌
	273	273	C03110508001009	骨科材料	接骨板	尺骨接骨板	080	固定板	01	不锈钢	009	锁定加压/干部/灭菌
	274	274	C03110508001010	骨科材料	接骨板	尺骨接骨板	080	固定板	01	不锈钢	010	锁定加压/干部/非灭菌
	275	275	C03110508001011	骨科材料	接骨板	尺骨接骨板	080	固定板	01	不锈钢	011	锁定加压/远端/灭菌
	276	276	C03110508001012	骨科材料	接骨板	尺骨接骨板	080	固定板	01	不锈钢	012	锁定加压/远端/非灭菌
	277	277	C03110508001013	骨科材料	接骨板	尺骨接骨板	080	固定板	01	不锈钢	013	万向锁定加压/近端/灭菌
	278	278	C03110508001014	骨科材料	接骨板	尺骨接骨板	080	固定板	01	不锈钢	014	万向锁定加压/近端/非灭菌
	279	279	C03110508001015	骨科材料	接骨板	尺骨接骨板	080	固定板	01	不锈钢	015	万向锁定加压/干部/灭菌
	280	280	C03110508001016	骨科材料	接骨板	尺骨接骨板	080	固定板	01	不锈钢	016	万向锁定加压/干部/非灭菌
	281	281	C03110508001017	骨科材料	接骨板	尺骨接骨板	080	固定板	01	不锈钢	017	万向锁定加压/远端/灭菌
	282	282	C03110508001018	骨科材料	接骨板	尺骨接骨板	080	固定板	01	不锈钢	018	万向锁定加压/远端/非灭菌
	283	283	C03110508002001	骨科材料	接骨板	尺骨接骨板	080	固定板	02	纯钛	001	普通/近端/灭菌
	284	284	C03110508002002	骨科材料	接骨板	尺骨接骨板	080	固定板	02	纯钛	002	普通/近端/非灭菌
	285	285	C03110508002003	骨科材料	接骨板	尺骨接骨板	080	固定板	02	纯钛	003	普通/干部/灭菌
	286	286	C03110508002004	骨科材料	接骨板	尺骨接骨板	080	固定板	02	纯钛	004	普通/干部/非灭菌
	287	287	C03110508002005	骨科材料	接骨板	尺骨接骨板	080	固定板	02	纯钛	005	普通/远端/灭菌
	288	288	C03110508002006	骨科材料	接骨板	尺骨接骨板	080	固定板	02	纯钛	006	普通/远端/非灭菌
	289	289	C03110508002007	骨科材料	接骨板	尺骨接骨板	080	固定板	02	纯钛	007	锁定加压/近端/灭菌
	290	290	C03110508002008	骨科材料	接骨板	尺骨接骨板	080	固定板	02	纯钛	008	锁定加压/近端/非灭菌
	291	291	C03110508002009	骨科材料	接骨板	尺骨接骨板	080	固定板	02	纯钛	009	锁定加压/干部/灭菌
	292	292	C03110508002010	骨科材料	接骨板	尺骨接骨板	080	固定板	02	纯钛	010	锁定加压/干部/非灭菌
	293	293	C03110508002011	骨科材料	接骨板	尺骨接骨板	080	固定板	02	纯钛	011	锁定加压/远端/灭菌
	294	294	C03110508002012	骨科材料	接骨板	尺骨接骨板	080	固定板	02	纯钛	012	锁定加压/远端/非灭菌
	295	295	C03110508002013	骨科材料	接骨板	尺骨接骨板	080	固定板	02	纯钛	013	万向锁定加压/近端/灭菌
	296	296	C03110508002014	骨科材料	接骨板	尺骨接骨板	080	固定板	02	纯钛	014	万向锁定加压/近端/非灭菌
	297	297	C03110508002015	骨科材料	接骨板	尺骨接骨板	080	固定板	02	纯钛	015	万向锁定加压/干部/灭菌
	298	298	C03110508002016	骨科材料	接骨板	尺骨接骨板	080	固定板	02	纯钛	016	万向锁定加压/干部/非灭菌
	299	299	C03110508002017	骨科材料	接骨板	尺骨接骨板	080	固定板	02	纯钛	017	万向锁定加压/远端/灭菌
	300	300	C03110508002018	骨科材料	接骨板	尺骨接骨板	080	固定板	02	纯钛	018	万向锁定加压/远端/非灭菌
	301	301	C03110508003001	骨科材料	接骨板	尺骨接骨板	080	固定板	03	钛合金	001	普通/近端/灭菌
	302	302	C03110508003002	骨科材料	接骨板	尺骨接骨板	080	固定板	03	钛合金	002	普通/近端/非灭菌
	303	303	C03110508003003	骨科材料	接骨板	尺骨接骨板	080	固定板	03	钛合金	003	普通/干部/灭菌
	304	304	C03110508003004	骨科材料	接骨板	尺骨接骨板	080	固定板	03	钛合金	004	普通/干部/非灭菌
	305	305	C03110508003005	骨科材料	接骨板	尺骨接骨板	080	固定板	03	钛合金	005	普通/远端/灭菌
	306	306	C03110508003006	骨科材料	接骨板	尺骨接骨板	080	固定板	03	钛合金	006	普通/远端/非灭菌
	307	307	C03110508003007	骨科材料	接骨板	尺骨接骨板	080	固定板	03	钛合金	007	锁定加压/近端/灭菌
	308	308	C03110508003008	骨科材料	接骨板	尺骨接骨板	080	固定板	03	钛合金	008	锁定加压/近端/非灭菌
	309	309	C03110508003009	骨科材料	接骨板	尺骨接骨板	080	固定板	03	钛合金	009	锁定加压/干部/灭菌
	310	310	C03110508003010	骨科材料	接骨板	尺骨接骨板	080	固定板	03	钛合金	010	锁定加压/干部/非灭菌
	311	311	C03110508003011	骨科材料	接骨板	尺骨接骨板	080	固定板	03	钛合金	011	锁定加压/远端/灭菌
	312	312	C03110508003012	骨科材料	接骨板	尺骨接骨板	080	固定板	03	钛合金	012	锁定加压/远端/非灭菌
	313	313	C03110508003013	骨科材料	接骨板	尺骨接骨板	080	固定板	03	钛合金	013	万向锁定加压/近端/灭菌
	314	314	C03110508003014	骨科材料	接骨板	尺骨接骨板	080	固定板	03	钛合金	014	万向锁定加压/近端/非灭菌
	315	315	C03110508003015	骨科材料	接骨板	尺骨接骨板	080	固定板	03	钛合金	015	万向锁定加压/干部/灭菌
	316	316	C03110508003016	骨科材料	接骨板	尺骨接骨板	080	固定板	03	钛合金	016	万向锁定加压/干部/非灭菌
	317	317	C03110508003017	骨科材料	接骨板	尺骨接骨板	080	固定板	03	钛合金	017	万向锁定加压/远端/灭菌
	318	318	C03110508003018	骨科材料	接骨板	尺骨接骨板	080	固定板	03	钛合金	018	万向锁定加压/远端/非灭菌
	319	319	C03110608001001	骨科材料	接骨板	桡骨接骨板	080	固定板	01	不锈钢	001	普通/近端/灭菌
	320	320	C03110608001002	骨科材料	接骨板	桡骨接骨板	080	固定板	01	不锈钢	002	普通/近端/非灭菌
	321	321	C03110608001003	骨科材料	接骨板	桡骨接骨板	080	固定板	01	不锈钢	003	普通/干部/灭菌
	322	322	C03110608001004	骨科材料	接骨板	桡骨接骨板	080	固定板	01	不锈钢	004	普通/干部/非灭菌
	323	323	C03110608001005	骨科材料	接骨板	桡骨接骨板	080	固定板	01	不锈钢	005	普通/远端/灭菌
	324	324	C03110608001006	骨科材料	接骨板	桡骨接骨板	080	固定板	01	不锈钢	006	普通/远端/非灭菌
	325	325	C03110608001007	骨科材料	接骨板	桡骨接骨板	080	固定板	01	不锈钢	007	锁定加压/近端/灭菌
	326	326	C03110608001008	骨科材料	接骨板	桡骨接骨板	080	固定板	01	不锈钢	008	锁定加压/近端/非灭菌
	327	327	C03110608001009	骨科材料	接骨板	桡骨接骨板	080	固定板	01	不锈钢	009	锁定加压/干部/灭菌
	328	328	C03110608001010	骨科材料	接骨板	桡骨接骨板	080	固定板	01	不锈钢	010	锁定加压/干部/非灭菌
	329	329	C03110608001011	骨科材料	接骨板	桡骨接骨板	080	固定板	01	不锈钢	011	锁定加压/远端/灭菌
	330	330	C03110608001012	骨科材料	接骨板	桡骨接骨板	080	固定板	01	不锈钢	012	锁定加压/远端/非灭菌
	331	331	C03110608001013	骨科材料	接骨板	桡骨接骨板	080	固定板	01	不锈钢	013	万向锁定加压/近端/灭菌
	332	332	C03110608001014	骨科材料	接骨板	桡骨接骨板	080	固定板	01	不锈钢	014	万向锁定加压/近端/非灭菌
	333	333	C03110608001015	骨科材料	接骨板	桡骨接骨板	080	固定板	01	不锈钢	015	万向锁定加压/干部/灭菌
	334	334	C03110608001016	骨科材料	接骨板	桡骨接骨板	080	固定板	01	不锈钢	016	万向锁定加压/干部/非灭菌
	335	335	C03110608001017	骨科材料	接骨板	桡骨接骨板	080	固定板	01	不锈钢	017	万向锁定加压/远端/灭菌
	336	336	C03110608001018	骨科材料	接骨板	桡骨接骨板	080	固定板	01	不锈钢	018	万向锁定加压/远端/非灭菌
	337	337	C03110608002001	骨科材料	接骨板	桡骨接骨板	080	固定板	02	纯钛	001	普通/近端/灭菌
	338	338	C03110608002002	骨科材料	接骨板	桡骨接骨板	080	固定板	02	纯钛	002	普通/近端/非灭菌
	339	339	C03110608002003	骨科材料	接骨板	桡骨接骨板	080	固定板	02	纯钛	003	普通/干部/灭菌
	340	340	C03110608002004	骨科材料	接骨板	桡骨接骨板	080	固定板	02	纯钛	004	普通/干部/非灭菌
	341	341	C03110608002005	骨科材料	接骨板	桡骨接骨板	080	固定板	02	纯钛	005	普通/远端/灭菌
	342	342	C03110608002006	骨科材料	接骨板	桡骨接骨板	080	固定板	02	纯钛	006	普通/远端/非灭菌
	343	343	C03110608002007	骨科材料	接骨板	桡骨接骨板	080	固定板	02	纯钛	007	锁定加压/近端/灭菌
	344	344	C03110608002008	骨科材料	接骨板	桡骨接骨板	080	固定板	02	纯钛	008	锁定加压/近端/非灭菌
	345	345	C03110608002009	骨科材料	接骨板	桡骨接骨板	080	固定板	02	纯钛	009	锁定加压/干部/灭菌
	346	346	C03110608002010	骨科材料	接骨板	桡骨接骨板	080	固定板	02	纯钛	010	锁定加压/干部/非灭菌
	347	347	C03110608002011	骨科材料	接骨板	桡骨接骨板	080	固定板	02	纯钛	011	锁定加压/远端/灭菌
	348	348	C03110608002012	骨科材料	接骨板	桡骨接骨板	080	固定板	02	纯钛	012	锁定加压/远端/非灭菌
	349	349	C03110608002013	骨科材料	接骨板	桡骨接骨板	080	固定板	02	纯钛	013	万向锁定加压/近端/灭菌
	350	350	C03110608002014	骨科材料	接骨板	桡骨接骨板	080	固定板	02	纯钛	014	万向锁定加压/近端/非灭菌
	351	351	C03110608002015	骨科材料	接骨板	桡骨接骨板	080	固定板	02	纯钛	015	万向锁定加压/干部/灭菌
	352	352	C03110608002016	骨科材料	接骨板	桡骨接骨板	080	固定板	02	纯钛	016	万向锁定加压/干部/非灭菌
	353	353	C03110608002017	骨科材料	接骨板	桡骨接骨板	080	固定板	02	纯钛	017	万向锁定加压/远端/灭菌
	354	354	C03110608002018	骨科材料	接骨板	桡骨接骨板	080	固定板	02	纯钛	018	万向锁定加压/远端/非灭菌
	355	355	C03110608003001	骨科材料	接骨板	桡骨接骨板	080	固定板	03	钛合金	001	普通/近端/灭菌
	356	356	C03110608003002	骨科材料	接骨板	桡骨接骨板	080	固定板	03	钛合金	002	普通/近端/非灭菌
	357	357	C03110608003003	骨科材料	接骨板	桡骨接骨板	080	固定板	03	钛合金	003	普通/干部/灭菌
	358	358	C03110608003004	骨科材料	接骨板	桡骨接骨板	080	固定板	03	钛合金	004	普通/干部/非灭菌
	359	359	C03110608003005	骨科材料	接骨板	桡骨接骨板	080	固定板	03	钛合金	005	普通/远端/灭菌
	360	360	C03110608003006	骨科材料	接骨板	桡骨接骨板	080	固定板	03	钛合金	006	普通/远端/非灭菌
	361	361	C03110608003007	骨科材料	接骨板	桡骨接骨板	080	固定板	03	钛合金	007	锁定加压/近端/灭菌
	362	362	C03110608003008	骨科材料	接骨板	桡骨接骨板	080	固定板	03	钛合金	008	锁定加压/近端/非灭菌
	363	363	C03110608003009	骨科材料	接骨板	桡骨接骨板	080	固定板	03	钛合金	009	锁定加压/干部/灭菌
	364	364	C03110608003010	骨科材料	接骨板	桡骨接骨板	080	固定板	03	钛合金	010	锁定加压/干部/非灭菌
	365	365	C03110608003011	骨科材料	接骨板	桡骨接骨板	080	固定板	03	钛合金	011	锁定加压/远端/灭菌
	366	366	C03110608003012	骨科材料	接骨板	桡骨接骨板	080	固定板	03	钛合金	012	锁定加压/远端/非灭菌
	367	367	C03110608003013	骨科材料	接骨板	桡骨接骨板	080	固定板	03	钛合金	013	万向锁定加压/近端/灭菌
	368	368	C03110608003014	骨科材料	接骨板	桡骨接骨板	080	固定板	03	钛合金	014	万向锁定加压/近端/非灭菌
	369	369	C03110608003015	骨科材料	接骨板	桡骨接骨板	080	固定板	03	钛合金	015	万向锁定加压/干部/灭菌
	370	370	C03110608003016	骨科材料	接骨板	桡骨接骨板	080	固定板	03	钛合金	016	万向锁定加压/干部/非灭菌
	371	371	C03110608003017	骨科材料	接骨板	桡骨接骨板	080	固定板	03	钛合金	017	万向锁定加压/远端/灭菌
	372	372	C03110608003018	骨科材料	接骨板	桡骨接骨板	080	固定板	03	钛合金	018	万向锁定加压/远端/非灭菌
	373	373	C03110708001001	骨科材料	接骨板	手部接骨板	080	固定板	01	不锈钢	001	普通/腕骨/灭菌
	374	374	C03110708001002	骨科材料	接骨板	手部接骨板	080	固定板	01	不锈钢	002	普通/腕骨/非灭菌
	375	375	C03110708001003	骨科材料	接骨板	手部接骨板	080	固定板	01	不锈钢	003	普通/掌骨头部/灭菌
	376	376	C03110708001004	骨科材料	接骨板	手部接骨板	080	固定板	01	不锈钢	004	普通/掌骨头部/非灭菌
	377	377	C03110708001005	骨科材料	接骨板	手部接骨板	080	固定板	01	不锈钢	005	普通/掌骨干部/灭菌
	378	378	C03110708001006	骨科材料	接骨板	手部接骨板	080	固定板	01	不锈钢	006	普通/掌骨干部/非灭菌
	379	379	C03110708001007	骨科材料	接骨板	手部接骨板	080	固定板	01	不锈钢	007	普通/掌骨基底部/灭菌
	380	380	C03110708001008	骨科材料	接骨板	手部接骨板	080	固定板	01	不锈钢	008	普通/掌骨基底部/非灭菌
	381	381	C03110708001009	骨科材料	接骨板	手部接骨板	080	固定板	01	不锈钢	009	普通/指骨头部/灭菌
	382	382	C03110708001010	骨科材料	接骨板	手部接骨板	080	固定板	01	不锈钢	010	普通/指骨头部/非灭菌
	383	383	C03110708001011	骨科材料	接骨板	手部接骨板	080	固定板	01	不锈钢	011	普通/指骨干部/灭菌
	384	384	C03110708001012	骨科材料	接骨板	手部接骨板	080	固定板	01	不锈钢	012	普通/指骨干部/非灭菌
	385	385	C03110708001013	骨科材料	接骨板	手部接骨板	080	固定板	01	不锈钢	013	普通/指骨基底部/灭菌
	386	386	C03110708001014	骨科材料	接骨板	手部接骨板	080	固定板	01	不锈钢	014	普通/指骨基底部/非灭菌
	387	387	C03110708001015	骨科材料	接骨板	手部接骨板	080	固定板	01	不锈钢	015	锁定加压/腕骨/灭菌
	388	388	C03110708001016	骨科材料	接骨板	手部接骨板	080	固定板	01	不锈钢	016	锁定加压/腕骨/非灭菌
	389	389	C03110708001017	骨科材料	接骨板	手部接骨板	080	固定板	01	不锈钢	017	锁定加压/掌骨头部/灭菌
	390	390	C03110708001018	骨科材料	接骨板	手部接骨板	080	固定板	01	不锈钢	018	锁定加压/掌骨头部/非灭菌
	391	391	C03110708001019	骨科材料	接骨板	手部接骨板	080	固定板	01	不锈钢	019	锁定加压/掌骨干部/灭菌
	392	392	C03110708001020	骨科材料	接骨板	手部接骨板	080	固定板	01	不锈钢	020	锁定加压/掌骨干部/非灭菌
	393	393	C03110708001021	骨科材料	接骨板	手部接骨板	080	固定板	01	不锈钢	021	锁定加压/掌骨基底部/灭菌
	394	394	C03110708001022	骨科材料	接骨板	手部接骨板	080	固定板	01	不锈钢	022	锁定加压/掌骨基底部/非灭菌
	395	395	C03110708001023	骨科材料	接骨板	手部接骨板	080	固定板	01	不锈钢	023	锁定加压/指骨头部/灭菌
	396	396	C03110708001024	骨科材料	接骨板	手部接骨板	080	固定板	01	不锈钢	024	锁定加压/指骨头部/非灭菌
	397	397	C03110708001025	骨科材料	接骨板	手部接骨板	080	固定板	01	不锈钢	025	锁定加压/指骨干部/灭菌
	398	398	C03110708001026	骨科材料	接骨板	手部接骨板	080	固定板	01	不锈钢	026	锁定加压/指骨干部/非灭菌
	399	399	C03110708001027	骨科材料	接骨板	手部接骨板	080	固定板	01	不锈钢	027	锁定加压/指骨基底部/灭菌
	400	400	C03110708001028	骨科材料	接骨板	手部接骨板	080	固定板	01	不锈钢	028	锁定加压/指骨基底部/非灭菌
	401	401	C03110708001029	骨科材料	接骨板	手部接骨板	080	固定板	01	不锈钢	029	万向锁定加压/腕骨/灭菌
	402	402	C03110708001030	骨科材料	接骨板	手部接骨板	080	固定板	01	不锈钢	030	万向锁定加压/腕骨/非灭菌
	403	403	C03110708001031	骨科材料	接骨板	手部接骨板	080	固定板	01	不锈钢	031	万向锁定加压/掌骨头部/灭菌
	404	404	C03110708001032	骨科材料	接骨板	手部接骨板	080	固定板	01	不锈钢	032	万向锁定加压/掌骨头部/非灭菌
	405	405	C03110708001033	骨科材料	接骨板	手部接骨板	080	固定板	01	不锈钢	033	万向锁定加压/掌骨干部/灭菌
	406	406	C03110708001034	骨科材料	接骨板	手部接骨板	080	固定板	01	不锈钢	034	万向锁定加压/掌骨干部/非灭菌
	407	407	C03110708001035	骨科材料	接骨板	手部接骨板	080	固定板	01	不锈钢	035	万向锁定加压/掌骨基底部/灭菌
	408	408	C03110708001036	骨科材料	接骨板	手部接骨板	080	固定板	01	不锈钢	036	万向锁定加压/掌骨基底部/非灭菌
	409	409	C03110708001037	骨科材料	接骨板	手部接骨板	080	固定板	01	不锈钢	037	万向锁定加压/指骨头部/灭菌
	410	410	C03110708001038	骨科材料	接骨板	手部接骨板	080	固定板	01	不锈钢	038	万向锁定加压/指骨头部/非灭菌
	411	411	C03110708001039	骨科材料	接骨板	手部接骨板	080	固定板	01	不锈钢	039	万向锁定加压/指骨干部/灭菌
	412	412	C03110708001040	骨科材料	接骨板	手部接骨板	080	固定板	01	不锈钢	040	万向锁定加压/指骨干部/非灭菌
	413	413	C03110708001041	骨科材料	接骨板	手部接骨板	080	固定板	01	不锈钢	041	万向锁定加压/指骨基底部/灭菌
	414	414	C03110708001042	骨科材料	接骨板	手部接骨板	080	固定板	01	不锈钢	042	万向锁定加压/指骨基底部/非灭菌
	415	415	C03110708002001	骨科材料	接骨板	手部接骨板	080	固定板	02	纯钛	001	普通/腕骨/灭菌
	416	416	C03110708002002	骨科材料	接骨板	手部接骨板	080	固定板	02	纯钛	002	普通/腕骨/非灭菌
	417	417	C03110708002003	骨科材料	接骨板	手部接骨板	080	固定板	02	纯钛	003	普通/掌骨头部/灭菌
	418	418	C03110708002004	骨科材料	接骨板	手部接骨板	080	固定板	02	纯钛	004	普通/掌骨头部/非灭菌
	419	419	C03110708002005	骨科材料	接骨板	手部接骨板	080	固定板	02	纯钛	005	普通/掌骨干部/灭菌
	420	420	C03110708002006	骨科材料	接骨板	手部接骨板	080	固定板	02	纯钛	006	普通/掌骨干部/非灭菌
	421	421	C03110708002007	骨科材料	接骨板	手部接骨板	080	固定板	02	纯钛	007	普通/掌骨基底部/灭菌
	422	422	C03110708002008	骨科材料	接骨板	手部接骨板	080	固定板	02	纯钛	008	普通/掌骨基底部/非灭菌
	423	423	C03110708002009	骨科材料	接骨板	手部接骨板	080	固定板	02	纯钛	009	普通/指骨头部/灭菌
	424	424	C03110708002010	骨科材料	接骨板	手部接骨板	080	固定板	02	纯钛	010	普通/指骨头部/非灭菌
	425	425	C03110708002011	骨科材料	接骨板	手部接骨板	080	固定板	02	纯钛	011	普通/指骨干部/灭菌
	426	426	C03110708002012	骨科材料	接骨板	手部接骨板	080	固定板	02	纯钛	012	普通/指骨干部/非灭菌
	427	427	C03110708002013	骨科材料	接骨板	手部接骨板	080	固定板	02	纯钛	013	普通/指骨基底部/灭菌
	428	428	C03110708002014	骨科材料	接骨板	手部接骨板	080	固定板	02	纯钛	014	普通/指骨基底部/非灭菌
	429	429	C03110708002015	骨科材料	接骨板	手部接骨板	080	固定板	02	纯钛	015	锁定加压/腕骨/灭菌
	430	430	C03110708002016	骨科材料	接骨板	手部接骨板	080	固定板	02	纯钛	016	锁定加压/腕骨/非灭菌
	431	431	C03110708002017	骨科材料	接骨板	手部接骨板	080	固定板	02	纯钛	017	锁定加压/掌骨头部/灭菌
	432	432	C03110708002018	骨科材料	接骨板	手部接骨板	080	固定板	02	纯钛	018	锁定加压/掌骨头部/非灭菌
	433	433	C03110708002019	骨科材料	接骨板	手部接骨板	080	固定板	02	纯钛	019	锁定加压/掌骨干部/灭菌
	434	434	C03110708002020	骨科材料	接骨板	手部接骨板	080	固定板	02	纯钛	020	锁定加压/掌骨干部/非灭菌
	435	435	C03110708002021	骨科材料	接骨板	手部接骨板	080	固定板	02	纯钛	021	锁定加压/掌骨基底部/灭菌
	436	436	C03110708002022	骨科材料	接骨板	手部接骨板	080	固定板	02	纯钛	022	锁定加压/掌骨基底部/非灭菌
	437	437	C03110708002023	骨科材料	接骨板	手部接骨板	080	固定板	02	纯钛	023	锁定加压/指骨头部/灭菌
	438	438	C03110708002024	骨科材料	接骨板	手部接骨板	080	固定板	02	纯钛	024	锁定加压/指骨头部/非灭菌
	439	439	C03110708002025	骨科材料	接骨板	手部接骨板	080	固定板	02	纯钛	025	锁定加压/指骨干部/灭菌
	440	440	C03110708002026	骨科材料	接骨板	手部接骨板	080	固定板	02	纯钛	026	锁定加压/指骨干部/非灭菌
	441	441	C03110708002027	骨科材料	接骨板	手部接骨板	080	固定板	02	纯钛	027	锁定加压/指骨基底部/灭菌
	442	442	C03110708002028	骨科材料	接骨板	手部接骨板	080	固定板	02	纯钛	028	锁定加压/指骨基底部/非灭菌
	443	443	C03110708002029	骨科材料	接骨板	手部接骨板	080	固定板	02	纯钛	029	万向锁定加压/腕骨/灭菌
	444	444	C03110708002030	骨科材料	接骨板	手部接骨板	080	固定板	02	纯钛	030	万向锁定加压/腕骨/非灭菌
	445	445	C03110708002031	骨科材料	接骨板	手部接骨板	080	固定板	02	纯钛	031	万向锁定加压/掌骨头部/灭菌
	446	446	C03110708002032	骨科材料	接骨板	手部接骨板	080	固定板	02	纯钛	032	万向锁定加压/掌骨头部/非灭菌
	447	447	C03110708002033	骨科材料	接骨板	手部接骨板	080	固定板	02	纯钛	033	万向锁定加压/掌骨干部/灭菌
	448	448	C03110708002034	骨科材料	接骨板	手部接骨板	080	固定板	02	纯钛	034	万向锁定加压/掌骨干部/非灭菌
	449	449	C03110708002035	骨科材料	接骨板	手部接骨板	080	固定板	02	纯钛	035	万向锁定加压/掌骨基底部/灭菌
	450	450	C03110708002036	骨科材料	接骨板	手部接骨板	080	固定板	02	纯钛	036	万向锁定加压/掌骨基底部/非灭菌
	451	451	C03110708002037	骨科材料	接骨板	手部接骨板	080	固定板	02	纯钛	037	万向锁定加压/指骨头部/灭菌
	452	452	C03110708002038	骨科材料	接骨板	手部接骨板	080	固定板	02	纯钛	038	万向锁定加压/指骨头部/非灭菌
	453	453	C03110708002039	骨科材料	接骨板	手部接骨板	080	固定板	02	纯钛	039	万向锁定加压/指骨干部/灭菌
	454	454	C03110708002040	骨科材料	接骨板	手部接骨板	080	固定板	02	纯钛	040	万向锁定加压/指骨干部/非灭菌
	455	455	C03110708002041	骨科材料	接骨板	手部接骨板	080	固定板	02	纯钛	041	万向锁定加压/指骨基底部/灭菌
	456	456	C03110708002042	骨科材料	接骨板	手部接骨板	080	固定板	02	纯钛	042	万向锁定加压/指骨基底部/非灭菌
	457	457	C03110708003001	骨科材料	接骨板	手部接骨板	080	固定板	03	钛合金	001	普通/腕骨/灭菌
	458	458	C03110708003002	骨科材料	接骨板	手部接骨板	080	固定板	03	钛合金	002	普通/腕骨/非灭菌
	459	459	C03110708003003	骨科材料	接骨板	手部接骨板	080	固定板	03	钛合金	003	普通/掌骨头部/灭菌
	460	460	C03110708003004	骨科材料	接骨板	手部接骨板	080	固定板	03	钛合金	004	普通/掌骨头部/非灭菌
	461	461	C03110708003005	骨科材料	接骨板	手部接骨板	080	固定板	03	钛合金	005	普通/掌骨干部/灭菌
	462	462	C03110708003006	骨科材料	接骨板	手部接骨板	080	固定板	03	钛合金	006	普通/掌骨干部/非灭菌
	463	463	C03110708003007	骨科材料	接骨板	手部接骨板	080	固定板	03	钛合金	007	普通/掌骨基底部/灭菌
	464	464	C03110708003008	骨科材料	接骨板	手部接骨板	080	固定板	03	钛合金	008	普通/掌骨基底部/非灭菌
	465	465	C03110708003009	骨科材料	接骨板	手部接骨板	080	固定板	03	钛合金	009	普通/指骨头部/灭菌
	466	466	C03110708003010	骨科材料	接骨板	手部接骨板	080	固定板	03	钛合金	010	普通/指骨头部/非灭菌
	467	467	C03110708003011	骨科材料	接骨板	手部接骨板	080	固定板	03	钛合金	011	普通/指骨干部/灭菌
	468	468	C03110708003012	骨科材料	接骨板	手部接骨板	080	固定板	03	钛合金	012	普通/指骨干部/非灭菌
	469	469	C03110708003013	骨科材料	接骨板	手部接骨板	080	固定板	03	钛合金	013	普通/指骨基底部/灭菌
	470	470	C03110708003014	骨科材料	接骨板	手部接骨板	080	固定板	03	钛合金	014	普通/指骨基底部/非灭菌
	471	471	C03110708003015	骨科材料	接骨板	手部接骨板	080	固定板	03	钛合金	015	锁定加压/腕骨/灭菌
	472	472	C03110708003016	骨科材料	接骨板	手部接骨板	080	固定板	03	钛合金	016	锁定加压/腕骨/非灭菌
	473	473	C03110708003017	骨科材料	接骨板	手部接骨板	080	固定板	03	钛合金	017	锁定加压/掌骨头部/灭菌
	474	474	C03110708003018	骨科材料	接骨板	手部接骨板	080	固定板	03	钛合金	018	锁定加压/掌骨头部/非灭菌
	475	475	C03110708003019	骨科材料	接骨板	手部接骨板	080	固定板	03	钛合金	019	锁定加压/掌骨干部/灭菌
	476	476	C03110708003020	骨科材料	接骨板	手部接骨板	080	固定板	03	钛合金	020	锁定加压/掌骨干部/非灭菌
	477	477	C03110708003021	骨科材料	接骨板	手部接骨板	080	固定板	03	钛合金	021	锁定加压/掌骨基底部/灭菌
	478	478	C03110708003022	骨科材料	接骨板	手部接骨板	080	固定板	03	钛合金	022	锁定加压/掌骨基底部/非灭菌
	479	479	C03110708003023	骨科材料	接骨板	手部接骨板	080	固定板	03	钛合金	023	锁定加压/指骨头部/灭菌
	480	480	C03110708003024	骨科材料	接骨板	手部接骨板	080	固定板	03	钛合金	024	锁定加压/指骨头部/非灭菌
	481	481	C03110708003025	骨科材料	接骨板	手部接骨板	080	固定板	03	钛合金	025	锁定加压/指骨干部/灭菌
	482	482	C03110708003026	骨科材料	接骨板	手部接骨板	080	固定板	03	钛合金	026	锁定加压/指骨干部/非灭菌
	483	483	C03110708003027	骨科材料	接骨板	手部接骨板	080	固定板	03	钛合金	027	锁定加压/指骨基底部/灭菌
	484	484	C03110708003028	骨科材料	接骨板	手部接骨板	080	固定板	03	钛合金	028	锁定加压/指骨基底部/非灭菌
	485	485	C03110708003029	骨科材料	接骨板	手部接骨板	080	固定板	03	钛合金	029	万向锁定加压/腕骨/灭菌
	486	486	C03110708003030	骨科材料	接骨板	手部接骨板	080	固定板	03	钛合金	030	万向锁定加压/腕骨/非灭菌
	487	487	C03110708003031	骨科材料	接骨板	手部接骨板	080	固定板	03	钛合金	031	万向锁定加压/掌骨头部/灭菌
	488	488	C03110708003032	骨科材料	接骨板	手部接骨板	080	固定板	03	钛合金	032	万向锁定加压/掌骨头部/非灭菌
	489	489	C03110708003033	骨科材料	接骨板	手部接骨板	080	固定板	03	钛合金	033	万向锁定加压/掌骨干部/灭菌
	490	490	C03110708003034	骨科材料	接骨板	手部接骨板	080	固定板	03	钛合金	034	万向锁定加压/掌骨干部/非灭菌
	491	491	C03110708003035	骨科材料	接骨板	手部接骨板	080	固定板	03	钛合金	035	万向锁定加压/掌骨基底部/灭菌
	492	492	C03110708003036	骨科材料	接骨板	手部接骨板	080	固定板	03	钛合金	036	万向锁定加压/掌骨基底部/非灭菌
	493	493	C03110708003037	骨科材料	接骨板	手部接骨板	080	固定板	03	钛合金	037	万向锁定加压/指骨头部/灭菌
	494	494	C03110708003038	骨科材料	接骨板	手部接骨板	080	固定板	03	钛合金	038	万向锁定加压/指骨头部/非灭菌
	495	495	C03110708003039	骨科材料	接骨板	手部接骨板	080	固定板	03	钛合金	039	万向锁定加压/指骨干部/灭菌
	496	496	C03110708003040	骨科材料	接骨板	手部接骨板	080	固定板	03	钛合金	040	万向锁定加压/指骨干部/非灭菌
	497	497	C03110708003041	骨科材料	接骨板	手部接骨板	080	固定板	03	钛合金	041	万向锁定加压/指骨基底部/灭菌
	498	498	C03110708003042	骨科材料	接骨板	手部接骨板	080	固定板	03	钛合金	042	万向锁定加压/指骨基底部/非灭菌
	499	499	C03110808001001	骨科材料	接骨板	骨盆接骨板	080	固定板	01	不锈钢	001	普通/直形/灭菌
	500	500	C03110808001002	骨科材料	接骨板	骨盆接骨板	080	固定板	01	不锈钢	002	普通/直形/非灭菌
	501	501	C03110808001003	骨科材料	接骨板	骨盆接骨板	080	固定板	01	不锈钢	003	普通/弧形/灭菌
	502	502	C03110808001004	骨科材料	接骨板	骨盆接骨板	080	固定板	01	不锈钢	004	普通/弧形/非灭菌
	503	503	C03110808001005	骨科材料	接骨板	骨盆接骨板	080	固定板	01	不锈钢	005	普通/解剖形/灭菌
	504	504	C03110808001006	骨科材料	接骨板	骨盆接骨板	080	固定板	01	不锈钢	006	普通/解剖形/非灭菌
	505	505	C03110808001007	骨科材料	接骨板	骨盆接骨板	080	固定板	01	不锈钢	007	普通/耻骨形/灭菌
	506	506	C03110808001008	骨科材料	接骨板	骨盆接骨板	080	固定板	01	不锈钢	008	普通/耻骨形/非灭菌
	507	507	C03110808001009	骨科材料	接骨板	骨盆接骨板	080	固定板	01	不锈钢	009	锁定加压/直形/灭菌
	508	508	C03110808001010	骨科材料	接骨板	骨盆接骨板	080	固定板	01	不锈钢	010	锁定加压/直形/非灭菌
	509	509	C03110808001011	骨科材料	接骨板	骨盆接骨板	080	固定板	01	不锈钢	011	锁定加压/弧形/灭菌
	510	510	C03110808001012	骨科材料	接骨板	骨盆接骨板	080	固定板	01	不锈钢	012	锁定加压/弧形/非灭菌
	511	511	C03110808001013	骨科材料	接骨板	骨盆接骨板	080	固定板	01	不锈钢	013	锁定加压/解剖形/灭菌
	512	512	C03110808001014	骨科材料	接骨板	骨盆接骨板	080	固定板	01	不锈钢	014	锁定加压/解剖形/非灭菌
	513	513	C03110808001015	骨科材料	接骨板	骨盆接骨板	080	固定板	01	不锈钢	015	锁定加压/耻骨形/灭菌
	514	514	C03110808001016	骨科材料	接骨板	骨盆接骨板	080	固定板	01	不锈钢	016	锁定加压/耻骨形/非灭菌
	515	515	C03110808001017	骨科材料	接骨板	骨盆接骨板	080	固定板	01	不锈钢	017	万向锁定加压/直形/灭菌
	516	516	C03110808001018	骨科材料	接骨板	骨盆接骨板	080	固定板	01	不锈钢	018	万向锁定加压/直形/非灭菌
	517	517	C03110808001019	骨科材料	接骨板	骨盆接骨板	080	固定板	01	不锈钢	019	万向锁定加压/弧形/灭菌
	518	518	C03110808001020	骨科材料	接骨板	骨盆接骨板	080	固定板	01	不锈钢	020	万向锁定加压/弧形/非灭菌
	519	519	C03110808001021	骨科材料	接骨板	骨盆接骨板	080	固定板	01	不锈钢	021	万向锁定加压/解剖形/灭菌
	520	520	C03110808001022	骨科材料	接骨板	骨盆接骨板	080	固定板	01	不锈钢	022	万向锁定加压/解剖形/非灭菌
	521	521	C03110808001023	骨科材料	接骨板	骨盆接骨板	080	固定板	01	不锈钢	023	万向锁定加压/耻骨形/灭菌
	522	522	C03110808001024	骨科材料	接骨板	骨盆接骨板	080	固定板	01	不锈钢	024	万向锁定加压/耻骨形/非灭菌
	523	523	C03110808002001	骨科材料	接骨板	骨盆接骨板	080	固定板	02	纯钛	001	普通/直形/灭菌
	524	524	C03110808002002	骨科材料	接骨板	骨盆接骨板	080	固定板	02	纯钛	002	普通/直形/非灭菌
	525	525	C03110808002003	骨科材料	接骨板	骨盆接骨板	080	固定板	02	纯钛	003	普通/弧形/灭菌
	526	526	C03110808002004	骨科材料	接骨板	骨盆接骨板	080	固定板	02	纯钛	004	普通/弧形/非灭菌
	527	527	C03110808002005	骨科材料	接骨板	骨盆接骨板	080	固定板	02	纯钛	005	普通/解剖形/灭菌
	528	528	C03110808002006	骨科材料	接骨板	骨盆接骨板	080	固定板	02	纯钛	006	普通/解剖形/非灭菌
	529	529	C03110808002007	骨科材料	接骨板	骨盆接骨板	080	固定板	02	纯钛	007	普通/耻骨形/灭菌
	530	530	C03110808002008	骨科材料	接骨板	骨盆接骨板	080	固定板	02	纯钛	008	普通/耻骨形/非灭菌
	531	531	C03110808002009	骨科材料	接骨板	骨盆接骨板	080	固定板	02	纯钛	009	锁定加压/直形/灭菌
	532	532	C03110808002010	骨科材料	接骨板	骨盆接骨板	080	固定板	02	纯钛	010	锁定加压/直形/非灭菌
	533	533	C03110808002011	骨科材料	接骨板	骨盆接骨板	080	固定板	02	纯钛	011	锁定加压/弧形/灭菌
	534	534	C03110808002012	骨科材料	接骨板	骨盆接骨板	080	固定板	02	纯钛	012	锁定加压/弧形/非灭菌
	535	535	C03110808002013	骨科材料	接骨板	骨盆接骨板	080	固定板	02	纯钛	013	锁定加压/解剖形/灭菌
	536	536	C03110808002014	骨科材料	接骨板	骨盆接骨板	080	固定板	02	纯钛	014	锁定加压/解剖形/非灭菌
	537	537	C03110808002015	骨科材料	接骨板	骨盆接骨板	080	固定板	02	纯钛	015	锁定加压/耻骨形/灭菌
	538	538	C03110808002016	骨科材料	接骨板	骨盆接骨板	080	固定板	02	纯钛	016	锁定加压/耻骨形/非灭菌
	539	539	C03110808002017	骨科材料	接骨板	骨盆接骨板	080	固定板	02	纯钛	017	万向锁定加压/直形/灭菌
	540	540	C03110808002018	骨科材料	接骨板	骨盆接骨板	080	固定板	02	纯钛	018	万向锁定加压/直形/非灭菌
	541	541	C03110808002019	骨科材料	接骨板	骨盆接骨板	080	固定板	02	纯钛	019	万向锁定加压/弧形/灭菌
	542	542	C03110808002020	骨科材料	接骨板	骨盆接骨板	080	固定板	02	纯钛	020	万向锁定加压/弧形/非灭菌
	543	543	C03110808002021	骨科材料	接骨板	骨盆接骨板	080	固定板	02	纯钛	021	万向锁定加压/解剖形/灭菌
	544	544	C03110808002022	骨科材料	接骨板	骨盆接骨板	080	固定板	02	纯钛	022	万向锁定加压/解剖形/非灭菌
	545	545	C03110808002023	骨科材料	接骨板	骨盆接骨板	080	固定板	02	纯钛	023	万向锁定加压/耻骨形/灭菌
	546	546	C03110808002024	骨科材料	接骨板	骨盆接骨板	080	固定板	02	纯钛	024	万向锁定加压/耻骨形/非灭菌
	547	547	C03110808003001	骨科材料	接骨板	骨盆接骨板	080	固定板	03	钛合金	001	普通/直形/灭菌
	548	548	C03110808003002	骨科材料	接骨板	骨盆接骨板	080	固定板	03	钛合金	002	普通/直形/非灭菌
	549	549	C03110808003003	骨科材料	接骨板	骨盆接骨板	080	固定板	03	钛合金	003	普通/弧形/灭菌
	550	550	C03110808003004	骨科材料	接骨板	骨盆接骨板	080	固定板	03	钛合金	004	普通/弧形/非灭菌
	551	551	C03110808003005	骨科材料	接骨板	骨盆接骨板	080	固定板	03	钛合金	005	普通/解剖形/灭菌
	552	552	C03110808003006	骨科材料	接骨板	骨盆接骨板	080	固定板	03	钛合金	006	普通/解剖形/非灭菌
	553	553	C03110808003007	骨科材料	接骨板	骨盆接骨板	080	固定板	03	钛合金	007	普通/耻骨形/灭菌
	554	554	C03110808003008	骨科材料	接骨板	骨盆接骨板	080	固定板	03	钛合金	008	普通/耻骨形/非灭菌
	555	555	C03110808003009	骨科材料	接骨板	骨盆接骨板	080	固定板	03	钛合金	009	锁定加压/直形/灭菌
	556	556	C03110808003010	骨科材料	接骨板	骨盆接骨板	080	固定板	03	钛合金	010	锁定加压/直形/非灭菌
	557	557	C03110808003011	骨科材料	接骨板	骨盆接骨板	080	固定板	03	钛合金	011	锁定加压/弧形/灭菌
	558	558	C03110808003012	骨科材料	接骨板	骨盆接骨板	080	固定板	03	钛合金	012	锁定加压/弧形/非灭菌
	559	559	C03110808003013	骨科材料	接骨板	骨盆接骨板	080	固定板	03	钛合金	013	锁定加压/解剖形/灭菌
	560	560	C03110808003014	骨科材料	接骨板	骨盆接骨板	080	固定板	03	钛合金	014	锁定加压/解剖形/非灭菌
	561	561	C03110808003015	骨科材料	接骨板	骨盆接骨板	080	固定板	03	钛合金	015	锁定加压/耻骨形/灭菌
	562	562	C03110808003016	骨科材料	接骨板	骨盆接骨板	080	固定板	03	钛合金	016	锁定加压/耻骨形/非灭菌
	563	563	C03110808003017	骨科材料	接骨板	骨盆接骨板	080	固定板	03	钛合金	017	万向锁定加压/直形/灭菌
	564	564	C03110808003018	骨科材料	接骨板	骨盆接骨板	080	固定板	03	钛合金	018	万向锁定加压/直形/非灭菌
	565	565	C03110808003019	骨科材料	接骨板	骨盆接骨板	080	固定板	03	钛合金	019	万向锁定加压/弧形/灭菌
	566	566	C03110808003020	骨科材料	接骨板	骨盆接骨板	080	固定板	03	钛合金	020	万向锁定加压/弧形/非灭菌
	567	567	C03110808003021	骨科材料	接骨板	骨盆接骨板	080	固定板	03	钛合金	021	万向锁定加压/解剖形/灭菌
	568	568	C03110808003022	骨科材料	接骨板	骨盆接骨板	080	固定板	03	钛合金	022	万向锁定加压/解剖形/非灭菌
	569	569	C03110808003023	骨科材料	接骨板	骨盆接骨板	080	固定板	03	钛合金	023	万向锁定加压/耻骨形/灭菌
	570	570	C03110808003024	骨科材料	接骨板	骨盆接骨板	080	固定板	03	钛合金	024	万向锁定加压/耻骨形/非灭菌
	571	571	C03110908001001	骨科材料	接骨板	股骨接骨板	080	固定板	01	不锈钢	001	普通/近端/灭菌
	572	572	C03110908001002	骨科材料	接骨板	股骨接骨板	080	固定板	01	不锈钢	002	普通/近端/非灭菌
	573	573	C03110908001003	骨科材料	接骨板	股骨接骨板	080	固定板	01	不锈钢	003	普通/干部/灭菌
	574	574	C03110908001004	骨科材料	接骨板	股骨接骨板	080	固定板	01	不锈钢	004	普通/干部/非灭菌
	575	575	C03110908001005	骨科材料	接骨板	股骨接骨板	080	固定板	01	不锈钢	005	普通/远端/灭菌
	576	576	C03110908001006	骨科材料	接骨板	股骨接骨板	080	固定板	01	不锈钢	006	普通/远端/非灭菌
	577	577	C03110908001007	骨科材料	接骨板	股骨接骨板	080	固定板	01	不锈钢	007	锁定加压/近端/灭菌
	578	578	C03110908001008	骨科材料	接骨板	股骨接骨板	080	固定板	01	不锈钢	008	锁定加压/近端/非灭菌
	579	579	C03110908001009	骨科材料	接骨板	股骨接骨板	080	固定板	01	不锈钢	009	锁定加压/干部/灭菌
	580	580	C03110908001010	骨科材料	接骨板	股骨接骨板	080	固定板	01	不锈钢	010	锁定加压/干部/非灭菌
	581	581	C03110908001011	骨科材料	接骨板	股骨接骨板	080	固定板	01	不锈钢	011	锁定加压/远端/灭菌
	582	582	C03110908001012	骨科材料	接骨板	股骨接骨板	080	固定板	01	不锈钢	012	锁定加压/远端/非灭菌
	583	583	C03110908001013	骨科材料	接骨板	股骨接骨板	080	固定板	01	不锈钢	013	万向锁定加压/近端/灭菌
	584	584	C03110908001014	骨科材料	接骨板	股骨接骨板	080	固定板	01	不锈钢	014	万向锁定加压/近端/非灭菌
	585	585	C03110908001015	骨科材料	接骨板	股骨接骨板	080	固定板	01	不锈钢	015	万向锁定加压/干部/灭菌
	586	586	C03110908001016	骨科材料	接骨板	股骨接骨板	080	固定板	01	不锈钢	016	万向锁定加压/干部/非灭菌
	587	587	C03110908001017	骨科材料	接骨板	股骨接骨板	080	固定板	01	不锈钢	017	万向锁定加压/远端/灭菌
	588	588	C03110908001018	骨科材料	接骨板	股骨接骨板	080	固定板	01	不锈钢	018	万向锁定加压/远端/非灭菌
	589	589	C03110908002001	骨科材料	接骨板	股骨接骨板	080	固定板	02	纯钛	001	普通/近端/灭菌
	590	590	C03110908002002	骨科材料	接骨板	股骨接骨板	080	固定板	02	纯钛	002	普通/近端/非灭菌
	591	591	C03110908002003	骨科材料	接骨板	股骨接骨板	080	固定板	02	纯钛	003	普通/干部/灭菌
	592	592	C03110908002004	骨科材料	接骨板	股骨接骨板	080	固定板	02	纯钛	004	普通/干部/非灭菌
	593	593	C03110908002005	骨科材料	接骨板	股骨接骨板	080	固定板	02	纯钛	005	普通/远端/灭菌
	594	594	C03110908002006	骨科材料	接骨板	股骨接骨板	080	固定板	02	纯钛	006	普通/远端/非灭菌
	595	595	C03110908002007	骨科材料	接骨板	股骨接骨板	080	固定板	02	纯钛	007	锁定加压/近端/灭菌
	596	596	C03110908002008	骨科材料	接骨板	股骨接骨板	080	固定板	02	纯钛	008	锁定加压/近端/非灭菌
	597	597	C03110908002009	骨科材料	接骨板	股骨接骨板	080	固定板	02	纯钛	009	锁定加压/干部/灭菌
	598	598	C03110908002010	骨科材料	接骨板	股骨接骨板	080	固定板	02	纯钛	010	锁定加压/干部/非灭菌
	599	599	C03110908002011	骨科材料	接骨板	股骨接骨板	080	固定板	02	纯钛	011	锁定加压/远端/灭菌
	600	600	C03110908002012	骨科材料	接骨板	股骨接骨板	080	固定板	02	纯钛	012	锁定加压/远端/非灭菌
	601	601	C03110908002013	骨科材料	接骨板	股骨接骨板	080	固定板	02	纯钛	013	万向锁定加压/近端/灭菌
	602	602	C03110908002014	骨科材料	接骨板	股骨接骨板	080	固定板	02	纯钛	014	万向锁定加压/近端/非灭菌
	603	603	C03110908002015	骨科材料	接骨板	股骨接骨板	080	固定板	02	纯钛	015	万向锁定加压/干部/灭菌
	604	604	C03110908002016	骨科材料	接骨板	股骨接骨板	080	固定板	02	纯钛	016	万向锁定加压/干部/非灭菌
	605	605	C03110908002017	骨科材料	接骨板	股骨接骨板	080	固定板	02	纯钛	017	万向锁定加压/远端/灭菌
	606	606	C03110908002018	骨科材料	接骨板	股骨接骨板	080	固定板	02	纯钛	018	万向锁定加压/远端/非灭菌
	607	607	C03110908003001	骨科材料	接骨板	股骨接骨板	080	固定板	03	钛合金	001	普通/近端/灭菌
	608	608	C03110908003002	骨科材料	接骨板	股骨接骨板	080	固定板	03	钛合金	002	普通/近端/非灭菌
	609	609	C03110908003003	骨科材料	接骨板	股骨接骨板	080	固定板	03	钛合金	003	普通/干部/灭菌
	610	610	C03110908003004	骨科材料	接骨板	股骨接骨板	080	固定板	03	钛合金	004	普通/干部/非灭菌
	611	611	C03110908003005	骨科材料	接骨板	股骨接骨板	080	固定板	03	钛合金	005	普通/远端/灭菌
	612	612	C03110908003006	骨科材料	接骨板	股骨接骨板	080	固定板	03	钛合金	006	普通/远端/非灭菌
	613	613	C03110908003007	骨科材料	接骨板	股骨接骨板	080	固定板	03	钛合金	007	锁定加压/近端/灭菌
	614	614	C03110908003008	骨科材料	接骨板	股骨接骨板	080	固定板	03	钛合金	008	锁定加压/近端/非灭菌
	615	615	C03110908003009	骨科材料	接骨板	股骨接骨板	080	固定板	03	钛合金	009	锁定加压/干部/灭菌
	616	616	C03110908003010	骨科材料	接骨板	股骨接骨板	080	固定板	03	钛合金	010	锁定加压/干部/非灭菌
	617	617	C03110908003011	骨科材料	接骨板	股骨接骨板	080	固定板	03	钛合金	011	锁定加压/远端/灭菌
	618	618	C03110908003012	骨科材料	接骨板	股骨接骨板	080	固定板	03	钛合金	012	锁定加压/远端/非灭菌
	619	619	C03110908003013	骨科材料	接骨板	股骨接骨板	080	固定板	03	钛合金	013	万向锁定加压/近端/灭菌
	620	620	C03110908003014	骨科材料	接骨板	股骨接骨板	080	固定板	03	钛合金	014	万向锁定加压/近端/非灭菌
	621	621	C03110908003015	骨科材料	接骨板	股骨接骨板	080	固定板	03	钛合金	015	万向锁定加压/干部/灭菌
	622	622	C03110908003016	骨科材料	接骨板	股骨接骨板	080	固定板	03	钛合金	016	万向锁定加压/干部/非灭菌
	623	623	C03110908003017	骨科材料	接骨板	股骨接骨板	080	固定板	03	钛合金	017	万向锁定加压/远端/灭菌
	624	624	C03110908003018	骨科材料	接骨板	股骨接骨板	080	固定板	03	钛合金	018	万向锁定加压/远端/非灭菌
	625	625	C03111008001001	骨科材料	接骨板	髌骨接骨板	080	固定板	01	不锈钢	001	普通/灭菌
	626	626	C03111008001002	骨科材料	接骨板	髌骨接骨板	080	固定板	01	不锈钢	002	普通/非灭菌
	627	627	C03111008001003	骨科材料	接骨板	髌骨接骨板	080	固定板	01	不锈钢	003	锁定加压/灭菌
	628	628	C03111008001004	骨科材料	接骨板	髌骨接骨板	080	固定板	01	不锈钢	004	锁定加压/非灭菌
	629	629	C03111008001005	骨科材料	接骨板	髌骨接骨板	080	固定板	01	不锈钢	005	万向锁定加压/灭菌
	630	630	C03111008001006	骨科材料	接骨板	髌骨接骨板	080	固定板	01	不锈钢	006	万向锁定加压/非灭菌
	631	631	C03111008002001	骨科材料	接骨板	髌骨接骨板	080	固定板	02	纯钛	001	普通/灭菌
	632	632	C03111008002002	骨科材料	接骨板	髌骨接骨板	080	固定板	02	纯钛	002	普通/非灭菌
	633	633	C03111008002003	骨科材料	接骨板	髌骨接骨板	080	固定板	02	纯钛	003	锁定加压/灭菌
	634	634	C03111008002004	骨科材料	接骨板	髌骨接骨板	080	固定板	02	纯钛	004	锁定加压/非灭菌
	635	635	C03111008002005	骨科材料	接骨板	髌骨接骨板	080	固定板	02	纯钛	005	万向锁定加压/灭菌
	636	636	C03111008002006	骨科材料	接骨板	髌骨接骨板	080	固定板	02	纯钛	006	万向锁定加压/非灭菌
	637	637	C03111008003001	骨科材料	接骨板	髌骨接骨板	080	固定板	03	钛合金	001	普通/灭菌
	638	638	C03111008003002	骨科材料	接骨板	髌骨接骨板	080	固定板	03	钛合金	002	普通/非灭菌
	639	639	C03111008003003	骨科材料	接骨板	髌骨接骨板	080	固定板	03	钛合金	003	锁定加压/灭菌
	640	640	C03111008003004	骨科材料	接骨板	髌骨接骨板	080	固定板	03	钛合金	004	锁定加压/非灭菌
	641	641	C03111008003005	骨科材料	接骨板	髌骨接骨板	080	固定板	03	钛合金	005	万向锁定加压/灭菌
	642	642	C03111008003006	骨科材料	接骨板	髌骨接骨板	080	固定板	03	钛合金	006	万向锁定加压/非灭菌
	643	643	C03111108001001	骨科材料	接骨板	胫骨接骨板	080	固定板	01	不锈钢	001	普通/近端/灭菌
	644	644	C03111108001002	骨科材料	接骨板	胫骨接骨板	080	固定板	01	不锈钢	002	普通/近端/非灭菌
	645	645	C03111108001003	骨科材料	接骨板	胫骨接骨板	080	固定板	01	不锈钢	003	普通/干部/灭菌
	646	646	C03111108001004	骨科材料	接骨板	胫骨接骨板	080	固定板	01	不锈钢	004	普通/干部/非灭菌
	647	647	C03111108001005	骨科材料	接骨板	胫骨接骨板	080	固定板	01	不锈钢	005	普通/远端/灭菌
	648	648	C03111108001006	骨科材料	接骨板	胫骨接骨板	080	固定板	01	不锈钢	006	普通/远端/非灭菌
	649	649	C03111108001007	骨科材料	接骨板	胫骨接骨板	080	固定板	01	不锈钢	007	锁定加压/近端/灭菌
	650	650	C03111108001008	骨科材料	接骨板	胫骨接骨板	080	固定板	01	不锈钢	008	锁定加压/近端/非灭菌
	651	651	C03111108001009	骨科材料	接骨板	胫骨接骨板	080	固定板	01	不锈钢	009	锁定加压/干部/灭菌
	652	652	C03111108001010	骨科材料	接骨板	胫骨接骨板	080	固定板	01	不锈钢	010	锁定加压/干部/非灭菌
	653	653	C03111108001011	骨科材料	接骨板	胫骨接骨板	080	固定板	01	不锈钢	011	锁定加压/远端/灭菌
	654	654	C03111108001012	骨科材料	接骨板	胫骨接骨板	080	固定板	01	不锈钢	012	锁定加压/远端/非灭菌
	655	655	C03111108001013	骨科材料	接骨板	胫骨接骨板	080	固定板	01	不锈钢	013	万向锁定加压/近端/灭菌
	656	656	C03111108001014	骨科材料	接骨板	胫骨接骨板	080	固定板	01	不锈钢	014	万向锁定加压/近端/非灭菌
	657	657	C03111108001015	骨科材料	接骨板	胫骨接骨板	080	固定板	01	不锈钢	015	万向锁定加压/干部/灭菌
	658	658	C03111108001016	骨科材料	接骨板	胫骨接骨板	080	固定板	01	不锈钢	016	万向锁定加压/干部/非灭菌
	659	659	C03111108001017	骨科材料	接骨板	胫骨接骨板	080	固定板	01	不锈钢	017	万向锁定加压/远端/灭菌
	660	660	C03111108001018	骨科材料	接骨板	胫骨接骨板	080	固定板	01	不锈钢	018	万向锁定加压/远端/非灭菌
	661	661	C03111108002001	骨科材料	接骨板	胫骨接骨板	080	固定板	02	纯钛	001	普通/近端/灭菌
	662	662	C03111108002002	骨科材料	接骨板	胫骨接骨板	080	固定板	02	纯钛	002	普通/近端/非灭菌
	663	663	C03111108002003	骨科材料	接骨板	胫骨接骨板	080	固定板	02	纯钛	003	普通/干部/灭菌
	664	664	C03111108002004	骨科材料	接骨板	胫骨接骨板	080	固定板	02	纯钛	004	普通/干部/非灭菌
	665	665	C03111108002005	骨科材料	接骨板	胫骨接骨板	080	固定板	02	纯钛	005	普通/远端/灭菌
	666	666	C03111108002006	骨科材料	接骨板	胫骨接骨板	080	固定板	02	纯钛	006	普通/远端/非灭菌
	667	667	C03111108002007	骨科材料	接骨板	胫骨接骨板	080	固定板	02	纯钛	007	锁定加压/近端/灭菌
	668	668	C03111108002008	骨科材料	接骨板	胫骨接骨板	080	固定板	02	纯钛	008	锁定加压/近端/非灭菌
	669	669	C03111108002009	骨科材料	接骨板	胫骨接骨板	080	固定板	02	纯钛	009	锁定加压/干部/灭菌
	670	670	C03111108002010	骨科材料	接骨板	胫骨接骨板	080	固定板	02	纯钛	010	锁定加压/干部/非灭菌
	671	671	C03111108002011	骨科材料	接骨板	胫骨接骨板	080	固定板	02	纯钛	011	锁定加压/远端/灭菌
	672	672	C03111108002012	骨科材料	接骨板	胫骨接骨板	080	固定板	02	纯钛	012	锁定加压/远端/非灭菌
	673	673	C03111108002013	骨科材料	接骨板	胫骨接骨板	080	固定板	02	纯钛	013	万向锁定加压/近端/灭菌
	674	674	C03111108002014	骨科材料	接骨板	胫骨接骨板	080	固定板	02	纯钛	014	万向锁定加压/近端/非灭菌
	675	675	C03111108002015	骨科材料	接骨板	胫骨接骨板	080	固定板	02	纯钛	015	万向锁定加压/干部/灭菌
	676	676	C03111108002016	骨科材料	接骨板	胫骨接骨板	080	固定板	02	纯钛	016	万向锁定加压/干部/非灭菌
	677	677	C03111108002017	骨科材料	接骨板	胫骨接骨板	080	固定板	02	纯钛	017	万向锁定加压/远端/灭菌
	678	678	C03111108002018	骨科材料	接骨板	胫骨接骨板	080	固定板	02	纯钛	018	万向锁定加压/远端/非灭菌
	679	679	C03111108003001	骨科材料	接骨板	胫骨接骨板	080	固定板	03	钛合金	001	普通/近端/灭菌
	680	680	C03111108003002	骨科材料	接骨板	胫骨接骨板	080	固定板	03	钛合金	002	普通/近端/非灭菌
	681	681	C03111108003003	骨科材料	接骨板	胫骨接骨板	080	固定板	03	钛合金	003	普通/干部/灭菌
	682	682	C03111108003004	骨科材料	接骨板	胫骨接骨板	080	固定板	03	钛合金	004	普通/干部/非灭菌
	683	683	C03111108003005	骨科材料	接骨板	胫骨接骨板	080	固定板	03	钛合金	005	普通/远端/灭菌
	684	684	C03111108003006	骨科材料	接骨板	胫骨接骨板	080	固定板	03	钛合金	006	普通/远端/非灭菌
	685	685	C03111108003007	骨科材料	接骨板	胫骨接骨板	080	固定板	03	钛合金	007	锁定加压/近端/灭菌
	686	686	C03111108003008	骨科材料	接骨板	胫骨接骨板	080	固定板	03	钛合金	008	锁定加压/近端/非灭菌
	687	687	C03111108003009	骨科材料	接骨板	胫骨接骨板	080	固定板	03	钛合金	009	锁定加压/干部/灭菌
	688	688	C03111108003010	骨科材料	接骨板	胫骨接骨板	080	固定板	03	钛合金	010	锁定加压/干部/非灭菌
	689	689	C03111108003011	骨科材料	接骨板	胫骨接骨板	080	固定板	03	钛合金	011	锁定加压/远端/灭菌
	690	690	C03111108003012	骨科材料	接骨板	胫骨接骨板	080	固定板	03	钛合金	012	锁定加压/远端/非灭菌
	691	691	C03111108003013	骨科材料	接骨板	胫骨接骨板	080	固定板	03	钛合金	013	万向锁定加压/近端/灭菌
	692	692	C03111108003014	骨科材料	接骨板	胫骨接骨板	080	固定板	03	钛合金	014	万向锁定加压/近端/非灭菌
	693	693	C03111108003015	骨科材料	接骨板	胫骨接骨板	080	固定板	03	钛合金	015	万向锁定加压/干部/灭菌
	694	694	C03111108003016	骨科材料	接骨板	胫骨接骨板	080	固定板	03	钛合金	016	万向锁定加压/干部/非灭菌
	695	695	C03111108003017	骨科材料	接骨板	胫骨接骨板	080	固定板	03	钛合金	017	万向锁定加压/远端/灭菌
	696	696	C03111108003018	骨科材料	接骨板	胫骨接骨板	080	固定板	03	钛合金	018	万向锁定加压/远端/非灭菌
	697	697	C03111208001001	骨科材料	接骨板	腓骨接骨板	080	固定板	01	不锈钢	001	普通/近端/灭菌
	698	698	C03111208001002	骨科材料	接骨板	腓骨接骨板	080	固定板	01	不锈钢	002	普通/近端/非灭菌
	699	699	C03111208001003	骨科材料	接骨板	腓骨接骨板	080	固定板	01	不锈钢	003	普通/干部/灭菌
	700	700	C03111208001004	骨科材料	接骨板	腓骨接骨板	080	固定板	01	不锈钢	004	普通/干部/非灭菌
	701	701	C03111208001005	骨科材料	接骨板	腓骨接骨板	080	固定板	01	不锈钢	005	普通/远端/灭菌
	702	702	C03111208001006	骨科材料	接骨板	腓骨接骨板	080	固定板	01	不锈钢	006	普通/远端/非灭菌
	703	703	C03111208001007	骨科材料	接骨板	腓骨接骨板	080	固定板	01	不锈钢	007	锁定加压/近端/灭菌
	704	704	C03111208001008	骨科材料	接骨板	腓骨接骨板	080	固定板	01	不锈钢	008	锁定加压/近端/非灭菌
	705	705	C03111208001009	骨科材料	接骨板	腓骨接骨板	080	固定板	01	不锈钢	009	锁定加压/干部/灭菌
	706	706	C03111208001010	骨科材料	接骨板	腓骨接骨板	080	固定板	01	不锈钢	010	锁定加压/干部/非灭菌
	707	707	C03111208001011	骨科材料	接骨板	腓骨接骨板	080	固定板	01	不锈钢	011	锁定加压/远端/灭菌
	708	708	C03111208001012	骨科材料	接骨板	腓骨接骨板	080	固定板	01	不锈钢	012	锁定加压/远端/非灭菌
	709	709	C03111208001013	骨科材料	接骨板	腓骨接骨板	080	固定板	01	不锈钢	013	万向锁定加压/近端/灭菌
	710	710	C03111208001014	骨科材料	接骨板	腓骨接骨板	080	固定板	01	不锈钢	014	万向锁定加压/近端/非灭菌
	711	711	C03111208001015	骨科材料	接骨板	腓骨接骨板	080	固定板	01	不锈钢	015	万向锁定加压/干部/灭菌
	712	712	C03111208001016	骨科材料	接骨板	腓骨接骨板	080	固定板	01	不锈钢	016	万向锁定加压/干部/非灭菌
	713	713	C03111208001017	骨科材料	接骨板	腓骨接骨板	080	固定板	01	不锈钢	017	万向锁定加压/远端/灭菌
	714	714	C03111208001018	骨科材料	接骨板	腓骨接骨板	080	固定板	01	不锈钢	018	万向锁定加压/远端/非灭菌
	715	715	C03111208002001	骨科材料	接骨板	腓骨接骨板	080	固定板	02	纯钛	001	普通/近端/灭菌
	716	716	C03111208002002	骨科材料	接骨板	腓骨接骨板	080	固定板	02	纯钛	002	普通/近端/非灭菌
	717	717	C03111208002003	骨科材料	接骨板	腓骨接骨板	080	固定板	02	纯钛	003	普通/干部/灭菌
	718	718	C03111208002004	骨科材料	接骨板	腓骨接骨板	080	固定板	02	纯钛	004	普通/干部/非灭菌
	719	719	C03111208002005	骨科材料	接骨板	腓骨接骨板	080	固定板	02	纯钛	005	普通/远端/灭菌
	720	720	C03111208002006	骨科材料	接骨板	腓骨接骨板	080	固定板	02	纯钛	006	普通/远端/非灭菌
	721	721	C03111208002007	骨科材料	接骨板	腓骨接骨板	080	固定板	02	纯钛	007	锁定加压/近端/灭菌
	722	722	C03111208002008	骨科材料	接骨板	腓骨接骨板	080	固定板	02	纯钛	008	锁定加压/近端/非灭菌
	723	723	C03111208002009	骨科材料	接骨板	腓骨接骨板	080	固定板	02	纯钛	009	锁定加压/干部/灭菌
	724	724	C03111208002010	骨科材料	接骨板	腓骨接骨板	080	固定板	02	纯钛	010	锁定加压/干部/非灭菌
	725	725	C03111208002011	骨科材料	接骨板	腓骨接骨板	080	固定板	02	纯钛	011	锁定加压/远端/灭菌
	726	726	C03111208002012	骨科材料	接骨板	腓骨接骨板	080	固定板	02	纯钛	012	锁定加压/远端/非灭菌
	727	727	C03111208002013	骨科材料	接骨板	腓骨接骨板	080	固定板	02	纯钛	013	万向锁定加压/近端/灭菌
	728	728	C03111208002014	骨科材料	接骨板	腓骨接骨板	080	固定板	02	纯钛	014	万向锁定加压/近端/非灭菌
	729	729	C03111208002015	骨科材料	接骨板	腓骨接骨板	080	固定板	02	纯钛	015	万向锁定加压/干部/灭菌
	730	730	C03111208002016	骨科材料	接骨板	腓骨接骨板	080	固定板	02	纯钛	016	万向锁定加压/干部/非灭菌
	731	731	C03111208002017	骨科材料	接骨板	腓骨接骨板	080	固定板	02	纯钛	017	万向锁定加压/远端/灭菌
	732	732	C03111208002018	骨科材料	接骨板	腓骨接骨板	080	固定板	02	纯钛	018	万向锁定加压/远端/非灭菌
	733	733	C03111208003001	骨科材料	接骨板	腓骨接骨板	080	固定板	03	钛合金	001	普通/近端/灭菌
	734	734	C03111208003002	骨科材料	接骨板	腓骨接骨板	080	固定板	03	钛合金	002	普通/近端/非灭菌
	735	735	C03111208003003	骨科材料	接骨板	腓骨接骨板	080	固定板	03	钛合金	003	普通/干部/灭菌
	736	736	C03111208003004	骨科材料	接骨板	腓骨接骨板	080	固定板	03	钛合金	004	普通/干部/非灭菌
	737	737	C03111208003005	骨科材料	接骨板	腓骨接骨板	080	固定板	03	钛合金	005	普通/远端/灭菌
	738	738	C03111208003006	骨科材料	接骨板	腓骨接骨板	080	固定板	03	钛合金	006	普通/远端/非灭菌
	739	739	C03111208003007	骨科材料	接骨板	腓骨接骨板	080	固定板	03	钛合金	007	锁定加压/近端/灭菌
	740	740	C03111208003008	骨科材料	接骨板	腓骨接骨板	080	固定板	03	钛合金	008	锁定加压/近端/非灭菌
	741	741	C03111208003009	骨科材料	接骨板	腓骨接骨板	080	固定板	03	钛合金	009	锁定加压/干部/灭菌
	742	742	C03111208003010	骨科材料	接骨板	腓骨接骨板	080	固定板	03	钛合金	010	锁定加压/干部/非灭菌
	743	743	C03111208003011	骨科材料	接骨板	腓骨接骨板	080	固定板	03	钛合金	011	锁定加压/远端/灭菌
	744	744	C03111208003012	骨科材料	接骨板	腓骨接骨板	080	固定板	03	钛合金	012	锁定加压/远端/非灭菌
	745	745	C03111208003013	骨科材料	接骨板	腓骨接骨板	080	固定板	03	钛合金	013	万向锁定加压/近端/灭菌
	746	746	C03111208003014	骨科材料	接骨板	腓骨接骨板	080	固定板	03	钛合金	014	万向锁定加压/近端/非灭菌
	747	747	C03111208003015	骨科材料	接骨板	腓骨接骨板	080	固定板	03	钛合金	015	万向锁定加压/干部/灭菌
	748	748	C03111208003016	骨科材料	接骨板	腓骨接骨板	080	固定板	03	钛合金	016	万向锁定加压/干部/非灭菌
	749	749	C03111208003017	骨科材料	接骨板	腓骨接骨板	080	固定板	03	钛合金	017	万向锁定加压/远端/灭菌
	750	750	C03111208003018	骨科材料	接骨板	腓骨接骨板	080	固定板	03	钛合金	018	万向锁定加压/远端/非灭菌
	751	751	C03111308001001	骨科材料	接骨板	跟骨接骨板	080	固定板	01	不锈钢	001	普通/灭菌
	752	752	C03111308001002	骨科材料	接骨板	跟骨接骨板	080	固定板	01	不锈钢	002	普通/非灭菌
	753	753	C03111308001003	骨科材料	接骨板	跟骨接骨板	080	固定板	01	不锈钢	003	锁定加压/灭菌
	754	754	C03111308001004	骨科材料	接骨板	跟骨接骨板	080	固定板	01	不锈钢	004	锁定加压/非灭菌
	755	755	C03111308001005	骨科材料	接骨板	跟骨接骨板	080	固定板	01	不锈钢	005	万向锁定加压/灭菌
	756	756	C03111308001006	骨科材料	接骨板	跟骨接骨板	080	固定板	01	不锈钢	006	万向锁定加压/非灭菌
	757	757	C03111308002001	骨科材料	接骨板	跟骨接骨板	080	固定板	02	纯钛	001	普通/灭菌
	758	758	C03111308002002	骨科材料	接骨板	跟骨接骨板	080	固定板	02	纯钛	002	普通/非灭菌
	759	759	C03111308002003	骨科材料	接骨板	跟骨接骨板	080	固定板	02	纯钛	003	锁定加压/灭菌
	760	760	C03111308002004	骨科材料	接骨板	跟骨接骨板	080	固定板	02	纯钛	004	锁定加压/非灭菌
	761	761	C03111308002005	骨科材料	接骨板	跟骨接骨板	080	固定板	02	纯钛	005	万向锁定加压/灭菌
	762	762	C03111308002006	骨科材料	接骨板	跟骨接骨板	080	固定板	02	纯钛	006	万向锁定加压/非灭菌
	763	763	C03111308003001	骨科材料	接骨板	跟骨接骨板	080	固定板	03	钛合金	001	普通/灭菌
	764	764	C03111308003002	骨科材料	接骨板	跟骨接骨板	080	固定板	03	钛合金	002	普通/非灭菌
	765	765	C03111308003003	骨科材料	接骨板	跟骨接骨板	080	固定板	03	钛合金	003	锁定加压/灭菌
	766	766	C03111308003004	骨科材料	接骨板	跟骨接骨板	080	固定板	03	钛合金	004	锁定加压/非灭菌
	767	767	C03111308003005	骨科材料	接骨板	跟骨接骨板	080	固定板	03	钛合金	005	万向锁定加压/灭菌
	768	768	C03111308003006	骨科材料	接骨板	跟骨接骨板	080	固定板	03	钛合金	006	万向锁定加压/非灭菌
	769	769	C03111408001001	骨科材料	接骨板	足部接骨板	080	固定板	01	不锈钢	001	普通/前足/灭菌
	770	770	C03111408001002	骨科材料	接骨板	足部接骨板	080	固定板	01	不锈钢	002	普通/前足/非灭菌
	771	771	C03111408001003	骨科材料	接骨板	足部接骨板	080	固定板	01	不锈钢	003	普通/中足/灭菌
	772	772	C03111408001004	骨科材料	接骨板	足部接骨板	080	固定板	01	不锈钢	004	普通/中足/非灭菌
	773	773	C03111408001005	骨科材料	接骨板	足部接骨板	080	固定板	01	不锈钢	005	普通/后足/灭菌
	774	774	C03111408001006	骨科材料	接骨板	足部接骨板	080	固定板	01	不锈钢	006	普通/后足/非灭菌
	775	775	C03111408001007	骨科材料	接骨板	足部接骨板	080	固定板	01	不锈钢	007	锁定加压/前足/灭菌
	776	776	C03111408001008	骨科材料	接骨板	足部接骨板	080	固定板	01	不锈钢	008	锁定加压/前足/非灭菌
	777	777	C03111408001009	骨科材料	接骨板	足部接骨板	080	固定板	01	不锈钢	009	锁定加压/中足/灭菌
	778	778	C03111408001010	骨科材料	接骨板	足部接骨板	080	固定板	01	不锈钢	010	锁定加压/中足/非灭菌
	779	779	C03111408001011	骨科材料	接骨板	足部接骨板	080	固定板	01	不锈钢	011	锁定加压/后足/灭菌
	780	780	C03111408001012	骨科材料	接骨板	足部接骨板	080	固定板	01	不锈钢	012	锁定加压/后足/非灭菌
	781	781	C03111408001013	骨科材料	接骨板	足部接骨板	080	固定板	01	不锈钢	013	万向锁定加压/前足/灭菌
	782	782	C03111408001014	骨科材料	接骨板	足部接骨板	080	固定板	01	不锈钢	014	万向锁定加压/前足/非灭菌
	783	783	C03111408001015	骨科材料	接骨板	足部接骨板	080	固定板	01	不锈钢	015	万向锁定加压/中足/灭菌
	784	784	C03111408001016	骨科材料	接骨板	足部接骨板	080	固定板	01	不锈钢	016	万向锁定加压/中足/非灭菌
	785	785	C03111408001017	骨科材料	接骨板	足部接骨板	080	固定板	01	不锈钢	017	万向锁定加压/后足/灭菌
	786	786	C03111408001018	骨科材料	接骨板	足部接骨板	080	固定板	01	不锈钢	018	万向锁定加压/后足/非灭菌
	787	787	C03111408002001	骨科材料	接骨板	足部接骨板	080	固定板	02	纯钛	001	普通/前足/灭菌
	788	788	C03111408002002	骨科材料	接骨板	足部接骨板	080	固定板	02	纯钛	002	普通/前足/非灭菌
	789	789	C03111408002003	骨科材料	接骨板	足部接骨板	080	固定板	02	纯钛	003	普通/中足/灭菌
	790	790	C03111408002004	骨科材料	接骨板	足部接骨板	080	固定板	02	纯钛	004	普通/中足/非灭菌
	791	791	C03111408002005	骨科材料	接骨板	足部接骨板	080	固定板	02	纯钛	005	普通/后足/灭菌
	792	792	C03111408002006	骨科材料	接骨板	足部接骨板	080	固定板	02	纯钛	006	普通/后足/非灭菌
	793	793	C03111408002007	骨科材料	接骨板	足部接骨板	080	固定板	02	纯钛	007	锁定加压/前足/灭菌
	794	794	C03111408002008	骨科材料	接骨板	足部接骨板	080	固定板	02	纯钛	008	锁定加压/前足/非灭菌
	795	795	C03111408002009	骨科材料	接骨板	足部接骨板	080	固定板	02	纯钛	009	锁定加压/中足/灭菌
	796	796	C03111408002010	骨科材料	接骨板	足部接骨板	080	固定板	02	纯钛	010	锁定加压/中足/非灭菌
	797	797	C03111408002011	骨科材料	接骨板	足部接骨板	080	固定板	02	纯钛	011	锁定加压/后足/灭菌
	798	798	C03111408002012	骨科材料	接骨板	足部接骨板	080	固定板	02	纯钛	012	锁定加压/后足/非灭菌
	799	799	C03111408002013	骨科材料	接骨板	足部接骨板	080	固定板	02	纯钛	013	万向锁定加压/前足/灭菌
	800	800	C03111408002014	骨科材料	接骨板	足部接骨板	080	固定板	02	纯钛	014	万向锁定加压/前足/非灭菌
	801	801	C03111408002015	骨科材料	接骨板	足部接骨板	080	固定板	02	纯钛	015	万向锁定加压/中足/灭菌
	802	802	C03111408002016	骨科材料	接骨板	足部接骨板	080	固定板	02	纯钛	016	万向锁定加压/中足/非灭菌
	803	803	C03111408002017	骨科材料	接骨板	足部接骨板	080	固定板	02	纯钛	017	万向锁定加压/后足/灭菌
	804	804	C03111408002018	骨科材料	接骨板	足部接骨板	080	固定板	02	纯钛	018	万向锁定加压/后足/非灭菌
	805	805	C03111408003001	骨科材料	接骨板	足部接骨板	080	固定板	03	钛合金	001	普通/前足/灭菌
	806	806	C03111408003002	骨科材料	接骨板	足部接骨板	080	固定板	03	钛合金	002	普通/前足/非灭菌
	807	807	C03111408003003	骨科材料	接骨板	足部接骨板	080	固定板	03	钛合金	003	普通/中足/灭菌
	808	808	C03111408003004	骨科材料	接骨板	足部接骨板	080	固定板	03	钛合金	004	普通/中足/非灭菌
	809	809	C03111408003005	骨科材料	接骨板	足部接骨板	080	固定板	03	钛合金	005	普通/后足/灭菌
	810	810	C03111408003006	骨科材料	接骨板	足部接骨板	080	固定板	03	钛合金	006	普通/后足/非灭菌
	811	811	C03111408003007	骨科材料	接骨板	足部接骨板	080	固定板	03	钛合金	007	锁定加压/前足/灭菌
	812	812	C03111408003008	骨科材料	接骨板	足部接骨板	080	固定板	03	钛合金	008	锁定加压/前足/非灭菌
	813	813	C03111408003009	骨科材料	接骨板	足部接骨板	080	固定板	03	钛合金	009	锁定加压/中足/灭菌
	814	814	C03111408003010	骨科材料	接骨板	足部接骨板	080	固定板	03	钛合金	010	锁定加压/中足/非灭菌
	815	815	C03111408003011	骨科材料	接骨板	足部接骨板	080	固定板	03	钛合金	011	锁定加压/后足/灭菌
	816	816	C03111408003012	骨科材料	接骨板	足部接骨板	080	固定板	03	钛合金	012	锁定加压/后足/非灭菌
	817	817	C03111408003013	骨科材料	接骨板	足部接骨板	080	固定板	03	钛合金	013	万向锁定加压/前足/灭菌
	818	818	C03111408003014	骨科材料	接骨板	足部接骨板	080	固定板	03	钛合金	014	万向锁定加压/前足/非灭菌
	819	819	C03111408003015	骨科材料	接骨板	足部接骨板	080	固定板	03	钛合金	015	万向锁定加压/中足/灭菌
	820	820	C03111408003016	骨科材料	接骨板	足部接骨板	080	固定板	03	钛合金	016	万向锁定加压/中足/非灭菌
	821	821	C03111408003017	骨科材料	接骨板	足部接骨板	080	固定板	03	钛合金	017	万向锁定加压/后足/灭菌
	822	822	C03111408003018	骨科材料	接骨板	足部接骨板	080	固定板	03	钛合金	018	万向锁定加压/后足/非灭菌
	823	823	C03111508001001	骨科材料	接骨板	通用接骨板	080	固定板	01	不锈钢	001	普通/直形/灭菌
	824	824	C03111508001002	骨科材料	接骨板	通用接骨板	080	固定板	01	不锈钢	002	普通/直形/非灭菌
	825	825	C03111508001003	骨科材料	接骨板	通用接骨板	080	固定板	01	不锈钢	003	普通/弧形/灭菌
	826	826	C03111508001004	骨科材料	接骨板	通用接骨板	080	固定板	01	不锈钢	004	普通/弧形/非灭菌
	827	827	C03111508001005	骨科材料	接骨板	通用接骨板	080	固定板	01	不锈钢	005	普通/管形/灭菌
	828	828	C03111508001006	骨科材料	接骨板	通用接骨板	080	固定板	01	不锈钢	006	普通/管形/非灭菌
	829	829	C03111508001007	骨科材料	接骨板	通用接骨板	080	固定板	01	不锈钢	007	普通/钩形/灭菌
	830	830	C03111508001008	骨科材料	接骨板	通用接骨板	080	固定板	01	不锈钢	008	普通/钩形/非灭菌
	831	831	C03111508001009	骨科材料	接骨板	通用接骨板	080	固定板	01	不锈钢	009	普通/异形/灭菌
	832	832	C03111508001010	骨科材料	接骨板	通用接骨板	080	固定板	01	不锈钢	010	普通/异形/非灭菌
	833	833	C03111508001011	骨科材料	接骨板	通用接骨板	080	固定板	01	不锈钢	011	锁定加压/直形/灭菌
	834	834	C03111508001012	骨科材料	接骨板	通用接骨板	080	固定板	01	不锈钢	012	锁定加压/直形/非灭菌
	835	835	C03111508001013	骨科材料	接骨板	通用接骨板	080	固定板	01	不锈钢	013	锁定加压/弧形/灭菌
	836	836	C03111508001014	骨科材料	接骨板	通用接骨板	080	固定板	01	不锈钢	014	锁定加压/弧形/非灭菌
	837	837	C03111508001015	骨科材料	接骨板	通用接骨板	080	固定板	01	不锈钢	015	锁定加压/管形/灭菌
	838	838	C03111508001016	骨科材料	接骨板	通用接骨板	080	固定板	01	不锈钢	016	锁定加压/管形/非灭菌
	839	839	C03111508001017	骨科材料	接骨板	通用接骨板	080	固定板	01	不锈钢	017	锁定加压/钩形/灭菌
	840	840	C03111508001018	骨科材料	接骨板	通用接骨板	080	固定板	01	不锈钢	018	锁定加压/钩形/非灭菌
	841	841	C03111508001019	骨科材料	接骨板	通用接骨板	080	固定板	01	不锈钢	019	锁定加压/异形/灭菌
	842	842	C03111508001020	骨科材料	接骨板	通用接骨板	080	固定板	01	不锈钢	020	锁定加压/异形/非灭菌
	843	843	C03111508001021	骨科材料	接骨板	通用接骨板	080	固定板	01	不锈钢	021	万向锁定加压/直形/灭菌
	844	844	C03111508001022	骨科材料	接骨板	通用接骨板	080	固定板	01	不锈钢	022	万向锁定加压/直形/非灭菌
	845	845	C03111508001023	骨科材料	接骨板	通用接骨板	080	固定板	01	不锈钢	023	万向锁定加压/弧形/灭菌
	846	846	C03111508001024	骨科材料	接骨板	通用接骨板	080	固定板	01	不锈钢	024	万向锁定加压/弧形/非灭菌
	847	847	C03111508001025	骨科材料	接骨板	通用接骨板	080	固定板	01	不锈钢	025	万向锁定加压/管形/灭菌
	848	848	C03111508001026	骨科材料	接骨板	通用接骨板	080	固定板	01	不锈钢	026	万向锁定加压/管形/非灭菌
	849	849	C03111508001027	骨科材料	接骨板	通用接骨板	080	固定板	01	不锈钢	027	万向锁定加压/钩形/灭菌
	850	850	C03111508001028	骨科材料	接骨板	通用接骨板	080	固定板	01	不锈钢	028	万向锁定加压/钩形/非灭菌
	851	851	C03111508001029	骨科材料	接骨板	通用接骨板	080	固定板	01	不锈钢	029	万向锁定加压/异形/灭菌
	852	852	C03111508001030	骨科材料	接骨板	通用接骨板	080	固定板	01	不锈钢	030	万向锁定加压/异形/非灭菌
	853	853	C03111508002001	骨科材料	接骨板	通用接骨板	080	固定板	02	纯钛	001	普通/直形/灭菌
	854	854	C03111508002002	骨科材料	接骨板	通用接骨板	080	固定板	02	纯钛	002	普通/直形/非灭菌
	855	855	C03111508002003	骨科材料	接骨板	通用接骨板	080	固定板	02	纯钛	003	普通/弧形/灭菌
	856	856	C03111508002004	骨科材料	接骨板	通用接骨板	080	固定板	02	纯钛	004	普通/弧形/非灭菌
	857	857	C03111508002005	骨科材料	接骨板	通用接骨板	080	固定板	02	纯钛	005	普通/管形/灭菌
	858	858	C03111508002006	骨科材料	接骨板	通用接骨板	080	固定板	02	纯钛	006	普通/管形/非灭菌
	859	859	C03111508002007	骨科材料	接骨板	通用接骨板	080	固定板	02	纯钛	007	普通/钩形/灭菌
	860	860	C03111508002008	骨科材料	接骨板	通用接骨板	080	固定板	02	纯钛	008	普通/钩形/非灭菌
	861	861	C03111508002009	骨科材料	接骨板	通用接骨板	080	固定板	02	纯钛	009	普通/异形/灭菌
	862	862	C03111508002010	骨科材料	接骨板	通用接骨板	080	固定板	02	纯钛	010	普通/异形/非灭菌
	863	863	C03111508002011	骨科材料	接骨板	通用接骨板	080	固定板	02	纯钛	011	锁定加压/直形/灭菌
	864	864	C03111508002012	骨科材料	接骨板	通用接骨板	080	固定板	02	纯钛	012	锁定加压/直形/非灭菌
	865	865	C03111508002013	骨科材料	接骨板	通用接骨板	080	固定板	02	纯钛	013	锁定加压/弧形/灭菌
	866	866	C03111508002014	骨科材料	接骨板	通用接骨板	080	固定板	02	纯钛	014	锁定加压/弧形/非灭菌
	867	867	C03111508002015	骨科材料	接骨板	通用接骨板	080	固定板	02	纯钛	015	锁定加压/管形/灭菌
	868	868	C03111508002016	骨科材料	接骨板	通用接骨板	080	固定板	02	纯钛	016	锁定加压/管形/非灭菌
	869	869	C03111508002017	骨科材料	接骨板	通用接骨板	080	固定板	02	纯钛	017	锁定加压/钩形/灭菌
	870	870	C03111508002018	骨科材料	接骨板	通用接骨板	080	固定板	02	纯钛	018	锁定加压/钩形/非灭菌
	871	871	C03111508002019	骨科材料	接骨板	通用接骨板	080	固定板	02	纯钛	019	锁定加压/异形/灭菌
	872	872	C03111508002020	骨科材料	接骨板	通用接骨板	080	固定板	02	纯钛	020	锁定加压/异形/非灭菌
	873	873	C03111508002021	骨科材料	接骨板	通用接骨板	080	固定板	02	纯钛	021	万向锁定加压/直形/灭菌
	874	874	C03111508002022	骨科材料	接骨板	通用接骨板	080	固定板	02	纯钛	022	万向锁定加压/直形/非灭菌
	875	875	C03111508002023	骨科材料	接骨板	通用接骨板	080	固定板	02	纯钛	023	万向锁定加压/弧形/灭菌
	876	876	C03111508002024	骨科材料	接骨板	通用接骨板	080	固定板	02	纯钛	024	万向锁定加压/弧形/非灭菌
	877	877	C03111508002025	骨科材料	接骨板	通用接骨板	080	固定板	02	纯钛	025	万向锁定加压/管形/灭菌
	878	878	C03111508002026	骨科材料	接骨板	通用接骨板	080	固定板	02	纯钛	026	万向锁定加压/管形/非灭菌
	879	879	C03111508002027	骨科材料	接骨板	通用接骨板	080	固定板	02	纯钛	027	万向锁定加压/钩形/灭菌
	880	880	C03111508002028	骨科材料	接骨板	通用接骨板	080	固定板	02	纯钛	028	万向锁定加压/钩形/非灭菌
	881	881	C03111508002029	骨科材料	接骨板	通用接骨板	080	固定板	02	纯钛	029	万向锁定加压/异形/灭菌
	882	882	C03111508002030	骨科材料	接骨板	通用接骨板	080	固定板	02	纯钛	030	万向锁定加压/异形/非灭菌
	883	883	C03111508003001	骨科材料	接骨板	通用接骨板	080	固定板	03	钛合金	001	普通/直形/灭菌
	884	884	C03111508003002	骨科材料	接骨板	通用接骨板	080	固定板	03	钛合金	002	普通/直形/非灭菌
	885	885	C03111508003003	骨科材料	接骨板	通用接骨板	080	固定板	03	钛合金	003	普通/弧形/灭菌
	886	886	C03111508003004	骨科材料	接骨板	通用接骨板	080	固定板	03	钛合金	004	普通/弧形/非灭菌
	887	887	C03111508003005	骨科材料	接骨板	通用接骨板	080	固定板	03	钛合金	005	普通/管形/灭菌
	888	888	C03111508003006	骨科材料	接骨板	通用接骨板	080	固定板	03	钛合金	006	普通/管形/非灭菌
	889	889	C03111508003007	骨科材料	接骨板	通用接骨板	080	固定板	03	钛合金	007	普通/钩形/灭菌
	890	890	C03111508003008	骨科材料	接骨板	通用接骨板	080	固定板	03	钛合金	008	普通/钩形/非灭菌
	891	891	C03111508003009	骨科材料	接骨板	通用接骨板	080	固定板	03	钛合金	009	普通/异形/灭菌
	892	892	C03111508003010	骨科材料	接骨板	通用接骨板	080	固定板	03	钛合金	010	普通/异形/非灭菌
	893	893	C03111508003011	骨科材料	接骨板	通用接骨板	080	固定板	03	钛合金	011	锁定加压/直形/灭菌
	894	894	C03111508003012	骨科材料	接骨板	通用接骨板	080	固定板	03	钛合金	012	锁定加压/直形/非灭菌
	895	895	C03111508003013	骨科材料	接骨板	通用接骨板	080	固定板	03	钛合金	013	锁定加压/弧形/灭菌
	896	896	C03111508003014	骨科材料	接骨板	通用接骨板	080	固定板	03	钛合金	014	锁定加压/弧形/非灭菌
	897	897	C03111508003015	骨科材料	接骨板	通用接骨板	080	固定板	03	钛合金	015	锁定加压/管形/灭菌
	898	898	C03111508003016	骨科材料	接骨板	通用接骨板	080	固定板	03	钛合金	016	锁定加压/管形/非灭菌
	899	899	C03111508003017	骨科材料	接骨板	通用接骨板	080	固定板	03	钛合金	017	锁定加压/钩形/灭菌
	900	900	C03111508003018	骨科材料	接骨板	通用接骨板	080	固定板	03	钛合金	018	锁定加压/钩形/非灭菌
	901	901	C03111508003019	骨科材料	接骨板	通用接骨板	080	固定板	03	钛合金	019	锁定加压/异形/灭菌
	902	902	C03111508003020	骨科材料	接骨板	通用接骨板	080	固定板	03	钛合金	020	锁定加压/异形/非灭菌
	903	903	C03111508003021	骨科材料	接骨板	通用接骨板	080	固定板	03	钛合金	021	万向锁定加压/直形/灭菌
	904	904	C03111508003022	骨科材料	接骨板	通用接骨板	080	固定板	03	钛合金	022	万向锁定加压/直形/非灭菌
	905	905	C03111508003023	骨科材料	接骨板	通用接骨板	080	固定板	03	钛合金	023	万向锁定加压/弧形/灭菌
	906	906	C03111508003024	骨科材料	接骨板	通用接骨板	080	固定板	03	钛合金	024	万向锁定加压/弧形/非灭菌
	907	907	C03111508003025	骨科材料	接骨板	通用接骨板	080	固定板	03	钛合金	025	万向锁定加压/管形/灭菌
	908	908	C03111508003026	骨科材料	接骨板	通用接骨板	080	固定板	03	钛合金	026	万向锁定加压/管形/非灭菌
	909	909	C03111508003027	骨科材料	接骨板	通用接骨板	080	固定板	03	钛合金	027	万向锁定加压/钩形/灭菌
	910	910	C03111508003028	骨科材料	接骨板	通用接骨板	080	固定板	03	钛合金	028	万向锁定加压/钩形/非灭菌
	911	911	C03111508003029	骨科材料	接骨板	通用接骨板	080	固定板	03	钛合金	029	万向锁定加压/异形/灭菌
	912	912	C03111508003030	骨科材料	接骨板	通用接骨板	080	固定板	03	钛合金	030	万向锁定加压/异形/非灭菌
	913	913	C03111608001001	骨科材料	接骨板	小儿接骨板	080	固定板	01	不锈钢	001	股骨/普通
	914	914	C03111608001002	骨科材料	接骨板	小儿接骨板	080	固定板	01	不锈钢	002	股骨/锁定加压
	915	915	C03111608001003	骨科材料	接骨板	小儿接骨板	080	固定板	01	不锈钢	003	股骨/万向锁定加压
	916	916	C03111608001004	骨科材料	接骨板	小儿接骨板	080	固定板	01	不锈钢	004	胫骨/普通
	917	917	C03111608001005	骨科材料	接骨板	小儿接骨板	080	固定板	01	不锈钢	005	胫骨/锁定加压
	918	918	C03111608001006	骨科材料	接骨板	小儿接骨板	080	固定板	01	不锈钢	006	胫骨/万向锁定加压
	919	919	C03111608001007	骨科材料	接骨板	小儿接骨板	080	固定板	01	不锈钢	007	肱骨/普通
	920	920	C03111608001008	骨科材料	接骨板	小儿接骨板	080	固定板	01	不锈钢	008	肱骨/锁定加压
	921	921	C03111608001009	骨科材料	接骨板	小儿接骨板	080	固定板	01	不锈钢	009	肱骨/万向锁定加压
	922	922	C03111608001010	骨科材料	接骨板	小儿接骨板	080	固定板	01	不锈钢	010	尺骨/普通
	923	923	C03111608001011	骨科材料	接骨板	小儿接骨板	080	固定板	01	不锈钢	011	尺骨/锁定加压
	924	924	C03111608001012	骨科材料	接骨板	小儿接骨板	080	固定板	01	不锈钢	012	尺骨/万向锁定加压
	925	925	C03111608001013	骨科材料	接骨板	小儿接骨板	080	固定板	01	不锈钢	013	桡骨/普通
	926	926	C03111608001014	骨科材料	接骨板	小儿接骨板	080	固定板	01	不锈钢	014	桡骨/锁定加压
	927	927	C03111608001015	骨科材料	接骨板	小儿接骨板	080	固定板	01	不锈钢	015	桡骨/万向锁定加压
	928	928	C03111608001016	骨科材料	接骨板	小儿接骨板	080	固定板	01	不锈钢	016	手部/普通
	929	929	C03111608001017	骨科材料	接骨板	小儿接骨板	080	固定板	01	不锈钢	017	手部/锁定加压
	930	930	C03111608001018	骨科材料	接骨板	小儿接骨板	080	固定板	01	不锈钢	018	手部/万向锁定加压
	931	931	C03111608001019	骨科材料	接骨板	小儿接骨板	080	固定板	01	不锈钢	019	足部/普通
	932	932	C03111608001020	骨科材料	接骨板	小儿接骨板	080	固定板	01	不锈钢	020	足部/锁定加压
	933	933	C03111608001021	骨科材料	接骨板	小儿接骨板	080	固定板	01	不锈钢	021	足部/万向锁定加压
	934	934	C03111608002001	骨科材料	接骨板	小儿接骨板	080	固定板	02	纯钛	001	股骨/普通
	935	935	C03111608002002	骨科材料	接骨板	小儿接骨板	080	固定板	02	纯钛	002	股骨/锁定加压
	936	936	C03111608002003	骨科材料	接骨板	小儿接骨板	080	固定板	02	纯钛	003	股骨/万向锁定加压
	937	937	C03111608002004	骨科材料	接骨板	小儿接骨板	080	固定板	02	纯钛	004	胫骨/普通
	938	938	C03111608002005	骨科材料	接骨板	小儿接骨板	080	固定板	02	纯钛	005	胫骨/锁定加压
	939	939	C03111608002006	骨科材料	接骨板	小儿接骨板	080	固定板	02	纯钛	006	胫骨/万向锁定加压
	940	940	C03111608002007	骨科材料	接骨板	小儿接骨板	080	固定板	02	纯钛	007	肱骨/普通
	941	941	C03111608002008	骨科材料	接骨板	小儿接骨板	080	固定板	02	纯钛	008	肱骨/锁定加压
	942	942	C03111608002009	骨科材料	接骨板	小儿接骨板	080	固定板	02	纯钛	009	肱骨/万向锁定加压
	943	943	C03111608002010	骨科材料	接骨板	小儿接骨板	080	固定板	02	纯钛	010	尺骨/普通
	944	944	C03111608002011	骨科材料	接骨板	小儿接骨板	080	固定板	02	纯钛	011	尺骨/锁定加压
	945	945	C03111608002012	骨科材料	接骨板	小儿接骨板	080	固定板	02	纯钛	012	尺骨/万向锁定加压
	946	946	C03111608002013	骨科材料	接骨板	小儿接骨板	080	固定板	02	纯钛	013	桡骨/普通
	947	947	C03111608002014	骨科材料	接骨板	小儿接骨板	080	固定板	02	纯钛	014	桡骨/锁定加压
	948	948	C03111608002015	骨科材料	接骨板	小儿接骨板	080	固定板	02	纯钛	015	桡骨/万向锁定加压
	949	949	C03111608002016	骨科材料	接骨板	小儿接骨板	080	固定板	02	纯钛	016	手部/普通
	950	950	C03111608002017	骨科材料	接骨板	小儿接骨板	080	固定板	02	纯钛	017	手部/锁定加压
	951	951	C03111608002018	骨科材料	接骨板	小儿接骨板	080	固定板	02	纯钛	018	手部/万向锁定加压
	952	952	C03111608002019	骨科材料	接骨板	小儿接骨板	080	固定板	02	纯钛	019	足部/普通
	953	953	C03111608002020	骨科材料	接骨板	小儿接骨板	080	固定板	02	纯钛	020	足部/锁定加压
	954	954	C03111608002021	骨科材料	接骨板	小儿接骨板	080	固定板	02	纯钛	021	足部/万向锁定加压
	955	955	C03111608003001	骨科材料	接骨板	小儿接骨板	080	固定板	03	钛合金	001	股骨/普通
	956	956	C03111608003002	骨科材料	接骨板	小儿接骨板	080	固定板	03	钛合金	002	股骨/锁定加压
	957	957	C03111608003003	骨科材料	接骨板	小儿接骨板	080	固定板	03	钛合金	003	股骨/万向锁定加压
	958	958	C03111608003004	骨科材料	接骨板	小儿接骨板	080	固定板	03	钛合金	004	胫骨/普通
	959	959	C03111608003005	骨科材料	接骨板	小儿接骨板	080	固定板	03	钛合金	005	胫骨/锁定加压
	960	960	C03111608003006	骨科材料	接骨板	小儿接骨板	080	固定板	03	钛合金	006	胫骨/万向锁定加压
	961	961	C03111608003007	骨科材料	接骨板	小儿接骨板	080	固定板	03	钛合金	007	肱骨/普通
	962	962	C03111608003008	骨科材料	接骨板	小儿接骨板	080	固定板	03	钛合金	008	肱骨/锁定加压
	963	963	C03111608003009	骨科材料	接骨板	小儿接骨板	080	固定板	03	钛合金	009	肱骨/万向锁定加压
	964	964	C03111608003010	骨科材料	接骨板	小儿接骨板	080	固定板	03	钛合金	010	尺骨/普通
	965	965	C03111608003011	骨科材料	接骨板	小儿接骨板	080	固定板	03	钛合金	011	尺骨/锁定加压
	966	966	C03111608003012	骨科材料	接骨板	小儿接骨板	080	固定板	03	钛合金	012	尺骨/万向锁定加压
	967	967	C03111608003013	骨科材料	接骨板	小儿接骨板	080	固定板	03	钛合金	013	桡骨/普通
	968	968	C03111608003014	骨科材料	接骨板	小儿接骨板	080	固定板	03	钛合金	014	桡骨/锁定加压
	969	969	C03111608003015	骨科材料	接骨板	小儿接骨板	080	固定板	03	钛合金	015	桡骨/万向锁定加压
	970	970	C03111608003016	骨科材料	接骨板	小儿接骨板	080	固定板	03	钛合金	016	手部/普通
	971	971	C03111608003017	骨科材料	接骨板	小儿接骨板	080	固定板	03	钛合金	017	手部/锁定加压
	972	972	C03111608003018	骨科材料	接骨板	小儿接骨板	080	固定板	03	钛合金	018	手部/万向锁定加压
	973	973	C03111608003019	骨科材料	接骨板	小儿接骨板	080	固定板	03	钛合金	019	足部/普通
	974	974	C03111608003020	骨科材料	接骨板	小儿接骨板	080	固定板	03	钛合金	020	足部/锁定加压
	975	975	C03111608003021	骨科材料	接骨板	小儿接骨板	080	固定板	03	钛合金	021	足部/万向锁定加压
	976	976	C03111708001001	骨科材料	接骨板	矫形板	080	固定板	01	不锈钢	001	肩部/成人
	977	977	C03111708001002	骨科材料	接骨板	矫形板	080	固定板	01	不锈钢	002	肩部/小儿
	978	978	C03111708001003	骨科材料	接骨板	矫形板	080	固定板	01	不锈钢	003	肘部/成人
	979	979	C03111708001004	骨科材料	接骨板	矫形板	080	固定板	01	不锈钢	004	肘部/小儿
	980	980	C03111708001005	骨科材料	接骨板	矫形板	080	固定板	01	不锈钢	005	前臂/成人
	981	981	C03111708001006	骨科材料	接骨板	矫形板	080	固定板	01	不锈钢	006	前臂/小儿
	982	982	C03111708001007	骨科材料	接骨板	矫形板	080	固定板	01	不锈钢	007	掌指骨/成人
	983	983	C03111708001008	骨科材料	接骨板	矫形板	080	固定板	01	不锈钢	008	掌指骨/小儿
	984	984	C03111708001009	骨科材料	接骨板	矫形板	080	固定板	01	不锈钢	009	髋部/成人
	985	985	C03111708001010	骨科材料	接骨板	矫形板	080	固定板	01	不锈钢	010	髋部/小儿
	986	986	C03111708001011	骨科材料	接骨板	矫形板	080	固定板	01	不锈钢	011	膝部/成人
	987	987	C03111708001012	骨科材料	接骨板	矫形板	080	固定板	01	不锈钢	012	膝部/小儿
	988	988	C03111708001013	骨科材料	接骨板	矫形板	080	固定板	01	不锈钢	013	踝部/成人
	989	989	C03111708001014	骨科材料	接骨板	矫形板	080	固定板	01	不锈钢	014	踝部/小儿
	990	990	C03111708001015	骨科材料	接骨板	矫形板	080	固定板	01	不锈钢	015	前中足/成人
	991	991	C03111708001016	骨科材料	接骨板	矫形板	080	固定板	01	不锈钢	016	前中足/小儿
	992	992	C03111708001017	骨科材料	接骨板	矫形板	080	固定板	01	不锈钢	017	后足/成人
	993	993	C03111708001018	骨科材料	接骨板	矫形板	080	固定板	01	不锈钢	018	后足/小儿
	994	994	C03111708002001	骨科材料	接骨板	矫形板	080	固定板	02	纯钛	001	肩部/成人
	995	995	C03111708002002	骨科材料	接骨板	矫形板	080	固定板	02	纯钛	002	肩部/小儿
	996	996	C03111708002003	骨科材料	接骨板	矫形板	080	固定板	02	纯钛	003	肘部/成人
	997	997	C03111708002004	骨科材料	接骨板	矫形板	080	固定板	02	纯钛	004	肘部/小儿
	998	998	C03111708002005	骨科材料	接骨板	矫形板	080	固定板	02	纯钛	005	前臂/成人
	999	999	C03111708002006	骨科材料	接骨板	矫形板	080	固定板	02	纯钛	006	前臂/小儿
	1000	1000	C03111708002007	骨科材料	接骨板	矫形板	080	固定板	02	纯钛	007	掌指骨/成人
	1001	1001	C03111708002008	骨科材料	接骨板	矫形板	080	固定板	02	纯钛	008	掌指骨/小儿
	1002	1002	C03111708002009	骨科材料	接骨板	矫形板	080	固定板	02	纯钛	009	髋部/成人
	1003	1003	C03111708002010	骨科材料	接骨板	矫形板	080	固定板	02	纯钛	010	髋部/小儿
	1004	1004	C03111708002011	骨科材料	接骨板	矫形板	080	固定板	02	纯钛	011	膝部/成人
	1005	1005	C03111708002012	骨科材料	接骨板	矫形板	080	固定板	02	纯钛	012	膝部/小儿
	1006	1006	C03111708002013	骨科材料	接骨板	矫形板	080	固定板	02	纯钛	013	踝部/成人
	1007	1007	C03111708002014	骨科材料	接骨板	矫形板	080	固定板	02	纯钛	014	踝部/小儿
	1008	1008	C03111708002015	骨科材料	接骨板	矫形板	080	固定板	02	纯钛	015	前中足/成人
	1009	1009	C03111708002016	骨科材料	接骨板	矫形板	080	固定板	02	纯钛	016	前中足/小儿
	1010	1010	C03111708002017	骨科材料	接骨板	矫形板	080	固定板	02	纯钛	017	后足/成人
	1011	1011	C03111708002018	骨科材料	接骨板	矫形板	080	固定板	02	纯钛	018	后足/小儿
	1012	1012	C03111708003001	骨科材料	接骨板	矫形板	080	固定板	03	钛合金	001	肩部/成人
	1013	1013	C03111708003002	骨科材料	接骨板	矫形板	080	固定板	03	钛合金	002	肩部/小儿
	1014	1014	C03111708003003	骨科材料	接骨板	矫形板	080	固定板	03	钛合金	003	肘部/成人
	1015	1015	C03111708003004	骨科材料	接骨板	矫形板	080	固定板	03	钛合金	004	肘部/小儿
	1016	1016	C03111708003005	骨科材料	接骨板	矫形板	080	固定板	03	钛合金	005	前臂/成人
	1017	1017	C03111708003006	骨科材料	接骨板	矫形板	080	固定板	03	钛合金	006	前臂/小儿
	1018	1018	C03111708003007	骨科材料	接骨板	矫形板	080	固定板	03	钛合金	007	掌指骨/成人
	1019	1019	C03111708003008	骨科材料	接骨板	矫形板	080	固定板	03	钛合金	008	掌指骨/小儿
	1020	1020	C03111708003009	骨科材料	接骨板	矫形板	080	固定板	03	钛合金	009	髋部/成人
	1021	1021	C03111708003010	骨科材料	接骨板	矫形板	080	固定板	03	钛合金	010	髋部/小儿
	1022	1022	C03111708003011	骨科材料	接骨板	矫形板	080	固定板	03	钛合金	011	膝部/成人
	1023	1023	C03111708003012	骨科材料	接骨板	矫形板	080	固定板	03	钛合金	012	膝部/小儿
	1024	1024	C03111708003013	骨科材料	接骨板	矫形板	080	固定板	03	钛合金	013	踝部/成人
	1025	1025	C03111708003014	骨科材料	接骨板	矫形板	080	固定板	03	钛合金	014	踝部/小儿
	1026	1026	C03111708003015	骨科材料	接骨板	矫形板	080	固定板	03	钛合金	015	前中足/成人
	1027	1027	C03111708003016	骨科材料	接骨板	矫形板	080	固定板	03	钛合金	016	前中足/小儿
	1028	1028	C03111708003017	骨科材料	接骨板	矫形板	080	固定板	03	钛合金	017	后足/成人
	1029	1029	C03111708003018	骨科材料	接骨板	矫形板	080	固定板	03	钛合金	018	后足/小儿
	1030	1030	C03111908001001	骨科材料	接骨板	其他接骨板	080	固定板	01	不锈钢	001	普通
	1031	1031	C03111908001002	骨科材料	接骨板	其他接骨板	080	固定板	01	不锈钢	002	锁定加压
	1032	1032	C03111908001003	骨科材料	接骨板	其他接骨板	080	固定板	01	不锈钢	003	万向锁定加压
	1033	1033	C03111908002001	骨科材料	接骨板	其他接骨板	080	固定板	02	纯钛	001	普通
	1034	1034	C03111908002002	骨科材料	接骨板	其他接骨板	080	固定板	02	纯钛	002	锁定加压
	1035	1035	C03111908002003	骨科材料	接骨板	其他接骨板	080	固定板	02	纯钛	003	万向锁定加压
	1036	1036	C03111908003001	骨科材料	接骨板	其他接骨板	080	固定板	03	钛合金	001	普通
	1037	1037	C03111908003002	骨科材料	接骨板	其他接骨板	080	固定板	03	钛合金	002	锁定加压
	1038	1038	C03111908003003	骨科材料	接骨板	其他接骨板	080	固定板	03	钛合金	003	万向锁定加压
	1039	1039	C03112008001001	骨科材料	接骨板	关节融合板	080	固定板	01	不锈钢	001	肩/普通
	1040	1040	C03112008001002	骨科材料	接骨板	关节融合板	080	固定板	01	不锈钢	002	肩/锁定加压
	1041	1041	C03112008001003	骨科材料	接骨板	关节融合板	080	固定板	01	不锈钢	003	肩/万向锁定加压
	1042	1042	C03112008001004	骨科材料	接骨板	关节融合板	080	固定板	01	不锈钢	004	肘/普通
	1043	1043	C03112008001005	骨科材料	接骨板	关节融合板	080	固定板	01	不锈钢	005	肘/锁定加压
	1044	1044	C03112008001006	骨科材料	接骨板	关节融合板	080	固定板	01	不锈钢	006	肘/万向锁定加压
	1045	1045	C03112008001007	骨科材料	接骨板	关节融合板	080	固定板	01	不锈钢	007	腕/普通
	1046	1046	C03112008001008	骨科材料	接骨板	关节融合板	080	固定板	01	不锈钢	008	腕/锁定加压
	1047	1047	C03112008001009	骨科材料	接骨板	关节融合板	080	固定板	01	不锈钢	009	腕/万向锁定加压
	1048	1048	C03112008001010	骨科材料	接骨板	关节融合板	080	固定板	01	不锈钢	010	髋/普通
	1049	1049	C03112008001011	骨科材料	接骨板	关节融合板	080	固定板	01	不锈钢	011	髋/锁定加压
	1050	1050	C03112008001012	骨科材料	接骨板	关节融合板	080	固定板	01	不锈钢	012	髋/万向锁定加压
	1051	1051	C03112008001013	骨科材料	接骨板	关节融合板	080	固定板	01	不锈钢	013	膝/普通
	1052	1052	C03112008001014	骨科材料	接骨板	关节融合板	080	固定板	01	不锈钢	014	膝/锁定加压
	1053	1053	C03112008001015	骨科材料	接骨板	关节融合板	080	固定板	01	不锈钢	015	膝/万向锁定加压
	1054	1054	C03112008001016	骨科材料	接骨板	关节融合板	080	固定板	01	不锈钢	016	踝/普通
	1055	1055	C03112008001017	骨科材料	接骨板	关节融合板	080	固定板	01	不锈钢	017	踝/锁定加压
	1056	1056	C03112008001018	骨科材料	接骨板	关节融合板	080	固定板	01	不锈钢	018	踝/万向锁定加压
	1057	1057	C03112008001019	骨科材料	接骨板	关节融合板	080	固定板	01	不锈钢	019	足/普通
	1058	1058	C03112008001020	骨科材料	接骨板	关节融合板	080	固定板	01	不锈钢	020	足/锁定加压
	1059	1059	C03112008001021	骨科材料	接骨板	关节融合板	080	固定板	01	不锈钢	021	足/万向锁定加压
	1060	1060	C03112008001022	骨科材料	接骨板	关节融合板	080	固定板	01	不锈钢	022	掌指/普通
	1061	1061	C03112008001023	骨科材料	接骨板	关节融合板	080	固定板	01	不锈钢	023	掌指/锁定加压
	1062	1062	C03112008001024	骨科材料	接骨板	关节融合板	080	固定板	01	不锈钢	024	掌指/万向锁定加压
	1063	1063	C03112008002001	骨科材料	接骨板	关节融合板	080	固定板	02	纯钛	001	肩/普通
	1064	1064	C03112008002002	骨科材料	接骨板	关节融合板	080	固定板	02	纯钛	002	肩/锁定加压
	1065	1065	C03112008002003	骨科材料	接骨板	关节融合板	080	固定板	02	纯钛	003	肩/万向锁定加压
	1066	1066	C03112008002004	骨科材料	接骨板	关节融合板	080	固定板	02	纯钛	004	肘/普通
	1067	1067	C03112008002005	骨科材料	接骨板	关节融合板	080	固定板	02	纯钛	005	肘/锁定加压
	1068	1068	C03112008002006	骨科材料	接骨板	关节融合板	080	固定板	02	纯钛	006	肘/万向锁定加压
	1069	1069	C03112008002007	骨科材料	接骨板	关节融合板	080	固定板	02	纯钛	007	腕/普通
	1070	1070	C03112008002008	骨科材料	接骨板	关节融合板	080	固定板	02	纯钛	008	腕/锁定加压
	1071	1071	C03112008002009	骨科材料	接骨板	关节融合板	080	固定板	02	纯钛	009	腕/万向锁定加压
	1072	1072	C03112008002010	骨科材料	接骨板	关节融合板	080	固定板	02	纯钛	010	髋/普通
	1073	1073	C03112008002011	骨科材料	接骨板	关节融合板	080	固定板	02	纯钛	011	髋/锁定加压
	1074	1074	C03112008002012	骨科材料	接骨板	关节融合板	080	固定板	02	纯钛	012	髋/万向锁定加压
	1075	1075	C03112008002013	骨科材料	接骨板	关节融合板	080	固定板	02	纯钛	013	膝/普通
	1076	1076	C03112008002014	骨科材料	接骨板	关节融合板	080	固定板	02	纯钛	014	膝/锁定加压
	1077	1077	C03112008002015	骨科材料	接骨板	关节融合板	080	固定板	02	纯钛	015	膝/万向锁定加压
	1078	1078	C03112008002016	骨科材料	接骨板	关节融合板	080	固定板	02	纯钛	016	踝/普通
	1079	1079	C03112008002017	骨科材料	接骨板	关节融合板	080	固定板	02	纯钛	017	踝/锁定加压
	1080	1080	C03112008002018	骨科材料	接骨板	关节融合板	080	固定板	02	纯钛	018	踝/万向锁定加压
	1081	1081	C03112008002019	骨科材料	接骨板	关节融合板	080	固定板	02	纯钛	019	足/普通
	1082	1082	C03112008002020	骨科材料	接骨板	关节融合板	080	固定板	02	纯钛	020	足/锁定加压
	1083	1083	C03112008002021	骨科材料	接骨板	关节融合板	080	固定板	02	纯钛	021	足/万向锁定加压
	1084	1084	C03112008002022	骨科材料	接骨板	关节融合板	080	固定板	02	纯钛	022	掌指/普通
	1085	1085	C03112008002023	骨科材料	接骨板	关节融合板	080	固定板	02	纯钛	023	掌指/锁定加压
	1086	1086	C03112008002024	骨科材料	接骨板	关节融合板	080	固定板	02	纯钛	024	掌指/万向锁定加压
	1087	1087	C03112008003001	骨科材料	接骨板	关节融合板	080	固定板	03	钛合金	001	肩/普通
	1088	1088	C03112008003002	骨科材料	接骨板	关节融合板	080	固定板	03	钛合金	002	肩/锁定加压
	1089	1089	C03112008003003	骨科材料	接骨板	关节融合板	080	固定板	03	钛合金	003	肩/万向锁定加压
	1090	1090	C03112008003004	骨科材料	接骨板	关节融合板	080	固定板	03	钛合金	004	肘/普通
	1091	1091	C03112008003005	骨科材料	接骨板	关节融合板	080	固定板	03	钛合金	005	肘/锁定加压
	1092	1092	C03112008003006	骨科材料	接骨板	关节融合板	080	固定板	03	钛合金	006	肘/万向锁定加压
	1093	1093	C03112008003007	骨科材料	接骨板	关节融合板	080	固定板	03	钛合金	007	腕/普通
	1094	1094	C03112008003008	骨科材料	接骨板	关节融合板	080	固定板	03	钛合金	008	腕/锁定加压
	1095	1095	C03112008003009	骨科材料	接骨板	关节融合板	080	固定板	03	钛合金	009	腕/万向锁定加压
	1096	1096	C03112008003010	骨科材料	接骨板	关节融合板	080	固定板	03	钛合金	010	髋/普通
	1097	1097	C03112008003011	骨科材料	接骨板	关节融合板	080	固定板	03	钛合金	011	髋/锁定加压
	1098	1098	C03112008003012	骨科材料	接骨板	关节融合板	080	固定板	03	钛合金	012	髋/万向锁定加压
	1099	1099	C03112008003013	骨科材料	接骨板	关节融合板	080	固定板	03	钛合金	013	膝/普通
	1100	1100	C03112008003014	骨科材料	接骨板	关节融合板	080	固定板	03	钛合金	014	膝/锁定加压
	1101	1101	C03112008003015	骨科材料	接骨板	关节融合板	080	固定板	03	钛合金	015	膝/万向锁定加压
	1102	1102	C03112008003016	骨科材料	接骨板	关节融合板	080	固定板	03	钛合金	016	踝/普通
	1103	1103	C03112008003017	骨科材料	接骨板	关节融合板	080	固定板	03	钛合金	017	踝/锁定加压
	1104	1104	C03112008003018	骨科材料	接骨板	关节融合板	080	固定板	03	钛合金	018	踝/万向锁定加压
	1105	1105	C03112008003019	骨科材料	接骨板	关节融合板	080	固定板	03	钛合金	019	足/普通
	1106	1106	C03112008003020	骨科材料	接骨板	关节融合板	080	固定板	03	钛合金	020	足/锁定加压
	1107	1107	C03112008003021	骨科材料	接骨板	关节融合板	080	固定板	03	钛合金	021	足/万向锁定加压
	1108	1108	C03112008003022	骨科材料	接骨板	关节融合板	080	固定板	03	钛合金	022	掌指/普通
	1109	1109	C03112008003023	骨科材料	接骨板	关节融合板	080	固定板	03	钛合金	023	掌指/锁定加压
	1110	1110	C03112008003024	骨科材料	接骨板	关节融合板	080	固定板	03	钛合金	024	掌指/万向锁定加压
	1111	1111	C03112108001001	骨科材料	接骨板	肩胛骨接骨板	080	固定板	01	不锈钢	001	普通/灭菌
	1112	1112	C03112108001002	骨科材料	接骨板	肩胛骨接骨板	080	固定板	01	不锈钢	002	普通/非灭菌
	1113	1113	C03112108001003	骨科材料	接骨板	肩胛骨接骨板	080	固定板	01	不锈钢	003	锁定加压/灭菌
	1114	1114	C03112108001004	骨科材料	接骨板	肩胛骨接骨板	080	固定板	01	不锈钢	004	锁定加压/非灭菌
	1115	1115	C03112108001005	骨科材料	接骨板	肩胛骨接骨板	080	固定板	01	不锈钢	005	万向锁定加压/灭菌
	1116	1116	C03112108001006	骨科材料	接骨板	肩胛骨接骨板	080	固定板	01	不锈钢	006	万向锁定加压/非灭菌
	1117	1117	C03112108002001	骨科材料	接骨板	肩胛骨接骨板	080	固定板	02	纯钛	001	普通/灭菌
	1118	1118	C03112108002002	骨科材料	接骨板	肩胛骨接骨板	080	固定板	02	纯钛	002	普通/非灭菌
	1119	1119	C03112108002003	骨科材料	接骨板	肩胛骨接骨板	080	固定板	02	纯钛	003	锁定加压/灭菌
	1120	1120	C03112108002004	骨科材料	接骨板	肩胛骨接骨板	080	固定板	02	纯钛	004	锁定加压/非灭菌
	1121	1121	C03112108002005	骨科材料	接骨板	肩胛骨接骨板	080	固定板	02	纯钛	005	万向锁定加压/灭菌
	1122	1122	C03112108002006	骨科材料	接骨板	肩胛骨接骨板	080	固定板	02	纯钛	006	万向锁定加压/非灭菌
	1123	1123	C03112108003001	骨科材料	接骨板	肩胛骨接骨板	080	固定板	03	钛合金	001	普通/灭菌
	1124	1124	C03112108003002	骨科材料	接骨板	肩胛骨接骨板	080	固定板	03	钛合金	002	普通/非灭菌
	1125	1125	C03112108003003	骨科材料	接骨板	肩胛骨接骨板	080	固定板	03	钛合金	003	锁定加压/灭菌
	1126	1126	C03112108003004	骨科材料	接骨板	肩胛骨接骨板	080	固定板	03	钛合金	004	锁定加压/非灭菌
	1127	1127	C03112108003005	骨科材料	接骨板	肩胛骨接骨板	080	固定板	03	钛合金	005	万向锁定加压/灭菌
	1128	1128	C03112108003006	骨科材料	接骨板	肩胛骨接骨板	080	固定板	03	钛合金	006	万向锁定加压/非灭菌
	1129	1129	C03120107901001	骨科材料	螺钉	万向锁定螺钉	079	螺钉	01	不锈钢	001	灭菌/直径≤2.7mm以下
	1130	1130	C03120107901002	骨科材料	螺钉	万向锁定螺钉	079	螺钉	01	不锈钢	002	灭菌/2.7＜直径≤4mm
	1131	1131	C03120107901003	骨科材料	螺钉	万向锁定螺钉	079	螺钉	01	不锈钢	003	灭菌/直径＞4mm以上
	1132	1132	C03120107901004	骨科材料	螺钉	万向锁定螺钉	079	螺钉	01	不锈钢	004	非灭菌/直径≤2.7mm以下
	1133	1133	C03120107901005	骨科材料	螺钉	万向锁定螺钉	079	螺钉	01	不锈钢	005	非灭菌/2.7＜直径≤4mm
	1134	1134	C03120107901006	骨科材料	螺钉	万向锁定螺钉	079	螺钉	01	不锈钢	006	非灭菌/直径＞4mm以上
	1135	1135	C03120107902001	骨科材料	螺钉	万向锁定螺钉	079	螺钉	02	纯钛	001	灭菌/直径≤2.7mm以下
	1136	1136	C03120107902002	骨科材料	螺钉	万向锁定螺钉	079	螺钉	02	纯钛	002	灭菌/2.7＜直径≤4mm
	1137	1137	C03120107902003	骨科材料	螺钉	万向锁定螺钉	079	螺钉	02	纯钛	003	灭菌/直径＞4mm以上
	1138	1138	C03120107903001	骨科材料	螺钉	万向锁定螺钉	079	螺钉	03	钛合金	001	灭菌/直径≤2.7mm以下
	1139	1139	C03120107903002	骨科材料	螺钉	万向锁定螺钉	079	螺钉	03	钛合金	002	灭菌/2.7＜直径≤4mm
	1140	1140	C03120107903003	骨科材料	螺钉	万向锁定螺钉	079	螺钉	03	钛合金	003	灭菌/直径＞4mm以上
	1141	1141	C03120107903004	骨科材料	螺钉	万向锁定螺钉	079	螺钉	03	钛合金	004	非灭菌/直径≤2.7mm以下
	1142	1142	C03120107903005	骨科材料	螺钉	万向锁定螺钉	079	螺钉	03	钛合金	005	非灭菌/2.7＜直径≤4mm
	1143	1143	C03120107903006	骨科材料	螺钉	万向锁定螺钉	079	螺钉	03	钛合金	006	非灭菌/直径＞4mm以上
	1144	1144	C03120107904001	骨科材料	螺钉	万向锁定螺钉	079	螺钉	04	其他合金	001	灭菌/直径≤2.7mm以下
	1145	1145	C03120107904002	骨科材料	螺钉	万向锁定螺钉	079	螺钉	04	其他合金	002	灭菌/2.7＜直径≤4mm
	1146	1146	C03120107904003	骨科材料	螺钉	万向锁定螺钉	079	螺钉	04	其他合金	003	灭菌/直径＞4mm以上
	1147	1147	C03120107904004	骨科材料	螺钉	万向锁定螺钉	079	螺钉	04	其他合金	004	非灭菌/直径≤2.7mm以下
	1148	1148	C03120107904005	骨科材料	螺钉	万向锁定螺钉	079	螺钉	04	其他合金	005	非灭菌/2.7＜直径≤4mm
	1149	1149	C03120107904006	骨科材料	螺钉	万向锁定螺钉	079	螺钉	04	其他合金	006	非灭菌/直径＞4mm以上
	1150	1150	C03120207901001	骨科材料	螺钉	普通锁定螺钉	079	螺钉	01	不锈钢	001	灭菌/直径≤2.7mm以下
	1151	1151	C03120207901002	骨科材料	螺钉	普通锁定螺钉	079	螺钉	01	不锈钢	002	灭菌/2.7＜直径≤4mm
	1152	1152	C03120207901003	骨科材料	螺钉	普通锁定螺钉	079	螺钉	01	不锈钢	003	灭菌/直径＞4mm以上
	1153	1153	C03120207901004	骨科材料	螺钉	普通锁定螺钉	079	螺钉	01	不锈钢	004	非灭菌/直径≤2.7mm以下
	1154	1154	C03120207901005	骨科材料	螺钉	普通锁定螺钉	079	螺钉	01	不锈钢	005	非灭菌/2.7＜直径≤4mm
	1155	1155	C03120207901006	骨科材料	螺钉	普通锁定螺钉	079	螺钉	01	不锈钢	006	非灭菌/直径＞4mm以上
	1156	1156	C03120207902001	骨科材料	螺钉	普通锁定螺钉	079	螺钉	02	纯钛	001	灭菌/直径≤2.7mm以下
	1157	1157	C03120207902002	骨科材料	螺钉	普通锁定螺钉	079	螺钉	02	纯钛	002	灭菌/2.7＜直径≤4mm
	1158	1158	C03120207902003	骨科材料	螺钉	普通锁定螺钉	079	螺钉	02	纯钛	003	灭菌/直径＞4mm以上
	1159	1159	C03120207902004	骨科材料	螺钉	普通锁定螺钉	079	螺钉	02	纯钛	004	非灭菌/直径≤2.7mm以下
	1160	1160	C03120207902005	骨科材料	螺钉	普通锁定螺钉	079	螺钉	02	纯钛	005	非灭菌/2.7＜直径≤4mm
	1161	1161	C03120207902006	骨科材料	螺钉	普通锁定螺钉	079	螺钉	02	纯钛	006	非灭菌/直径＞4mm以上
	1162	1162	C03120207903001	骨科材料	螺钉	普通锁定螺钉	079	螺钉	03	钛合金	001	灭菌/直径≤2.7mm以下
	1163	1163	C03120207903002	骨科材料	螺钉	普通锁定螺钉	079	螺钉	03	钛合金	002	灭菌/2.7＜直径≤4mm
	1164	1164	C03120207903003	骨科材料	螺钉	普通锁定螺钉	079	螺钉	03	钛合金	003	灭菌/直径＞4mm以上
	1165	1165	C03120207903004	骨科材料	螺钉	普通锁定螺钉	079	螺钉	03	钛合金	004	非灭菌/直径≤2.7mm以下
	1166	1166	C03120207903005	骨科材料	螺钉	普通锁定螺钉	079	螺钉	03	钛合金	005	非灭菌/2.7＜直径≤4mm
	1167	1167	C03120207903006	骨科材料	螺钉	普通锁定螺钉	079	螺钉	03	钛合金	006	非灭菌/直径＞4mm以上
	1168	1168	C03120207904001	骨科材料	螺钉	普通锁定螺钉	079	螺钉	04	其他合金	001	灭菌/直径≤2.7mm以下
	1169	1169	C03120207904002	骨科材料	螺钉	普通锁定螺钉	079	螺钉	04	其他合金	002	灭菌/2.7＜直径≤4mm
	1170	1170	C03120207904003	骨科材料	螺钉	普通锁定螺钉	079	螺钉	04	其他合金	003	灭菌/直径＞4mm以上
	1171	1171	C03120207904004	骨科材料	螺钉	普通锁定螺钉	079	螺钉	04	其他合金	004	非灭菌/直径≤2.7mm以下
	1172	1172	C03120207904005	骨科材料	螺钉	普通锁定螺钉	079	螺钉	04	其他合金	005	非灭菌/2.7＜直径≤4mm
	1173	1173	C03120207904006	骨科材料	螺钉	普通锁定螺钉	079	螺钉	04	其他合金	006	非灭菌/直径＞4mm以上
	1174	1174	C03120307901001	骨科材料	螺钉	皮质骨螺钉	079	螺钉	01	不锈钢	001	灭菌/直径≤2.7mm以下
	1175	1175	C03120307901002	骨科材料	螺钉	皮质骨螺钉	079	螺钉	01	不锈钢	002	灭菌/2.7＜直径≤4mm
	1176	1176	C03120307901003	骨科材料	螺钉	皮质骨螺钉	079	螺钉	01	不锈钢	003	灭菌/直径＞4mm以上
	1177	1177	C03120307901004	骨科材料	螺钉	皮质骨螺钉	079	螺钉	01	不锈钢	004	非灭菌/直径≤2.7mm以下
	1178	1178	C03120307901005	骨科材料	螺钉	皮质骨螺钉	079	螺钉	01	不锈钢	005	非灭菌/2.7＜直径≤4mm
	1179	1179	C03120307901006	骨科材料	螺钉	皮质骨螺钉	079	螺钉	01	不锈钢	006	非灭菌/直径＞4mm以上
	1180	1180	C03120307902001	骨科材料	螺钉	皮质骨螺钉	079	螺钉	02	纯钛	001	灭菌/直径≤2.7mm以下
	1181	1181	C03120307902002	骨科材料	螺钉	皮质骨螺钉	079	螺钉	02	纯钛	002	灭菌/2.7＜直径≤4mm
	1182	1182	C03120307902003	骨科材料	螺钉	皮质骨螺钉	079	螺钉	02	纯钛	003	灭菌/直径＞4mm以上
	1183	1183	C03120307902004	骨科材料	螺钉	皮质骨螺钉	079	螺钉	02	纯钛	004	非灭菌/直径≤2.7mm以下
	1184	1184	C03120307902005	骨科材料	螺钉	皮质骨螺钉	079	螺钉	02	纯钛	005	非灭菌/2.7＜直径≤4mm
	1185	1185	C03120307902006	骨科材料	螺钉	皮质骨螺钉	079	螺钉	02	纯钛	006	非灭菌/直径＞4mm以上
	1186	1186	C03120307903001	骨科材料	螺钉	皮质骨螺钉	079	螺钉	03	钛合金	001	灭菌/直径≤2.7mm以下
	1187	1187	C03120307903002	骨科材料	螺钉	皮质骨螺钉	079	螺钉	03	钛合金	002	灭菌/2.7＜直径≤4mm
	1188	1188	C03120307903003	骨科材料	螺钉	皮质骨螺钉	079	螺钉	03	钛合金	003	灭菌/直径＞4mm以上
	1189	1189	C03120307903004	骨科材料	螺钉	皮质骨螺钉	079	螺钉	03	钛合金	004	非灭菌/直径≤2.7mm以下
	1190	1190	C03120307903005	骨科材料	螺钉	皮质骨螺钉	079	螺钉	03	钛合金	005	非灭菌/2.7＜直径≤4mm
	1191	1191	C03120307903006	骨科材料	螺钉	皮质骨螺钉	079	螺钉	03	钛合金	006	非灭菌/直径＞4mm以上
	1192	1192	C03120307904001	骨科材料	螺钉	皮质骨螺钉	079	螺钉	04	其他材料	001	灭菌/直径≤2.7mm以下
	1193	1193	C03120307904002	骨科材料	螺钉	皮质骨螺钉	079	螺钉	04	其他材料	002	灭菌/2.7＜直径≤4mm
	1194	1194	C03120307904003	骨科材料	螺钉	皮质骨螺钉	079	螺钉	04	其他材料	003	灭菌/直径＞4mm以上
	1195	1195	C03120307904004	骨科材料	螺钉	皮质骨螺钉	079	螺钉	04	其他材料	004	非灭菌/直径≤2.7mm以下
	1196	1196	C03120307904005	骨科材料	螺钉	皮质骨螺钉	079	螺钉	04	其他材料	005	非灭菌/2.7＜直径≤4mm
	1197	1197	C03120307904006	骨科材料	螺钉	皮质骨螺钉	079	螺钉	04	其他材料	006	非灭菌/直径＞4mm以上
	1198	1198	C03120407901001	骨科材料	螺钉	松质骨螺钉	079	螺钉	01	不锈钢	001	锁定/全螺纹/灭菌/直径≤2.7mm以下
	1199	1199	C03120407901002	骨科材料	螺钉	松质骨螺钉	079	螺钉	01	不锈钢	002	锁定/全螺纹/灭菌/2.7＜直径≤4mm
	1200	1200	C03120407901003	骨科材料	螺钉	松质骨螺钉	079	螺钉	01	不锈钢	003	锁定/全螺纹/灭菌/直径＞4mm以上
	1201	1201	C03120407901004	骨科材料	螺钉	松质骨螺钉	079	螺钉	01	不锈钢	004	锁定/全螺纹/非灭菌/直径≤2.7mm以下
	1202	1202	C03120407901005	骨科材料	螺钉	松质骨螺钉	079	螺钉	01	不锈钢	005	锁定/全螺纹/非灭菌/2.7＜直径≤4mm
	1203	1203	C03120407901006	骨科材料	螺钉	松质骨螺钉	079	螺钉	01	不锈钢	006	锁定/全螺纹/非灭菌/直径＞4mm以上
	1204	1204	C03120407901007	骨科材料	螺钉	松质骨螺钉	079	螺钉	01	不锈钢	007	锁定/非全螺纹/灭菌/直径≤2.7mm以下
	1205	1205	C03120407901008	骨科材料	螺钉	松质骨螺钉	079	螺钉	01	不锈钢	008	锁定/非全螺纹/灭菌/2.7＜直径≤4mm
	1206	1206	C03120407901009	骨科材料	螺钉	松质骨螺钉	079	螺钉	01	不锈钢	009	锁定/非全螺纹/灭菌/直径＞4mm以上
	1207	1207	C03120407901010	骨科材料	螺钉	松质骨螺钉	079	螺钉	01	不锈钢	010	锁定/非全螺纹/非灭菌/直径≤2.7mm以下
	1208	1208	C03120407901011	骨科材料	螺钉	松质骨螺钉	079	螺钉	01	不锈钢	011	锁定/非全螺纹/非灭菌/2.7＜直径≤4mm
	1209	1209	C03120407901012	骨科材料	螺钉	松质骨螺钉	079	螺钉	01	不锈钢	012	锁定/非全螺纹/非灭菌/直径＞4mm以上
	1210	1210	C03120407901013	骨科材料	螺钉	松质骨螺钉	079	螺钉	01	不锈钢	013	非锁定/全螺纹/灭菌/直径≤2.7mm以下
	1211	1211	C03120407901014	骨科材料	螺钉	松质骨螺钉	079	螺钉	01	不锈钢	014	非锁定/全螺纹/灭菌/2.7＜直径≤4mm
	1212	1212	C03120407901015	骨科材料	螺钉	松质骨螺钉	079	螺钉	01	不锈钢	015	非锁定/全螺纹/灭菌/直径＞4mm以上
	1213	1213	C03120407901016	骨科材料	螺钉	松质骨螺钉	079	螺钉	01	不锈钢	016	非锁定/全螺纹/非灭菌/直径≤2.7mm以下
	1214	1214	C03120407901017	骨科材料	螺钉	松质骨螺钉	079	螺钉	01	不锈钢	017	非锁定/全螺纹/非灭菌/2.7＜直径≤4mm
	1215	1215	C03120407901018	骨科材料	螺钉	松质骨螺钉	079	螺钉	01	不锈钢	018	非锁定/全螺纹/非灭菌/直径＞4mm以上
	1216	1216	C03120407901019	骨科材料	螺钉	松质骨螺钉	079	螺钉	01	不锈钢	019	非锁定/非全螺纹/灭菌/直径≤2.7mm以下
	1217	1217	C03120407901020	骨科材料	螺钉	松质骨螺钉	079	螺钉	01	不锈钢	020	非锁定/非全螺纹/灭菌/2.7＜直径≤4mm
	1218	1218	C03120407901021	骨科材料	螺钉	松质骨螺钉	079	螺钉	01	不锈钢	021	非锁定/非全螺纹/灭菌/直径＞4mm以上
	1219	1219	C03120407901022	骨科材料	螺钉	松质骨螺钉	079	螺钉	01	不锈钢	022	非锁定/非全螺纹/非灭菌/直径≤2.7mm以下
	1220	1220	C03120407901023	骨科材料	螺钉	松质骨螺钉	079	螺钉	01	不锈钢	023	非锁定/非全螺纹/非灭菌/2.7＜直径≤4mm
	1221	1221	C03120407901024	骨科材料	螺钉	松质骨螺钉	079	螺钉	01	不锈钢	024	非锁定/非全螺纹/非灭菌/直径＞4mm以上
	1222	1222	C03120407902001	骨科材料	螺钉	松质骨螺钉	079	螺钉	02	纯钛	001	锁定/全螺纹/灭菌/直径≤2.7mm以下
	1223	1223	C03120407902002	骨科材料	螺钉	松质骨螺钉	079	螺钉	02	纯钛	002	锁定/全螺纹/灭菌/2.7＜直径≤4mm
	1224	1224	C03120407902003	骨科材料	螺钉	松质骨螺钉	079	螺钉	02	纯钛	003	锁定/全螺纹/灭菌/直径＞4mm以上
	1225	1225	C03120407902004	骨科材料	螺钉	松质骨螺钉	079	螺钉	02	纯钛	004	锁定/全螺纹/非灭菌/直径≤2.7mm以下
	1226	1226	C03120407902005	骨科材料	螺钉	松质骨螺钉	079	螺钉	02	纯钛	005	锁定/全螺纹/非灭菌/2.7＜直径≤4mm
	1227	1227	C03120407902006	骨科材料	螺钉	松质骨螺钉	079	螺钉	02	纯钛	006	锁定/全螺纹/非灭菌/直径＞4mm以上
	1228	1228	C03120407902007	骨科材料	螺钉	松质骨螺钉	079	螺钉	02	纯钛	007	锁定/非全螺纹/灭菌/直径≤2.7mm以下
	1229	1229	C03120407902008	骨科材料	螺钉	松质骨螺钉	079	螺钉	02	纯钛	008	锁定/非全螺纹/灭菌/2.7＜直径≤4mm
	1230	1230	C03120407902009	骨科材料	螺钉	松质骨螺钉	079	螺钉	02	纯钛	009	锁定/非全螺纹/灭菌/直径＞4mm以上
	1231	1231	C03120407902010	骨科材料	螺钉	松质骨螺钉	079	螺钉	02	纯钛	010	锁定/非全螺纹/非灭菌/直径≤2.7mm以下
	1232	1232	C03120407902011	骨科材料	螺钉	松质骨螺钉	079	螺钉	02	纯钛	011	锁定/非全螺纹/非灭菌/2.7＜直径≤4mm
	1233	1233	C03120407902012	骨科材料	螺钉	松质骨螺钉	079	螺钉	02	纯钛	012	锁定/非全螺纹/非灭菌/直径＞4mm以上
	1234	1234	C03120407902013	骨科材料	螺钉	松质骨螺钉	079	螺钉	02	纯钛	013	非锁定/全螺纹/灭菌/直径≤2.7mm以下
	1235	1235	C03120407902014	骨科材料	螺钉	松质骨螺钉	079	螺钉	02	纯钛	014	非锁定/全螺纹/灭菌/2.7＜直径≤4mm
	1236	1236	C03120407902015	骨科材料	螺钉	松质骨螺钉	079	螺钉	02	纯钛	015	非锁定/全螺纹/灭菌/直径＞4mm以上
	1237	1237	C03120407902016	骨科材料	螺钉	松质骨螺钉	079	螺钉	02	纯钛	016	非锁定/全螺纹/非灭菌/直径≤2.7mm以下
	1238	1238	C03120407902017	骨科材料	螺钉	松质骨螺钉	079	螺钉	02	纯钛	017	非锁定/全螺纹/非灭菌/2.7＜直径≤4mm
	1239	1239	C03120407902018	骨科材料	螺钉	松质骨螺钉	079	螺钉	02	纯钛	018	非锁定/全螺纹/非灭菌/直径＞4mm以上
	1240	1240	C03120407902019	骨科材料	螺钉	松质骨螺钉	079	螺钉	02	纯钛	019	非锁定/非全螺纹/灭菌/直径≤2.7mm以下
	1241	1241	C03120407902020	骨科材料	螺钉	松质骨螺钉	079	螺钉	02	纯钛	020	非锁定/非全螺纹/灭菌/2.7＜直径≤4mm
	1242	1242	C03120407902021	骨科材料	螺钉	松质骨螺钉	079	螺钉	02	纯钛	021	非锁定/非全螺纹/灭菌/直径＞4mm以上
	1243	1243	C03120407902022	骨科材料	螺钉	松质骨螺钉	079	螺钉	02	纯钛	022	非锁定/非全螺纹/非灭菌/直径≤2.7mm以下
	1244	1244	C03120407902023	骨科材料	螺钉	松质骨螺钉	079	螺钉	02	纯钛	023	非锁定/非全螺纹/非灭菌/2.7＜直径≤4mm
	1245	1245	C03120407902024	骨科材料	螺钉	松质骨螺钉	079	螺钉	02	纯钛	024	非锁定/非全螺纹/非灭菌/直径＞4mm以上
	1246	1246	C03120407903001	骨科材料	螺钉	松质骨螺钉	079	螺钉	03	钛合金	001	锁定/全螺纹/灭菌/直径≤2.7mm以下
	1247	1247	C03120407903002	骨科材料	螺钉	松质骨螺钉	079	螺钉	03	钛合金	002	锁定/全螺纹/灭菌/2.7＜直径≤4mm
	1248	1248	C03120407903003	骨科材料	螺钉	松质骨螺钉	079	螺钉	03	钛合金	003	锁定/全螺纹/灭菌/直径＞4mm以上
	1249	1249	C03120407903004	骨科材料	螺钉	松质骨螺钉	079	螺钉	03	钛合金	004	锁定/全螺纹/非灭菌/直径≤2.7mm以下
	1250	1250	C03120407903005	骨科材料	螺钉	松质骨螺钉	079	螺钉	03	钛合金	005	锁定/全螺纹/非灭菌/2.7＜直径≤4mm
	1251	1251	C03120407903006	骨科材料	螺钉	松质骨螺钉	079	螺钉	03	钛合金	006	锁定/全螺纹/非灭菌/直径＞4mm以上
	1252	1252	C03120407903007	骨科材料	螺钉	松质骨螺钉	079	螺钉	03	钛合金	007	锁定/非全螺纹/灭菌/直径≤2.7mm以下
	1253	1253	C03120407903008	骨科材料	螺钉	松质骨螺钉	079	螺钉	03	钛合金	008	锁定/非全螺纹/灭菌/2.7＜直径≤4mm
	1254	1254	C03120407903009	骨科材料	螺钉	松质骨螺钉	079	螺钉	03	钛合金	009	锁定/非全螺纹/灭菌/直径＞4mm以上
	1255	1255	C03120407903010	骨科材料	螺钉	松质骨螺钉	079	螺钉	03	钛合金	010	锁定/非全螺纹/非灭菌/直径≤2.7mm以下
	1256	1256	C03120407903011	骨科材料	螺钉	松质骨螺钉	079	螺钉	03	钛合金	011	锁定/非全螺纹/非灭菌/2.7＜直径≤4mm
	1257	1257	C03120407903012	骨科材料	螺钉	松质骨螺钉	079	螺钉	03	钛合金	012	锁定/非全螺纹/非灭菌/直径＞4mm以上
	1258	1258	C03120407903013	骨科材料	螺钉	松质骨螺钉	079	螺钉	03	钛合金	013	非锁定/全螺纹/灭菌/直径≤2.7mm以下
	1259	1259	C03120407903014	骨科材料	螺钉	松质骨螺钉	079	螺钉	03	钛合金	014	非锁定/全螺纹/灭菌/2.7＜直径≤4mm
	1260	1260	C03120407903015	骨科材料	螺钉	松质骨螺钉	079	螺钉	03	钛合金	015	非锁定/全螺纹/灭菌/直径＞4mm以上
	1261	1261	C03120407903016	骨科材料	螺钉	松质骨螺钉	079	螺钉	03	钛合金	016	非锁定/全螺纹/非灭菌/直径≤2.7mm以下
	1262	1262	C03120407903017	骨科材料	螺钉	松质骨螺钉	079	螺钉	03	钛合金	017	非锁定/全螺纹/非灭菌/2.7＜直径≤4mm
	1263	1263	C03120407903018	骨科材料	螺钉	松质骨螺钉	079	螺钉	03	钛合金	018	非锁定/全螺纹/非灭菌/直径＞4mm以上
	1264	1264	C03120407903019	骨科材料	螺钉	松质骨螺钉	079	螺钉	03	钛合金	019	非锁定/非全螺纹/灭菌/直径≤2.7mm以下
	1265	1265	C03120407903020	骨科材料	螺钉	松质骨螺钉	079	螺钉	03	钛合金	020	非锁定/非全螺纹/灭菌/2.7＜直径≤4mm
	1266	1266	C03120407903021	骨科材料	螺钉	松质骨螺钉	079	螺钉	03	钛合金	021	非锁定/非全螺纹/灭菌/直径＞4mm以上
	1267	1267	C03120407903022	骨科材料	螺钉	松质骨螺钉	079	螺钉	03	钛合金	022	非锁定/非全螺纹/非灭菌/直径≤2.7mm以下
	1268	1268	C03120407903023	骨科材料	螺钉	松质骨螺钉	079	螺钉	03	钛合金	023	非锁定/非全螺纹/非灭菌/2.7＜直径≤4mm
	1269	1269	C03120407903024	骨科材料	螺钉	松质骨螺钉	079	螺钉	03	钛合金	024	非锁定/非全螺纹/非灭菌/直径＞4mm以上
	1270	1270	C03120407904001	骨科材料	螺钉	松质骨螺钉	079	螺钉	04	其他材料	001	锁定/全螺纹/灭菌/直径≤2.7mm以下
	1271	1271	C03120407904002	骨科材料	螺钉	松质骨螺钉	079	螺钉	04	其他材料	002	锁定/全螺纹/灭菌/2.7＜直径≤4mm
	1272	1272	C03120407904003	骨科材料	螺钉	松质骨螺钉	079	螺钉	04	其他材料	003	锁定/全螺纹/灭菌/直径＞4mm以上
	1273	1273	C03120407904004	骨科材料	螺钉	松质骨螺钉	079	螺钉	04	其他材料	004	锁定/全螺纹/非灭菌/直径≤2.7mm以下
	1274	1274	C03120407904005	骨科材料	螺钉	松质骨螺钉	079	螺钉	04	其他材料	005	锁定/全螺纹/非灭菌/2.7＜直径≤4mm
	1275	1275	C03120407904006	骨科材料	螺钉	松质骨螺钉	079	螺钉	04	其他材料	006	锁定/全螺纹/非灭菌/直径＞4mm以上
	1276	1276	C03120407904007	骨科材料	螺钉	松质骨螺钉	079	螺钉	04	其他材料	007	锁定/非全螺纹/灭菌/直径≤2.7mm以下
	1277	1277	C03120407904008	骨科材料	螺钉	松质骨螺钉	079	螺钉	04	其他材料	008	锁定/非全螺纹/灭菌/2.7＜直径≤4mm
	1278	1278	C03120407904009	骨科材料	螺钉	松质骨螺钉	079	螺钉	04	其他材料	009	锁定/非全螺纹/灭菌/直径＞4mm以上
	1279	1279	C03120407904010	骨科材料	螺钉	松质骨螺钉	079	螺钉	04	其他材料	010	锁定/非全螺纹/非灭菌/直径≤2.7mm以下
	1280	1280	C03120407904011	骨科材料	螺钉	松质骨螺钉	079	螺钉	04	其他材料	011	锁定/非全螺纹/非灭菌/2.7＜直径≤4mm
	1281	1281	C03120407904012	骨科材料	螺钉	松质骨螺钉	079	螺钉	04	其他材料	012	锁定/非全螺纹/非灭菌/直径＞4mm以上
	1282	1282	C03120407904013	骨科材料	螺钉	松质骨螺钉	079	螺钉	04	其他材料	013	非锁定/全螺纹/灭菌/直径≤2.7mm以下
	1283	1283	C03120407904014	骨科材料	螺钉	松质骨螺钉	079	螺钉	04	其他材料	014	非锁定/全螺纹/灭菌/2.7＜直径≤4mm
	1284	1284	C03120407904015	骨科材料	螺钉	松质骨螺钉	079	螺钉	04	其他材料	015	非锁定/全螺纹/灭菌/直径＞4mm以上
	1285	1285	C03120407904016	骨科材料	螺钉	松质骨螺钉	079	螺钉	04	其他材料	016	非锁定/全螺纹/非灭菌/直径≤2.7mm以下
	1286	1286	C03120407904017	骨科材料	螺钉	松质骨螺钉	079	螺钉	04	其他材料	017	非锁定/全螺纹/非灭菌/2.7＜直径≤4mm
	1287	1287	C03120407904018	骨科材料	螺钉	松质骨螺钉	079	螺钉	04	其他材料	018	非锁定/全螺纹/非灭菌/直径＞4mm以上
	1288	1288	C03120407904019	骨科材料	螺钉	松质骨螺钉	079	螺钉	04	其他材料	019	非锁定/非全螺纹/灭菌/直径≤2.7mm以下
	1289	1289	C03120407904020	骨科材料	螺钉	松质骨螺钉	079	螺钉	04	其他材料	020	非锁定/非全螺纹/灭菌/2.7＜直径≤4mm
	1290	1290	C03120407904021	骨科材料	螺钉	松质骨螺钉	079	螺钉	04	其他材料	021	非锁定/非全螺纹/灭菌/直径＞4mm以上
	1291	1291	C03120407904022	骨科材料	螺钉	松质骨螺钉	079	螺钉	04	其他材料	022	非锁定/非全螺纹/非灭菌/直径≤2.7mm以下
	1292	1292	C03120407904023	骨科材料	螺钉	松质骨螺钉	079	螺钉	04	其他材料	023	非锁定/非全螺纹/非灭菌/2.7＜直径≤4mm
	1293	1293	C03120407904024	骨科材料	螺钉	松质骨螺钉	079	螺钉	04	其他材料	024	非锁定/非全螺纹/非灭菌/直径＞4mm以上
	1294	1294	C03120507901001	骨科材料	螺钉	空心钉	079	螺钉	01	不锈钢	001	埋头/锁定/灭菌/直径≤4mm以下
	1295	1295	C03120507901002	骨科材料	螺钉	空心钉	079	螺钉	01	不锈钢	002	埋头/锁定/灭菌/4＜直径≤7mm
	1296	1296	C03120507901003	骨科材料	螺钉	空心钉	079	螺钉	01	不锈钢	003	埋头/锁定/灭菌/直径＞7mm以上
	1297	1297	C03120507901004	骨科材料	螺钉	空心钉	079	螺钉	01	不锈钢	004	埋头/锁定/非灭菌/直径≤4mm以下
	1298	1298	C03120507901005	骨科材料	螺钉	空心钉	079	螺钉	01	不锈钢	005	埋头/锁定/非灭菌/4＜直径≤7mm
	1299	1299	C03120507901006	骨科材料	螺钉	空心钉	079	螺钉	01	不锈钢	006	埋头/锁定/非灭菌/直径＞7mm以上
	1300	1300	C03120507901007	骨科材料	螺钉	空心钉	079	螺钉	01	不锈钢	007	埋头/非锁定/灭菌/直径≤4mm以下
	1301	1301	C03120507901008	骨科材料	螺钉	空心钉	079	螺钉	01	不锈钢	008	埋头/非锁定/灭菌/4＜直径≤7mm
	1302	1302	C03120507901009	骨科材料	螺钉	空心钉	079	螺钉	01	不锈钢	009	埋头/非锁定/灭菌/直径＞7mm以上
	1303	1303	C03120507901010	骨科材料	螺钉	空心钉	079	螺钉	01	不锈钢	010	埋头/非锁定/非灭菌/直径≤4mm以下
	1304	1304	C03120507901011	骨科材料	螺钉	空心钉	079	螺钉	01	不锈钢	011	埋头/非锁定/非灭菌/4＜直径≤7mm
	1305	1305	C03120507901012	骨科材料	螺钉	空心钉	079	螺钉	01	不锈钢	012	埋头/非锁定/非灭菌/直径＞7mm以上
	1306	1306	C03120507901013	骨科材料	螺钉	空心钉	079	螺钉	01	不锈钢	013	非埋头/锁定/灭菌/直径≤4mm以下
	1307	1307	C03120507901014	骨科材料	螺钉	空心钉	079	螺钉	01	不锈钢	014	非埋头/锁定/灭菌/4＜直径≤7mm
	1308	1308	C03120507901015	骨科材料	螺钉	空心钉	079	螺钉	01	不锈钢	015	非埋头/锁定/灭菌/直径＞7mm以上
	1309	1309	C03120507901016	骨科材料	螺钉	空心钉	079	螺钉	01	不锈钢	016	非埋头/锁定/非灭菌/直径≤4mm以下
	1310	1310	C03120507901017	骨科材料	螺钉	空心钉	079	螺钉	01	不锈钢	017	非埋头/锁定/非灭菌/4＜直径≤7mm
	1311	1311	C03120507901018	骨科材料	螺钉	空心钉	079	螺钉	01	不锈钢	018	非埋头/锁定/非灭菌/直径＞7mm以上
	1312	1312	C03120507901019	骨科材料	螺钉	空心钉	079	螺钉	01	不锈钢	019	非埋头/非锁定/灭菌/直径≤4mm以下
	1313	1313	C03120507901020	骨科材料	螺钉	空心钉	079	螺钉	01	不锈钢	020	非埋头/非锁定/灭菌/4＜直径≤7mm
	1314	1314	C03120507901021	骨科材料	螺钉	空心钉	079	螺钉	01	不锈钢	021	非埋头/非锁定/灭菌/直径＞7mm以上
	1315	1315	C03120507901022	骨科材料	螺钉	空心钉	079	螺钉	01	不锈钢	022	非埋头/非锁定/非灭菌/直径≤4mm以下
	1316	1316	C03120507901023	骨科材料	螺钉	空心钉	079	螺钉	01	不锈钢	023	非埋头/非锁定/非灭菌/4＜直径≤7mm
	1317	1317	C03120507901024	骨科材料	螺钉	空心钉	079	螺钉	01	不锈钢	024	非埋头/非锁定/非灭菌/直径＞7mm以上
	1318	1318	C03120507902001	骨科材料	螺钉	空心钉	079	螺钉	02	纯钛	001	埋头/锁定/灭菌/直径≤4mm以下
	1319	1319	C03120507902002	骨科材料	螺钉	空心钉	079	螺钉	02	纯钛	002	埋头/锁定/灭菌/4＜直径≤7mm
	1320	1320	C03120507902003	骨科材料	螺钉	空心钉	079	螺钉	02	纯钛	003	埋头/锁定/灭菌/直径＞7mm以上
	1321	1321	C03120507902004	骨科材料	螺钉	空心钉	079	螺钉	02	纯钛	004	埋头/锁定/非灭菌/直径≤4mm以下
	1322	1322	C03120507902005	骨科材料	螺钉	空心钉	079	螺钉	02	纯钛	005	埋头/锁定/非灭菌/4＜直径≤7mm
	1323	1323	C03120507902006	骨科材料	螺钉	空心钉	079	螺钉	02	纯钛	006	埋头/锁定/非灭菌/直径＞7mm以上
	1324	1324	C03120507902007	骨科材料	螺钉	空心钉	079	螺钉	02	纯钛	007	埋头/非锁定/灭菌/直径≤4mm以下
	1325	1325	C03120507902008	骨科材料	螺钉	空心钉	079	螺钉	02	纯钛	008	埋头/非锁定/灭菌/4＜直径≤7mm
	1326	1326	C03120507902009	骨科材料	螺钉	空心钉	079	螺钉	02	纯钛	009	埋头/非锁定/灭菌/直径＞7mm以上
	1327	1327	C03120507902010	骨科材料	螺钉	空心钉	079	螺钉	02	纯钛	010	埋头/非锁定/非灭菌/直径≤4mm以下
	1328	1328	C03120507902011	骨科材料	螺钉	空心钉	079	螺钉	02	纯钛	011	埋头/非锁定/非灭菌/4＜直径≤7mm
	1329	1329	C03120507902012	骨科材料	螺钉	空心钉	079	螺钉	02	纯钛	012	埋头/非锁定/非灭菌/直径＞7mm以上
	1330	1330	C03120507902013	骨科材料	螺钉	空心钉	079	螺钉	02	纯钛	013	非埋头/锁定/灭菌/直径≤4mm以下
	1331	1331	C03120507902014	骨科材料	螺钉	空心钉	079	螺钉	02	纯钛	014	非埋头/锁定/灭菌/4＜直径≤7mm
	1332	1332	C03120507902015	骨科材料	螺钉	空心钉	079	螺钉	02	纯钛	015	非埋头/锁定/灭菌/直径＞7mm以上
	1333	1333	C03120507902016	骨科材料	螺钉	空心钉	079	螺钉	02	纯钛	016	非埋头/锁定/非灭菌/直径≤4mm以下
	1334	1334	C03120507902017	骨科材料	螺钉	空心钉	079	螺钉	02	纯钛	017	非埋头/锁定/非灭菌/4＜直径≤7mm
	1335	1335	C03120507902018	骨科材料	螺钉	空心钉	079	螺钉	02	纯钛	018	非埋头/锁定/非灭菌/直径＞7mm以上
	1336	1336	C03120507902019	骨科材料	螺钉	空心钉	079	螺钉	02	纯钛	019	非埋头/非锁定/灭菌/直径≤4mm以下
	1337	1337	C03120507902020	骨科材料	螺钉	空心钉	079	螺钉	02	纯钛	020	非埋头/非锁定/灭菌/4＜直径≤7mm
	1338	1338	C03120507902021	骨科材料	螺钉	空心钉	079	螺钉	02	纯钛	021	非埋头/非锁定/灭菌/直径＞7mm以上
	1339	1339	C03120507902022	骨科材料	螺钉	空心钉	079	螺钉	02	纯钛	022	非埋头/非锁定/非灭菌/直径≤4mm以下
	1340	1340	C03120507902023	骨科材料	螺钉	空心钉	079	螺钉	02	纯钛	023	非埋头/非锁定/非灭菌/4＜直径≤7mm
	1341	1341	C03120507902024	骨科材料	螺钉	空心钉	079	螺钉	02	纯钛	024	非埋头/非锁定/非灭菌/直径＞7mm以上
	1342	1342	C03120507903001	骨科材料	螺钉	空心钉	079	螺钉	03	钛合金	001	埋头/锁定/灭菌/直径≤4mm以下
	1343	1343	C03120507903002	骨科材料	螺钉	空心钉	079	螺钉	03	钛合金	002	埋头/锁定/灭菌/4＜直径≤7mm
	1344	1344	C03120507903003	骨科材料	螺钉	空心钉	079	螺钉	03	钛合金	003	埋头/锁定/灭菌/直径＞7mm以上
	1345	1345	C03120507903004	骨科材料	螺钉	空心钉	079	螺钉	03	钛合金	004	埋头/锁定/非灭菌/直径≤4mm以下
	1346	1346	C03120507903005	骨科材料	螺钉	空心钉	079	螺钉	03	钛合金	005	埋头/锁定/非灭菌/4＜直径≤7mm
	1347	1347	C03120507903006	骨科材料	螺钉	空心钉	079	螺钉	03	钛合金	006	埋头/锁定/非灭菌/直径＞7mm以上
	1348	1348	C03120507903007	骨科材料	螺钉	空心钉	079	螺钉	03	钛合金	007	埋头/非锁定/灭菌/直径≤4mm以下
	1349	1349	C03120507903008	骨科材料	螺钉	空心钉	079	螺钉	03	钛合金	008	埋头/非锁定/灭菌/4＜直径≤7mm
	1350	1350	C03120507903009	骨科材料	螺钉	空心钉	079	螺钉	03	钛合金	009	埋头/非锁定/灭菌/直径＞7mm以上
	1351	1351	C03120507903010	骨科材料	螺钉	空心钉	079	螺钉	03	钛合金	010	埋头/非锁定/非灭菌/直径≤4mm以下
	1352	1352	C03120507903011	骨科材料	螺钉	空心钉	079	螺钉	03	钛合金	011	埋头/非锁定/非灭菌/4＜直径≤7mm
	1353	1353	C03120507903012	骨科材料	螺钉	空心钉	079	螺钉	03	钛合金	012	埋头/非锁定/非灭菌/直径＞7mm以上
	1354	1354	C03120507903013	骨科材料	螺钉	空心钉	079	螺钉	03	钛合金	013	非埋头/锁定/灭菌/直径≤4mm以下
	1355	1355	C03120507903014	骨科材料	螺钉	空心钉	079	螺钉	03	钛合金	014	非埋头/锁定/灭菌/4＜直径≤7mm
	1356	1356	C03120507903015	骨科材料	螺钉	空心钉	079	螺钉	03	钛合金	015	非埋头/锁定/灭菌/直径＞7mm以上
	1357	1357	C03120507903016	骨科材料	螺钉	空心钉	079	螺钉	03	钛合金	016	非埋头/锁定/非灭菌/直径≤4mm以下
	1358	1358	C03120507903017	骨科材料	螺钉	空心钉	079	螺钉	03	钛合金	017	非埋头/锁定/非灭菌/4＜直径≤7mm
	1359	1359	C03120507903018	骨科材料	螺钉	空心钉	079	螺钉	03	钛合金	018	非埋头/锁定/非灭菌/直径＞7mm以上
	1360	1360	C03120507903019	骨科材料	螺钉	空心钉	079	螺钉	03	钛合金	019	非埋头/非锁定/灭菌/直径≤4mm以下
	1361	1361	C03120507903020	骨科材料	螺钉	空心钉	079	螺钉	03	钛合金	020	非埋头/非锁定/灭菌/4＜直径≤7mm
	1362	1362	C03120507903021	骨科材料	螺钉	空心钉	079	螺钉	03	钛合金	021	非埋头/非锁定/灭菌/直径＞7mm以上
	1363	1363	C03120507903022	骨科材料	螺钉	空心钉	079	螺钉	03	钛合金	022	非埋头/非锁定/非灭菌/直径≤4mm以下
	1364	1364	C03120507903023	骨科材料	螺钉	空心钉	079	螺钉	03	钛合金	023	非埋头/非锁定/非灭菌/4＜直径≤7mm
	1365	1365	C03120507903024	骨科材料	螺钉	空心钉	079	螺钉	03	钛合金	024	非埋头/非锁定/非灭菌/直径＞7mm以上
	1366	1366	C03120607901000	骨科材料	螺钉	胸肋骨螺钉	079	螺钉	01	不锈钢	000	常规
	1367	1367	C03120607902000	骨科材料	螺钉	胸肋骨螺钉	079	螺钉	02	纯钛	000	常规
	1368	1368	C03120607903000	骨科材料	螺钉	胸肋骨螺钉	079	螺钉	03	钛合金	000	常规
	1369	1369	C03120707901001	骨科材料	螺钉	其他螺钉	079	螺钉	01	不锈钢	001	灭菌/直径≤4mm以下
	1370	1370	C03120707901002	骨科材料	螺钉	其他螺钉	079	螺钉	01	不锈钢	002	灭菌/4＜直径≤7mm
	1371	1371	C03120707901003	骨科材料	螺钉	其他螺钉	079	螺钉	01	不锈钢	003	灭菌/直径＞7mm以上
	1372	1372	C03120707901004	骨科材料	螺钉	其他螺钉	079	螺钉	01	不锈钢	004	非灭菌/直径≤4mm以下
	1373	1373	C03120707901005	骨科材料	螺钉	其他螺钉	079	螺钉	01	不锈钢	005	非灭菌/4＜直径≤7mm
	1374	1374	C03120707901006	骨科材料	螺钉	其他螺钉	079	螺钉	01	不锈钢	006	非灭菌/直径＞7mm以上
	1375	1375	C03120707902001	骨科材料	螺钉	其他螺钉	079	螺钉	02	纯钛	001	灭菌/直径≤4mm以下
	1376	1376	C03120707902002	骨科材料	螺钉	其他螺钉	079	螺钉	02	纯钛	002	灭菌/4＜直径≤7mm
	1377	1377	C03120707902003	骨科材料	螺钉	其他螺钉	079	螺钉	02	纯钛	003	灭菌/直径＞7mm以上
	1378	1378	C03120707902004	骨科材料	螺钉	其他螺钉	079	螺钉	02	纯钛	004	非灭菌/直径≤4mm以下
	1379	1379	C03120707902005	骨科材料	螺钉	其他螺钉	079	螺钉	02	纯钛	005	非灭菌/4＜直径≤7mm
	1380	1380	C03120707902006	骨科材料	螺钉	其他螺钉	079	螺钉	02	纯钛	006	非灭菌/直径＞7mm以上
	1381	1381	C03120707903001	骨科材料	螺钉	其他螺钉	079	螺钉	03	钛合金	001	灭菌/直径≤4mm以下
	1382	1382	C03120707903002	骨科材料	螺钉	其他螺钉	079	螺钉	03	钛合金	002	灭菌/4＜直径≤7mm
	1383	1383	C03120707903003	骨科材料	螺钉	其他螺钉	079	螺钉	03	钛合金	003	灭菌/直径＞7mm以上
	1384	1384	C03120707903004	骨科材料	螺钉	其他螺钉	079	螺钉	03	钛合金	004	非灭菌/直径≤4mm以下
	1385	1385	C03120707903005	骨科材料	螺钉	其他螺钉	079	螺钉	03	钛合金	005	非灭菌/4＜直径≤7mm
	1386	1386	C03120707903006	骨科材料	螺钉	其他螺钉	079	螺钉	03	钛合金	006	非灭菌/直径＞7mm以上
导丝	1387	1	C02022100300000	血管介入治疗类材料	冠脉介入治疗材料	冠脉导引导丝	003	导丝	00	不区分	000	常规
	1388	2	C02022200300001	血管介入治疗类材料	冠脉介入治疗材料	冠脉造影导丝	003	导丝	00	不区分	001	长度＜2.6m
	1389	3	C02022200300002	血管介入治疗类材料	冠脉介入治疗材料	冠脉造影导丝	003	导丝	00	不区分	002	长度≥2.6m
	1390	4	C02022300300000	血管介入治疗类材料	冠脉介入治疗材料	冠脉旋磨导丝	003	导丝	00	不区分	000	常规
	1391	5	C02022400300000	血管介入治疗类材料	冠脉介入治疗材料	冠脉压力导丝	003	导丝	00	不区分	000	常规
	1392	6	C02022500300000	血管介入治疗类材料	冠脉介入治疗材料	冠脉其他导丝	003	导丝	00	不区分	000	其他
	1393	7	C02022500300001	血管介入治疗类材料	冠脉介入治疗材料	冠脉其他导丝	003	导丝	00	不区分	001	CTO
	1394	8	C02030300300000	血管介入治疗类材料	结构心脏病用材料	结构心脏病专用导丝	003	导丝	00	不区分	000	其他导丝
	1395	9	C02030300300001	血管介入治疗类材料	结构心脏病用材料	结构心脏病专用导丝	003	导丝	00	不区分	001	交换导丝
	1396	10	C02030300300002	血管介入治疗类材料	结构心脏病用材料	结构心脏病专用导丝	003	导丝	00	不区分	002	网篮导丝
	1397	11	C02030300300003	血管介入治疗类材料	结构心脏病用材料	结构心脏病专用导丝	003	导丝	00	不区分	003	微导丝
	1398	12	C02051000300001	血管介入治疗类材料	神经介入治疗材料	神经介入治疗导丝	003	导丝	00	不区分	001	压力
	1399	13	C02051000300002	血管介入治疗类材料	神经介入治疗材料	神经介入治疗导丝	003	导丝	00	不区分	002	导引
	1400	14	C02051200301001	血管介入治疗类材料	神经介入治疗材料	微导丝	003	导丝	01	合金	001	交换导丝
	1401	15	C02051200301002	血管介入治疗类材料	神经介入治疗材料	微导丝	003	导丝	01	合金	002	工作导丝
	1402	16	C02051200302001	血管介入治疗类材料	神经介入治疗材料	微导丝	003	导丝	02	不锈钢	001	交换导丝
	1403	17	C02051200302002	血管介入治疗类材料	神经介入治疗材料	微导丝	003	导丝	02	不锈钢	002	工作导丝
	1404	18	C02063700301001	血管介入治疗类材料	外周血管介入	导引导丝	003	导丝	01	不锈钢	001	普通/0.014英寸/长度＞2.6m
	1405	19	C02063700301002	血管介入治疗类材料	外周血管介入	导引导丝	003	导丝	01	不锈钢	002	普通/0.014英寸/长度≤2.6m
	1406	20	C02063700301003	血管介入治疗类材料	外周血管介入	导引导丝	003	导丝	01	不锈钢	003	普通/0.018英寸/长度＞2.6m
	1407	21	C02063700301004	血管介入治疗类材料	外周血管介入	导引导丝	003	导丝	01	不锈钢	004	普通/0.018英寸/长度≤2.6m
	1408	22	C02063700301005	血管介入治疗类材料	外周血管介入	导引导丝	003	导丝	01	不锈钢	005	普通/0.035英寸/长度＞2.6m
	1409	23	C02063700301006	血管介入治疗类材料	外周血管介入	导引导丝	003	导丝	01	不锈钢	006	普通/0.035英寸/长度≤2.6m
	1410	24	C02063700301007	血管介入治疗类材料	外周血管介入	导引导丝	003	导丝	01	不锈钢	007	普通/0.038英寸/长度＞2.6m
	1411	25	C02063700301008	血管介入治疗类材料	外周血管介入	导引导丝	003	导丝	01	不锈钢	008	普通/0.038英寸/长度≤2.6m
	1412	26	C02063700301009	血管介入治疗类材料	外周血管介入	导引导丝	003	导丝	01	不锈钢	009	加硬/0.014英寸/长度＞2.6m
	1413	27	C02063700301010	血管介入治疗类材料	外周血管介入	导引导丝	003	导丝	01	不锈钢	010	加硬/0.014英寸/长度≤2.6m
	1414	28	C02063700301011	血管介入治疗类材料	外周血管介入	导引导丝	003	导丝	01	不锈钢	011	加硬/0.018英寸/长度＞2.6m
	1415	29	C02063700301012	血管介入治疗类材料	外周血管介入	导引导丝	003	导丝	01	不锈钢	012	加硬/0.018英寸/长度≤2.6m
	1416	30	C02063700301013	血管介入治疗类材料	外周血管介入	导引导丝	003	导丝	01	不锈钢	013	加硬/0.035英寸/长度＞2.6m
	1417	31	C02063700301014	血管介入治疗类材料	外周血管介入	导引导丝	003	导丝	01	不锈钢	014	加硬/0.035英寸/长度≤2.6m
	1418	32	C02063700301015	血管介入治疗类材料	外周血管介入	导引导丝	003	导丝	01	不锈钢	015	加硬/0.038英寸/长度＞2.6m
	1419	33	C02063700301016	血管介入治疗类材料	外周血管介入	导引导丝	003	导丝	01	不锈钢	016	加硬/0.038英寸/长度≤2.6m
	1420	34	C02063700302001	血管介入治疗类材料	外周血管介入	导引导丝	003	导丝	02	合金	001	普通/0.014英寸/长度＞2.6m
	1421	35	C02063700302002	血管介入治疗类材料	外周血管介入	导引导丝	003	导丝	02	合金	002	普通/0.014英寸/长度≤2.6m
	1422	36	C02063700302003	血管介入治疗类材料	外周血管介入	导引导丝	003	导丝	02	合金	003	普通/0.018英寸/长度＞2.6m
	1423	37	C02063700302004	血管介入治疗类材料	外周血管介入	导引导丝	003	导丝	02	合金	004	普通/0.018英寸/长度≤2.6m
	1424	38	C02063700302005	血管介入治疗类材料	外周血管介入	导引导丝	003	导丝	02	合金	005	普通/0.035英寸/长度＞2.6m
	1425	39	C02063700302006	血管介入治疗类材料	外周血管介入	导引导丝	003	导丝	02	合金	006	普通/0.035英寸/长度≤2.6m
	1426	40	C02063700302007	血管介入治疗类材料	外周血管介入	导引导丝	003	导丝	02	合金	007	普通/0.038英寸/长度＞2.6m
	1427	41	C02063700302008	血管介入治疗类材料	外周血管介入	导引导丝	003	导丝	02	合金	008	普通/0.038英寸/长度≤2.6m
	1428	42	C02063700302009	血管介入治疗类材料	外周血管介入	导引导丝	003	导丝	02	合金	009	加硬/0.014英寸/长度＞2.6m
	1429	43	C02063700302010	血管介入治疗类材料	外周血管介入	导引导丝	003	导丝	02	合金	010	加硬/0.014英寸/长度≤2.6m
	1430	44	C02063700302011	血管介入治疗类材料	外周血管介入	导引导丝	003	导丝	02	合金	011	加硬/0.018英寸/长度＞2.6m
	1431	45	C02063700302012	血管介入治疗类材料	外周血管介入	导引导丝	003	导丝	02	合金	012	加硬/0.018英寸/长度≤2.6m
	1432	46	C02063700302013	血管介入治疗类材料	外周血管介入	导引导丝	003	导丝	02	合金	013	加硬/0.035英寸/长度＞2.6m
	1433	47	C02063700302014	血管介入治疗类材料	外周血管介入	导引导丝	003	导丝	02	合金	014	加硬/0.035英寸/长度≤2.6m
	1434	48	C02063700302015	血管介入治疗类材料	外周血管介入	导引导丝	003	导丝	02	合金	015	加硬/0.038英寸/长度＞2.6m
	1435	49	C02063700302016	血管介入治疗类材料	外周血管介入	导引导丝	003	导丝	02	合金	016	加硬/0.038英寸/长度≤2.6m
	1436	50	C02063800301001	血管介入治疗类材料	外周血管介入	微导丝	003	导丝	01	合金	001	头端直形/长度＜200cm
	1437	51	C02063800301002	血管介入治疗类材料	外周血管介入	微导丝	003	导丝	01	合金	002	头端直形/长度≥200cm
	1438	52	C02063800301003	血管介入治疗类材料	外周血管介入	微导丝	003	导丝	01	合金	003	头端预塑形/长度＜200cm
	1439	53	C02063800301004	血管介入治疗类材料	外周血管介入	微导丝	003	导丝	01	合金	004	头端预塑形/长度≥200cm
	1440	54	C02063800302001	血管介入治疗类材料	外周血管介入	微导丝	003	导丝	02	不锈钢	001	头端直形/长度＜200cm
	1441	55	C02063800302002	血管介入治疗类材料	外周血管介入	微导丝	003	导丝	02	不锈钢	002	头端直形/长度≥200cm
	1442	56	C02063800302003	血管介入治疗类材料	外周血管介入	微导丝	003	导丝	02	不锈钢	003	头端预塑形/长度＜200cm
	1443	57	C02063800302004	血管介入治疗类材料	外周血管介入	微导丝	003	导丝	02	不锈钢	004	头端预塑形/长度≥200cm
	1444	58	C02063900300000	血管介入治疗类材料	外周血管介入	外周血管其他导丝	003	导丝	00	不区分	000	常规
	1445	59	C02070600300000	血管介入治疗类材料	通用介入治疗材料	造影导丝	003	导丝	00	不区分	000	常规
	1446	60	C02070700300000	血管介入治疗类材料	通用介入治疗材料	弹簧圈推送导丝	003	导丝	00	不区分	000	常规
	1447	61	C02070800300000	血管介入治疗类材料	通用介入治疗材料	通用介入其他导丝	003	导丝	00	不区分	000	常规
耳内假体	1448	1	C06010113300000	人工器官、组织及配套材料	感觉器官、组织及配套材料	人工耳蜗	133	人工器官	00	不区分	000	常规
	1449	2	C06010213301000	人工器官、组织及配套材料	感觉器官、组织及配套材料	人工听小骨	133	人工器官	01	钛合金	000	常规
	1450	3	C06010213302000	人工器官、组织及配套材料	感觉器官、组织及配套材料	人工听小骨	133	人工器官	02	羟基磷灰石	000	常规
	1451	4	C06010213303000	人工器官、组织及配套材料	感觉器官、组织及配套材料	人工听小骨	133	人工器官	03	陶瓷	000	常规
	1452	5	C06010213304000	人工器官、组织及配套材料	感觉器官、组织及配套材料	人工听小骨	133	人工器官	04	特氟龙涂层	000	常规
	1453	6	C06010313300000	人工器官、组织及配套材料	感觉器官、组织及配套材料	骨导助听器	133	人工器官	00	不区分	000	常规
	1454	7	C06010413300000	人工器官、组织及配套材料	感觉器官、组织及配套材料	振动声桥	133	人工器官	00	不区分	000	常规
颌面部赝复及修复重建材料及制品	1455	1	C07010508101001	口腔材料	颌面整复材料	面部重建植入物	081	修复材料	01	硅橡胶	001	鼻/假体/可吸收
	1456	2	C07010508101002	口腔材料	颌面整复材料	面部重建植入物	081	修复材料	01	硅橡胶	002	鼻/假体/不可吸收
	1457	3	C07010508101003	口腔材料	颌面整复材料	面部重建植入物	081	修复材料	01	硅橡胶	003	鼻/修复材料 /可吸收
	1458	4	C07010508101004	口腔材料	颌面整复材料	面部重建植入物	081	修复材料	01	硅橡胶	004	鼻/修复材料 /不可吸收
	1459	5	C07010508101005	口腔材料	颌面整复材料	面部重建植入物	081	修复材料	01	硅橡胶	005	鼻/固定材料/可吸收
	1460	6	C07010508101006	口腔材料	颌面整复材料	面部重建植入物	081	修复材料	01	硅橡胶	006	鼻/固定材料/不可吸收
	1461	7	C07010508101007	口腔材料	颌面整复材料	面部重建植入物	081	修复材料	01	硅橡胶	007	颧骨 /假体/可吸收
	1462	8	C07010508101008	口腔材料	颌面整复材料	面部重建植入物	081	修复材料	01	硅橡胶	008	颧骨 /假体/不可吸收
	1463	9	C07010508101009	口腔材料	颌面整复材料	面部重建植入物	081	修复材料	01	硅橡胶	009	颧骨 /修复材料 /可吸收
	1464	10	C07010508101010	口腔材料	颌面整复材料	面部重建植入物	081	修复材料	01	硅橡胶	010	颧骨 /修复材料 /不可吸收
	1465	11	C07010508101011	口腔材料	颌面整复材料	面部重建植入物	081	修复材料	01	硅橡胶	011	颧骨 /固定材料/可吸收
	1466	12	C07010508101012	口腔材料	颌面整复材料	面部重建植入物	081	修复材料	01	硅橡胶	012	颧骨 /固定材料/不可吸收
	1467	13	C07010508101013	口腔材料	颌面整复材料	面部重建植入物	081	修复材料	01	硅橡胶	013	颏部/假体/可吸收
	1468	14	C07010508101014	口腔材料	颌面整复材料	面部重建植入物	081	修复材料	01	硅橡胶	014	颏部/假体/不可吸收
	1469	15	C07010508101015	口腔材料	颌面整复材料	面部重建植入物	081	修复材料	01	硅橡胶	015	颏部/修复材料 /可吸收
	1470	16	C07010508101016	口腔材料	颌面整复材料	面部重建植入物	081	修复材料	01	硅橡胶	016	颏部/修复材料 /不可吸收
	1471	17	C07010508101017	口腔材料	颌面整复材料	面部重建植入物	081	修复材料	01	硅橡胶	017	颏部/固定材料/可吸收
	1472	18	C07010508101018	口腔材料	颌面整复材料	面部重建植入物	081	修复材料	01	硅橡胶	018	颏部/固定材料/不可吸收
	1473	19	C07010508101019	口腔材料	颌面整复材料	面部重建植入物	081	修复材料	01	硅橡胶	019	下颌角/假体/可吸收
	1474	20	C07010508101020	口腔材料	颌面整复材料	面部重建植入物	081	修复材料	01	硅橡胶	020	下颌角/假体/不可吸收
	1475	21	C07010508101021	口腔材料	颌面整复材料	面部重建植入物	081	修复材料	01	硅橡胶	021	下颌角/修复材料 /可吸收
	1476	22	C07010508101022	口腔材料	颌面整复材料	面部重建植入物	081	修复材料	01	硅橡胶	022	下颌角/修复材料 /不可吸收
	1477	23	C07010508101023	口腔材料	颌面整复材料	面部重建植入物	081	修复材料	01	硅橡胶	023	下颌角/固定材料/可吸收
	1478	24	C07010508101024	口腔材料	颌面整复材料	面部重建植入物	081	修复材料	01	硅橡胶	024	下颌角/固定材料/不可吸收
	1479	25	C07010508101025	口腔材料	颌面整复材料	面部重建植入物	081	修复材料	01	硅橡胶	025	眼部/假体/可吸收
	1480	26	C07010508101026	口腔材料	颌面整复材料	面部重建植入物	081	修复材料	01	硅橡胶	026	眼部/假体/不可吸收
	1481	27	C07010508101027	口腔材料	颌面整复材料	面部重建植入物	081	修复材料	01	硅橡胶	027	眼部/修复材料 /可吸收
	1482	28	C07010508101028	口腔材料	颌面整复材料	面部重建植入物	081	修复材料	01	硅橡胶	028	眼部/修复材料 /不可吸收
	1483	29	C07010508101029	口腔材料	颌面整复材料	面部重建植入物	081	修复材料	01	硅橡胶	029	眼部/固定材料/可吸收
	1484	30	C07010508101030	口腔材料	颌面整复材料	面部重建植入物	081	修复材料	01	硅橡胶	030	眼部/固定材料/不可吸收
	1485	31	C07010508101031	口腔材料	颌面整复材料	面部重建植入物	081	修复材料	01	硅橡胶	031	上颌骨/假体/可吸收
	1486	32	C07010508101032	口腔材料	颌面整复材料	面部重建植入物	081	修复材料	01	硅橡胶	032	上颌骨/假体/不可吸收
	1487	33	C07010508101033	口腔材料	颌面整复材料	面部重建植入物	081	修复材料	01	硅橡胶	033	上颌骨/修复材料 /可吸收
	1488	34	C07010508101034	口腔材料	颌面整复材料	面部重建植入物	081	修复材料	01	硅橡胶	034	上颌骨/修复材料 /不可吸收
	1489	35	C07010508101035	口腔材料	颌面整复材料	面部重建植入物	081	修复材料	01	硅橡胶	035	上颌骨/固定材料/可吸收
	1490	36	C07010508101036	口腔材料	颌面整复材料	面部重建植入物	081	修复材料	01	硅橡胶	036	上颌骨/固定材料/不可吸收
	1491	37	C07010508102001	口腔材料	颌面整复材料	面部重建植入物	081	修复材料	02	膨体聚四氟乙烯	001	鼻/假体/可吸收
	1492	38	C07010508102002	口腔材料	颌面整复材料	面部重建植入物	081	修复材料	02	膨体聚四氟乙烯	002	鼻/假体/不可吸收
	1493	39	C07010508102003	口腔材料	颌面整复材料	面部重建植入物	081	修复材料	02	膨体聚四氟乙烯	003	鼻/修复材料 /可吸收
	1494	40	C07010508102004	口腔材料	颌面整复材料	面部重建植入物	081	修复材料	02	膨体聚四氟乙烯	004	鼻/修复材料 /不可吸收
	1495	41	C07010508102005	口腔材料	颌面整复材料	面部重建植入物	081	修复材料	02	膨体聚四氟乙烯	005	鼻/固定材料/可吸收
	1496	42	C07010508102006	口腔材料	颌面整复材料	面部重建植入物	081	修复材料	02	膨体聚四氟乙烯	006	鼻/固定材料/不可吸收
	1497	43	C07010508102007	口腔材料	颌面整复材料	面部重建植入物	081	修复材料	02	膨体聚四氟乙烯	007	颧骨 /假体/可吸收
	1498	44	C07010508102008	口腔材料	颌面整复材料	面部重建植入物	081	修复材料	02	膨体聚四氟乙烯	008	颧骨 /假体/不可吸收
	1499	45	C07010508102009	口腔材料	颌面整复材料	面部重建植入物	081	修复材料	02	膨体聚四氟乙烯	009	颧骨 /修复材料 /可吸收
	1500	46	C07010508102010	口腔材料	颌面整复材料	面部重建植入物	081	修复材料	02	膨体聚四氟乙烯	010	颧骨 /修复材料 /不可吸收
	1501	47	C07010508102011	口腔材料	颌面整复材料	面部重建植入物	081	修复材料	02	膨体聚四氟乙烯	011	颧骨 /固定材料/可吸收
	1502	48	C07010508102012	口腔材料	颌面整复材料	面部重建植入物	081	修复材料	02	膨体聚四氟乙烯	012	颧骨 /固定材料/不可吸收
	1503	49	C07010508102013	口腔材料	颌面整复材料	面部重建植入物	081	修复材料	02	膨体聚四氟乙烯	013	颏部/假体/可吸收
	1504	50	C07010508102014	口腔材料	颌面整复材料	面部重建植入物	081	修复材料	02	膨体聚四氟乙烯	014	颏部/假体/不可吸收
	1505	51	C07010508102015	口腔材料	颌面整复材料	面部重建植入物	081	修复材料	02	膨体聚四氟乙烯	015	颏部/修复材料 /可吸收
	1506	52	C07010508102016	口腔材料	颌面整复材料	面部重建植入物	081	修复材料	02	膨体聚四氟乙烯	016	颏部/修复材料 /不可吸收
	1507	53	C07010508102017	口腔材料	颌面整复材料	面部重建植入物	081	修复材料	02	膨体聚四氟乙烯	017	颏部/固定材料/可吸收
	1508	54	C07010508102018	口腔材料	颌面整复材料	面部重建植入物	081	修复材料	02	膨体聚四氟乙烯	018	颏部/固定材料/不可吸收
	1509	55	C07010508102019	口腔材料	颌面整复材料	面部重建植入物	081	修复材料	02	膨体聚四氟乙烯	019	下颌角/假体/可吸收
	1510	56	C07010508102020	口腔材料	颌面整复材料	面部重建植入物	081	修复材料	02	膨体聚四氟乙烯	020	下颌角/假体/不可吸收
	1511	57	C07010508102021	口腔材料	颌面整复材料	面部重建植入物	081	修复材料	02	膨体聚四氟乙烯	021	下颌角/修复材料 /可吸收
	1512	58	C07010508102022	口腔材料	颌面整复材料	面部重建植入物	081	修复材料	02	膨体聚四氟乙烯	022	下颌角/修复材料 /不可吸收
	1513	59	C07010508102023	口腔材料	颌面整复材料	面部重建植入物	081	修复材料	02	膨体聚四氟乙烯	023	下颌角/固定材料/可吸收
	1514	60	C07010508102024	口腔材料	颌面整复材料	面部重建植入物	081	修复材料	02	膨体聚四氟乙烯	024	下颌角/固定材料/不可吸收
	1515	61	C07010508102025	口腔材料	颌面整复材料	面部重建植入物	081	修复材料	02	膨体聚四氟乙烯	025	眼部/假体/可吸收
	1516	62	C07010508102026	口腔材料	颌面整复材料	面部重建植入物	081	修复材料	02	膨体聚四氟乙烯	026	眼部/假体/不可吸收
	1517	63	C07010508102027	口腔材料	颌面整复材料	面部重建植入物	081	修复材料	02	膨体聚四氟乙烯	027	眼部/修复材料 /可吸收
	1518	64	C07010508102028	口腔材料	颌面整复材料	面部重建植入物	081	修复材料	02	膨体聚四氟乙烯	028	眼部/修复材料 /不可吸收
	1519	65	C07010508102029	口腔材料	颌面整复材料	面部重建植入物	081	修复材料	02	膨体聚四氟乙烯	029	眼部/固定材料/可吸收
	1520	66	C07010508102030	口腔材料	颌面整复材料	面部重建植入物	081	修复材料	02	膨体聚四氟乙烯	030	眼部/固定材料/不可吸收
	1521	67	C07010508102031	口腔材料	颌面整复材料	面部重建植入物	081	修复材料	02	膨体聚四氟乙烯	031	上颌骨/假体/可吸收
	1522	68	C07010508102032	口腔材料	颌面整复材料	面部重建植入物	081	修复材料	02	膨体聚四氟乙烯	032	上颌骨/假体/不可吸收
	1523	69	C07010508102033	口腔材料	颌面整复材料	面部重建植入物	081	修复材料	02	膨体聚四氟乙烯	033	上颌骨/修复材料 /可吸收
	1524	70	C07010508102034	口腔材料	颌面整复材料	面部重建植入物	081	修复材料	02	膨体聚四氟乙烯	034	上颌骨/修复材料 /不可吸收
	1525	71	C07010508102035	口腔材料	颌面整复材料	面部重建植入物	081	修复材料	02	膨体聚四氟乙烯	035	上颌骨/固定材料/可吸收
	1526	72	C07010508102036	口腔材料	颌面整复材料	面部重建植入物	081	修复材料	02	膨体聚四氟乙烯	036	上颌骨/固定材料/不可吸收
	1527	73	C07010508103002	口腔材料	颌面整复材料	面部重建植入物	081	修复材料	03	陶瓷	002	鼻/假体/不可吸收
	1528	74	C07010508103004	口腔材料	颌面整复材料	面部重建植入物	081	修复材料	03	陶瓷	004	鼻/修复材料 /不可吸收
	1529	75	C07010508103006	口腔材料	颌面整复材料	面部重建植入物	081	修复材料	03	陶瓷	006	鼻/固定材料/不可吸收
	1530	76	C07010508103008	口腔材料	颌面整复材料	面部重建植入物	081	修复材料	03	陶瓷	008	颧骨 /假体/不可吸收
	1531	77	C07010508103010	口腔材料	颌面整复材料	面部重建植入物	081	修复材料	03	陶瓷	010	颧骨 /修复材料 /不可吸收
	1532	78	C07010508103012	口腔材料	颌面整复材料	面部重建植入物	081	修复材料	03	陶瓷	012	颧骨 /固定材料/不可吸收
	1533	79	C07010508103014	口腔材料	颌面整复材料	面部重建植入物	081	修复材料	03	陶瓷	014	颏部/假体/不可吸收
	1534	80	C07010508103016	口腔材料	颌面整复材料	面部重建植入物	081	修复材料	03	陶瓷	016	颏部/修复材料 /不可吸收
	1535	81	C07010508103017	口腔材料	颌面整复材料	面部重建植入物	081	修复材料	03	陶瓷	017	颏部/固定材料/可吸收
	1536	82	C07010508103018	口腔材料	颌面整复材料	面部重建植入物	081	修复材料	03	陶瓷	018	颏部/固定材料/不可吸收
	1537	83	C07010508103019	口腔材料	颌面整复材料	面部重建植入物	081	修复材料	03	陶瓷	019	下颌角/假体/可吸收
	1538	84	C07010508103020	口腔材料	颌面整复材料	面部重建植入物	081	修复材料	03	陶瓷	020	下颌角/假体/不可吸收
	1539	85	C07010508103022	口腔材料	颌面整复材料	面部重建植入物	081	修复材料	03	陶瓷	022	下颌角/修复材料 /不可吸收
	1540	86	C07010508103024	口腔材料	颌面整复材料	面部重建植入物	081	修复材料	03	陶瓷	024	下颌角/固定材料/不可吸收
	1541	87	C07010508103026	口腔材料	颌面整复材料	面部重建植入物	081	修复材料	03	陶瓷	026	眼部/假体/不可吸收
	1542	88	C07010508103028	口腔材料	颌面整复材料	面部重建植入物	081	修复材料	03	陶瓷	028	眼部/修复材料 /不可吸收
	1543	89	C07010508103030	口腔材料	颌面整复材料	面部重建植入物	081	修复材料	03	陶瓷	030	眼部/固定材料/不可吸收
	1544	90	C07010508103032	口腔材料	颌面整复材料	面部重建植入物	081	修复材料	03	陶瓷	032	上颌骨/假体/不可吸收
	1545	91	C07010508103034	口腔材料	颌面整复材料	面部重建植入物	081	修复材料	03	陶瓷	034	上颌骨/修复材料 /不可吸收
	1546	92	C07010508103036	口腔材料	颌面整复材料	面部重建植入物	081	修复材料	03	陶瓷	036	上颌骨/固定材料/不可吸收
	1547	93	C07010508104001	口腔材料	颌面整复材料	面部重建植入物	081	修复材料	04	羟基磷灰石	001	鼻/假体/可吸收
	1548	94	C07010508104002	口腔材料	颌面整复材料	面部重建植入物	081	修复材料	04	羟基磷灰石	002	鼻/假体/不可吸收
	1549	95	C07010508104003	口腔材料	颌面整复材料	面部重建植入物	081	修复材料	04	羟基磷灰石	003	鼻/修复材料 /可吸收
	1550	96	C07010508104004	口腔材料	颌面整复材料	面部重建植入物	081	修复材料	04	羟基磷灰石	004	鼻/修复材料 /不可吸收
	1551	97	C07010508104005	口腔材料	颌面整复材料	面部重建植入物	081	修复材料	04	羟基磷灰石	005	鼻/固定材料/可吸收
	1552	98	C07010508104006	口腔材料	颌面整复材料	面部重建植入物	081	修复材料	04	羟基磷灰石	006	鼻/固定材料/不可吸收
	1553	99	C07010508104007	口腔材料	颌面整复材料	面部重建植入物	081	修复材料	04	羟基磷灰石	007	颧骨 /假体/可吸收
	1554	100	C07010508104008	口腔材料	颌面整复材料	面部重建植入物	081	修复材料	04	羟基磷灰石	008	颧骨 /假体/不可吸收
	1555	101	C07010508104009	口腔材料	颌面整复材料	面部重建植入物	081	修复材料	04	羟基磷灰石	009	颧骨 /修复材料 /可吸收
	1556	102	C07010508104010	口腔材料	颌面整复材料	面部重建植入物	081	修复材料	04	羟基磷灰石	010	颧骨 /修复材料 /不可吸收
	1557	103	C07010508104011	口腔材料	颌面整复材料	面部重建植入物	081	修复材料	04	羟基磷灰石	011	颧骨 /固定材料/可吸收
	1558	104	C07010508104012	口腔材料	颌面整复材料	面部重建植入物	081	修复材料	04	羟基磷灰石	012	颧骨 /固定材料/不可吸收
	1559	105	C07010508104013	口腔材料	颌面整复材料	面部重建植入物	081	修复材料	04	羟基磷灰石	013	颏部/假体/可吸收
	1560	106	C07010508104014	口腔材料	颌面整复材料	面部重建植入物	081	修复材料	04	羟基磷灰石	014	颏部/假体/不可吸收
	1561	107	C07010508104015	口腔材料	颌面整复材料	面部重建植入物	081	修复材料	04	羟基磷灰石	015	颏部/修复材料 /可吸收
	1562	108	C07010508104016	口腔材料	颌面整复材料	面部重建植入物	081	修复材料	04	羟基磷灰石	016	颏部/修复材料 /不可吸收
	1563	109	C07010508104017	口腔材料	颌面整复材料	面部重建植入物	081	修复材料	04	羟基磷灰石	017	颏部/固定材料/可吸收
	1564	110	C07010508104018	口腔材料	颌面整复材料	面部重建植入物	081	修复材料	04	羟基磷灰石	018	颏部/固定材料/不可吸收
	1565	111	C07010508104019	口腔材料	颌面整复材料	面部重建植入物	081	修复材料	04	羟基磷灰石	019	下颌角/假体/可吸收
	1566	112	C07010508104020	口腔材料	颌面整复材料	面部重建植入物	081	修复材料	04	羟基磷灰石	020	下颌角/假体/不可吸收
	1567	113	C07010508104021	口腔材料	颌面整复材料	面部重建植入物	081	修复材料	04	羟基磷灰石	021	下颌角/修复材料 /可吸收
	1568	114	C07010508104022	口腔材料	颌面整复材料	面部重建植入物	081	修复材料	04	羟基磷灰石	022	下颌角/修复材料 /不可吸收
	1569	115	C07010508104023	口腔材料	颌面整复材料	面部重建植入物	081	修复材料	04	羟基磷灰石	023	下颌角/固定材料/可吸收
	1570	116	C07010508104024	口腔材料	颌面整复材料	面部重建植入物	081	修复材料	04	羟基磷灰石	024	下颌角/固定材料/不可吸收
	1571	117	C07010508104025	口腔材料	颌面整复材料	面部重建植入物	081	修复材料	04	羟基磷灰石	025	眼部/假体/可吸收
	1572	118	C07010508104026	口腔材料	颌面整复材料	面部重建植入物	081	修复材料	04	羟基磷灰石	026	眼部/假体/不可吸收
	1573	119	C07010508104027	口腔材料	颌面整复材料	面部重建植入物	081	修复材料	04	羟基磷灰石	027	眼部/修复材料 /可吸收
	1574	120	C07010508104028	口腔材料	颌面整复材料	面部重建植入物	081	修复材料	04	羟基磷灰石	028	眼部/修复材料 /不可吸收
	1575	121	C07010508104029	口腔材料	颌面整复材料	面部重建植入物	081	修复材料	04	羟基磷灰石	029	眼部/固定材料/可吸收
	1576	122	C07010508104030	口腔材料	颌面整复材料	面部重建植入物	081	修复材料	04	羟基磷灰石	030	眼部/固定材料/不可吸收
	1577	123	C07010508104031	口腔材料	颌面整复材料	面部重建植入物	081	修复材料	04	羟基磷灰石	031	上颌骨/假体/可吸收
	1578	124	C07010508104032	口腔材料	颌面整复材料	面部重建植入物	081	修复材料	04	羟基磷灰石	032	上颌骨/假体/不可吸收
	1579	125	C07010508104033	口腔材料	颌面整复材料	面部重建植入物	081	修复材料	04	羟基磷灰石	033	上颌骨/修复材料 /可吸收
	1580	126	C07010508104034	口腔材料	颌面整复材料	面部重建植入物	081	修复材料	04	羟基磷灰石	034	上颌骨/修复材料 /不可吸收
	1581	127	C07010508104035	口腔材料	颌面整复材料	面部重建植入物	081	修复材料	04	羟基磷灰石	035	上颌骨/固定材料/可吸收
	1582	128	C07010508104036	口腔材料	颌面整复材料	面部重建植入物	081	修复材料	04	羟基磷灰石	036	上颌骨/固定材料/不可吸收
	1583	129	C07010508105001	口腔材料	颌面整复材料	面部重建植入物	081	修复材料	05	聚乙烯	001	鼻/假体/可吸收
	1584	130	C07010508105002	口腔材料	颌面整复材料	面部重建植入物	081	修复材料	05	聚乙烯	002	鼻/假体/不可吸收
	1585	131	C07010508105003	口腔材料	颌面整复材料	面部重建植入物	081	修复材料	05	聚乙烯	003	鼻/修复材料 /可吸收
	1586	132	C07010508105004	口腔材料	颌面整复材料	面部重建植入物	081	修复材料	05	聚乙烯	004	鼻/修复材料 /不可吸收
	1587	133	C07010508105005	口腔材料	颌面整复材料	面部重建植入物	081	修复材料	05	聚乙烯	005	鼻/固定材料/可吸收
	1588	134	C07010508105006	口腔材料	颌面整复材料	面部重建植入物	081	修复材料	05	聚乙烯	006	鼻/固定材料/不可吸收
	1589	135	C07010508105007	口腔材料	颌面整复材料	面部重建植入物	081	修复材料	05	聚乙烯	007	颧骨 /假体/可吸收
	1590	136	C07010508105008	口腔材料	颌面整复材料	面部重建植入物	081	修复材料	05	聚乙烯	008	颧骨 /假体/不可吸收
	1591	137	C07010508105009	口腔材料	颌面整复材料	面部重建植入物	081	修复材料	05	聚乙烯	009	颧骨 /修复材料 /可吸收
	1592	138	C07010508105010	口腔材料	颌面整复材料	面部重建植入物	081	修复材料	05	聚乙烯	010	颧骨 /修复材料 /不可吸收
	1593	139	C07010508105011	口腔材料	颌面整复材料	面部重建植入物	081	修复材料	05	聚乙烯	011	颧骨 /固定材料/可吸收
	1594	140	C07010508105012	口腔材料	颌面整复材料	面部重建植入物	081	修复材料	05	聚乙烯	012	颧骨 /固定材料/不可吸收
	1595	141	C07010508105013	口腔材料	颌面整复材料	面部重建植入物	081	修复材料	05	聚乙烯	013	颏部/假体/可吸收
	1596	142	C07010508105014	口腔材料	颌面整复材料	面部重建植入物	081	修复材料	05	聚乙烯	014	颏部/假体/不可吸收
	1597	143	C07010508105015	口腔材料	颌面整复材料	面部重建植入物	081	修复材料	05	聚乙烯	015	颏部/修复材料 /可吸收
	1598	144	C07010508105016	口腔材料	颌面整复材料	面部重建植入物	081	修复材料	05	聚乙烯	016	颏部/修复材料 /不可吸收
	1599	145	C07010508105017	口腔材料	颌面整复材料	面部重建植入物	081	修复材料	05	聚乙烯	017	颏部/固定材料/可吸收
	1600	146	C07010508105018	口腔材料	颌面整复材料	面部重建植入物	081	修复材料	05	聚乙烯	018	颏部/固定材料/不可吸收
	1601	147	C07010508105019	口腔材料	颌面整复材料	面部重建植入物	081	修复材料	05	聚乙烯	019	下颌角/假体/可吸收
	1602	148	C07010508105020	口腔材料	颌面整复材料	面部重建植入物	081	修复材料	05	聚乙烯	020	下颌角/假体/不可吸收
	1603	149	C07010508105021	口腔材料	颌面整复材料	面部重建植入物	081	修复材料	05	聚乙烯	021	下颌角/修复材料 /可吸收
	1604	150	C07010508105022	口腔材料	颌面整复材料	面部重建植入物	081	修复材料	05	聚乙烯	022	下颌角/修复材料 /不可吸收
	1605	151	C07010508105023	口腔材料	颌面整复材料	面部重建植入物	081	修复材料	05	聚乙烯	023	下颌角/固定材料/可吸收
	1606	152	C07010508105024	口腔材料	颌面整复材料	面部重建植入物	081	修复材料	05	聚乙烯	024	下颌角/固定材料/不可吸收
	1607	153	C07010508105025	口腔材料	颌面整复材料	面部重建植入物	081	修复材料	05	聚乙烯	025	眼部/假体/可吸收
	1608	154	C07010508105026	口腔材料	颌面整复材料	面部重建植入物	081	修复材料	05	聚乙烯	026	眼部/假体/不可吸收
	1609	155	C07010508105027	口腔材料	颌面整复材料	面部重建植入物	081	修复材料	05	聚乙烯	027	眼部/修复材料 /可吸收
	1610	156	C07010508105028	口腔材料	颌面整复材料	面部重建植入物	081	修复材料	05	聚乙烯	028	眼部/修复材料 /不可吸收
	1611	157	C07010508105029	口腔材料	颌面整复材料	面部重建植入物	081	修复材料	05	聚乙烯	029	眼部/固定材料/可吸收
	1612	158	C07010508105030	口腔材料	颌面整复材料	面部重建植入物	081	修复材料	05	聚乙烯	030	眼部/固定材料/不可吸收
	1613	159	C07010508105031	口腔材料	颌面整复材料	面部重建植入物	081	修复材料	05	聚乙烯	031	上颌骨/假体/可吸收
	1614	160	C07010508105032	口腔材料	颌面整复材料	面部重建植入物	081	修复材料	05	聚乙烯	032	上颌骨/假体/不可吸收
	1615	161	C07010508105033	口腔材料	颌面整复材料	面部重建植入物	081	修复材料	05	聚乙烯	033	上颌骨/修复材料 /可吸收
	1616	162	C07010508105034	口腔材料	颌面整复材料	面部重建植入物	081	修复材料	05	聚乙烯	034	上颌骨/修复材料 /不可吸收
	1617	163	C07010508105035	口腔材料	颌面整复材料	面部重建植入物	081	修复材料	05	聚乙烯	035	上颌骨/固定材料/可吸收
	1618	164	C07010508105036	口腔材料	颌面整复材料	面部重建植入物	081	修复材料	05	聚乙烯	036	上颌骨/固定材料/不可吸收
	1619	165	C07010508106001	口腔材料	颌面整复材料	面部重建植入物	081	修复材料	06	透明质酸钠及其他	001	鼻/假体/可吸收
	1620	166	C07010508106002	口腔材料	颌面整复材料	面部重建植入物	081	修复材料	06	透明质酸钠及其他	002	鼻/假体/不可吸收
	1621	167	C07010508106003	口腔材料	颌面整复材料	面部重建植入物	081	修复材料	06	透明质酸钠及其他	003	鼻/修复材料 /可吸收
	1622	168	C07010508106004	口腔材料	颌面整复材料	面部重建植入物	081	修复材料	06	透明质酸钠及其他	004	鼻/修复材料 /不可吸收
	1623	169	C07010508106005	口腔材料	颌面整复材料	面部重建植入物	081	修复材料	06	透明质酸钠及其他	005	鼻/固定材料/可吸收
	1624	170	C07010508106006	口腔材料	颌面整复材料	面部重建植入物	081	修复材料	06	透明质酸钠及其他	006	鼻/固定材料/不可吸收
	1625	171	C07010508106007	口腔材料	颌面整复材料	面部重建植入物	081	修复材料	06	透明质酸钠及其他	007	颧骨 /假体/可吸收
	1626	172	C07010508106008	口腔材料	颌面整复材料	面部重建植入物	081	修复材料	06	透明质酸钠及其他	008	颧骨 /假体/不可吸收
	1627	173	C07010508106009	口腔材料	颌面整复材料	面部重建植入物	081	修复材料	06	透明质酸钠及其他	009	颧骨 /修复材料 /可吸收
	1628	174	C07010508106010	口腔材料	颌面整复材料	面部重建植入物	081	修复材料	06	透明质酸钠及其他	010	颧骨 /修复材料 /不可吸收
	1629	175	C07010508106011	口腔材料	颌面整复材料	面部重建植入物	081	修复材料	06	透明质酸钠及其他	011	颧骨 /固定材料/可吸收
	1630	176	C07010508106012	口腔材料	颌面整复材料	面部重建植入物	081	修复材料	06	透明质酸钠及其他	012	颧骨 /固定材料/不可吸收
	1631	177	C07010508106013	口腔材料	颌面整复材料	面部重建植入物	081	修复材料	06	透明质酸钠及其他	013	颏部/假体/可吸收
	1632	178	C07010508106014	口腔材料	颌面整复材料	面部重建植入物	081	修复材料	06	透明质酸钠及其他	014	颏部/假体/不可吸收
	1633	179	C07010508106015	口腔材料	颌面整复材料	面部重建植入物	081	修复材料	06	透明质酸钠及其他	015	颏部/修复材料 /可吸收
	1634	180	C07010508106016	口腔材料	颌面整复材料	面部重建植入物	081	修复材料	06	透明质酸钠及其他	016	颏部/修复材料 /不可吸收
	1635	181	C07010508106017	口腔材料	颌面整复材料	面部重建植入物	081	修复材料	06	透明质酸钠及其他	017	颏部/固定材料/可吸收
	1636	182	C07010508106018	口腔材料	颌面整复材料	面部重建植入物	081	修复材料	06	透明质酸钠及其他	018	颏部/固定材料/不可吸收
	1637	183	C07010508106019	口腔材料	颌面整复材料	面部重建植入物	081	修复材料	06	透明质酸钠及其他	019	下颌角/假体/可吸收
	1638	184	C07010508106020	口腔材料	颌面整复材料	面部重建植入物	081	修复材料	06	透明质酸钠及其他	020	下颌角/假体/不可吸收
	1639	185	C07010508106021	口腔材料	颌面整复材料	面部重建植入物	081	修复材料	06	透明质酸钠及其他	021	下颌角/修复材料 /可吸收
	1640	186	C07010508106022	口腔材料	颌面整复材料	面部重建植入物	081	修复材料	06	透明质酸钠及其他	022	下颌角/修复材料 /不可吸收
	1641	187	C07010508106023	口腔材料	颌面整复材料	面部重建植入物	081	修复材料	06	透明质酸钠及其他	023	下颌角/固定材料/可吸收
	1642	188	C07010508106024	口腔材料	颌面整复材料	面部重建植入物	081	修复材料	06	透明质酸钠及其他	024	下颌角/固定材料/不可吸收
	1643	189	C07010508106025	口腔材料	颌面整复材料	面部重建植入物	081	修复材料	06	透明质酸钠及其他	025	眼部/假体/可吸收
	1644	190	C07010508106026	口腔材料	颌面整复材料	面部重建植入物	081	修复材料	06	透明质酸钠及其他	026	眼部/假体/不可吸收
	1645	191	C07010508106027	口腔材料	颌面整复材料	面部重建植入物	081	修复材料	06	透明质酸钠及其他	027	眼部/修复材料 /可吸收
	1646	192	C07010508106028	口腔材料	颌面整复材料	面部重建植入物	081	修复材料	06	透明质酸钠及其他	028	眼部/修复材料 /不可吸收
	1647	193	C07010508106029	口腔材料	颌面整复材料	面部重建植入物	081	修复材料	06	透明质酸钠及其他	029	眼部/固定材料/可吸收
	1648	194	C07010508106030	口腔材料	颌面整复材料	面部重建植入物	081	修复材料	06	透明质酸钠及其他	030	眼部/固定材料/不可吸收
	1649	195	C07010508106031	口腔材料	颌面整复材料	面部重建植入物	081	修复材料	06	透明质酸钠及其他	031	上颌骨/假体/可吸收
	1650	196	C07010508106032	口腔材料	颌面整复材料	面部重建植入物	081	修复材料	06	透明质酸钠及其他	032	上颌骨/假体/不可吸收
	1651	197	C07010508106033	口腔材料	颌面整复材料	面部重建植入物	081	修复材料	06	透明质酸钠及其他	033	上颌骨/修复材料 /可吸收
	1652	198	C07010508106034	口腔材料	颌面整复材料	面部重建植入物	081	修复材料	06	透明质酸钠及其他	034	上颌骨/修复材料 /不可吸收
	1653	199	C07010508106035	口腔材料	颌面整复材料	面部重建植入物	081	修复材料	06	透明质酸钠及其他	035	上颌骨/固定材料/可吸收
	1654	200	C07010508106036	口腔材料	颌面整复材料	面部重建植入物	081	修复材料	06	透明质酸钠及其他	036	上颌骨/固定材料/不可吸收
脊柱椎体间固定置换系统	1655	1	C03170108901001	骨科材料	枕颈固定系统	枕骨板	089	内固定材料	01	纯钛	001	固定板/分体式/灭菌
	1656	2	C03170108901002	骨科材料	枕颈固定系统	枕骨板	089	内固定材料	01	纯钛	002	固定板/分体式/非灭菌
	1657	3	C03170108901003	骨科材料	枕颈固定系统	枕骨板	089	内固定材料	01	纯钛	003	固定板/一体式/灭菌
	1658	4	C03170108901004	骨科材料	枕颈固定系统	枕骨板	089	内固定材料	01	纯钛	004	固定板/一体式/非灭菌
	1659	5	C03170108901005	骨科材料	枕颈固定系统	枕骨板	089	内固定材料	01	纯钛	005	滑动板/分体式/灭菌
	1660	6	C03170108901006	骨科材料	枕颈固定系统	枕骨板	089	内固定材料	01	纯钛	006	滑动板/分体式/非灭菌
	1661	7	C03170108901007	骨科材料	枕颈固定系统	枕骨板	089	内固定材料	01	纯钛	007	滑动板/一体式/灭菌
	1662	8	C03170108901008	骨科材料	枕颈固定系统	枕骨板	089	内固定材料	01	纯钛	008	滑动板/一体式/非灭菌
	1663	9	C03170108902001	骨科材料	枕颈固定系统	枕骨板	089	内固定材料	02	钛合金	001	固定板/分体式/灭菌
	1664	10	C03170108902002	骨科材料	枕颈固定系统	枕骨板	089	内固定材料	02	钛合金	002	固定板/分体式/非灭菌
	1665	11	C03170108902003	骨科材料	枕颈固定系统	枕骨板	089	内固定材料	02	钛合金	003	固定板/一体式/灭菌
	1666	12	C03170108902004	骨科材料	枕颈固定系统	枕骨板	089	内固定材料	02	钛合金	004	固定板/一体式/非灭菌
	1667	13	C03170108902005	骨科材料	枕颈固定系统	枕骨板	089	内固定材料	02	钛合金	005	滑动板/分体式/灭菌
	1668	14	C03170108902006	骨科材料	枕颈固定系统	枕骨板	089	内固定材料	02	钛合金	006	滑动板/分体式/非灭菌
	1669	15	C03170108902007	骨科材料	枕颈固定系统	枕骨板	089	内固定材料	02	钛合金	007	滑动板/一体式/灭菌
	1670	16	C03170108902008	骨科材料	枕颈固定系统	枕骨板	089	内固定材料	02	钛合金	008	滑动板/一体式/非灭菌
	1671	17	C03170108903001	骨科材料	枕颈固定系统	枕骨板	089	内固定材料	03	钴铬钼合金	001	固定板/分体式/灭菌
	1672	18	C03170108903002	骨科材料	枕颈固定系统	枕骨板	089	内固定材料	03	钴铬钼合金	002	固定板/分体式/非灭菌
	1673	19	C03170108903003	骨科材料	枕颈固定系统	枕骨板	089	内固定材料	03	钴铬钼合金	003	固定板/一体式/灭菌
	1674	20	C03170108903004	骨科材料	枕颈固定系统	枕骨板	089	内固定材料	03	钴铬钼合金	004	固定板/一体式/非灭菌
	1675	21	C03170108903005	骨科材料	枕颈固定系统	枕骨板	089	内固定材料	03	钴铬钼合金	005	滑动板/分体式/灭菌
	1676	22	C03170108903006	骨科材料	枕颈固定系统	枕骨板	089	内固定材料	03	钴铬钼合金	006	滑动板/分体式/非灭菌
	1677	23	C03170108903007	骨科材料	枕颈固定系统	枕骨板	089	内固定材料	03	钴铬钼合金	007	滑动板/一体式/灭菌
	1678	24	C03170108903008	骨科材料	枕颈固定系统	枕骨板	089	内固定材料	03	钴铬钼合金	008	滑动板/一体式/非灭菌
	1679	25	C03170208900001	骨科材料	枕颈固定系统	枕骨棒	089	内固定材料	00	不区分	001	预弯棒/灭菌
	1680	26	C03170208900002	骨科材料	枕颈固定系统	枕骨棒	089	内固定材料	00	不区分	002	预弯棒/非灭菌
	1681	27	C03170208900003	骨科材料	枕颈固定系统	枕骨棒	089	内固定材料	00	不区分	003	关节棒/灭菌
	1682	28	C03170208900004	骨科材料	枕颈固定系统	枕骨棒	089	内固定材料	00	不区分	004	关节棒/非灭菌
	1683	29	C03170208900005	骨科材料	枕颈固定系统	枕骨棒	089	内固定材料	00	不区分	005	带板棒/灭菌
	1684	30	C03170208900006	骨科材料	枕颈固定系统	枕骨棒	089	内固定材料	00	不区分	006	带板棒/非灭菌
	1685	31	C03170308900001	骨科材料	枕颈固定系统	枕骨夹	089	内固定材料	00	不区分	001	灭菌
	1686	32	C03170308900002	骨科材料	枕颈固定系统	枕骨夹	089	内固定材料	00	不区分	002	非灭菌
	1687	33	C03170408900001	骨科材料	枕颈固定系统	枕骨钉	089	内固定材料	00	不区分	001	灭菌
	1688	34	C03170408900002	骨科材料	枕颈固定系统	枕骨钉	089	内固定材料	00	不区分	002	非灭菌
	1689	35	C03170508900001	骨科材料	枕颈固定系统	枕骨螺帽	089	内固定材料	00	不区分	001	灭菌
	1690	36	C03170508900002	骨科材料	枕颈固定系统	枕骨螺帽	089	内固定材料	00	不区分	002	非灭菌
	1691	37	C03170608900000	骨科材料	枕颈固定系统	枕颈固定系统其他部件	089	内固定材料	00	不区分	000	常规
	1692	38	C03180108900000	骨科材料	寰枢椎前路固定系统	寰枢椎前路固定板	089	内固定材料	00	不区分	000	常规
	1693	39	C03180208900001	骨科材料	寰枢椎前路固定系统	寰枢椎前路固定钉	089	内固定材料	00	不区分	001	全螺纹
	1694	40	C03180208900002	骨科材料	寰枢椎前路固定系统	寰枢椎前路固定钉	089	内固定材料	00	不区分	002	半螺纹
	1695	41	C03180308900000	骨科材料	寰枢椎前路固定系统	寰枢椎前路固定系统其他部件	089	内固定材料	00	不区分	000	常规
	1696	42	C03190108900000	骨科材料	寰枢椎后路固定系统	寰枢椎后路固定板	089	内固定材料	00	不区分	000	常规
	1697	43	C03190208900001	骨科材料	寰枢椎后路固定系统	寰枢椎后路固定棒	089	内固定材料	00	不区分	001	灭菌
	1698	44	C03190208900002	骨科材料	寰枢椎后路固定系统	寰枢椎后路固定棒	089	内固定材料	00	不区分	002	非灭菌
	1699	45	C03190308900001	骨科材料	寰枢椎后路固定系统	寰枢椎后路固定钉	089	内固定材料	00	不区分	001	全螺纹/万向
	1700	46	C03190308900002	骨科材料	寰枢椎后路固定系统	寰枢椎后路固定钉	089	内固定材料	00	不区分	002	全螺纹/偏角
	1701	47	C03190308900003	骨科材料	寰枢椎后路固定系统	寰枢椎后路固定钉	089	内固定材料	00	不区分	003	半螺纹/万向
	1702	48	C03190308900004	骨科材料	寰枢椎后路固定系统	寰枢椎后路固定钉	089	内固定材料	00	不区分	004	半螺纹/偏角
	1703	49	C03190408900000	骨科材料	寰枢椎后路固定系统	寰枢椎后路固定系统其他部件	089	内固定材料	00	不区分	000	常规
	1704	50	C03200108901001	骨科材料	颈椎前路固定系统	颈椎前路锁定板	089	内固定材料	01	纯钛	001	≤4孔/混合固定/灭菌
	1705	51	C03200108901002	骨科材料	颈椎前路固定系统	颈椎前路锁定板	089	内固定材料	01	纯钛	002	≤4孔/混合固定/非灭菌
	1706	52	C03200108901003	骨科材料	颈椎前路固定系统	颈椎前路锁定板	089	内固定材料	01	纯钛	003	≤4孔/半限制固定/灭菌
	1707	53	C03200108901004	骨科材料	颈椎前路固定系统	颈椎前路锁定板	089	内固定材料	01	纯钛	004	≤4孔/半限制固定/非灭菌
	1708	54	C03200108901005	骨科材料	颈椎前路固定系统	颈椎前路锁定板	089	内固定材料	01	纯钛	005	≤4孔/限制固定/灭菌
	1709	55	C03200108901006	骨科材料	颈椎前路固定系统	颈椎前路锁定板	089	内固定材料	01	纯钛	006	≤4孔/限制固定/非灭菌
	1710	56	C03200108901007	骨科材料	颈椎前路固定系统	颈椎前路锁定板	089	内固定材料	01	纯钛	007	6孔/混合固定/灭菌
	1711	57	C03200108901008	骨科材料	颈椎前路固定系统	颈椎前路锁定板	089	内固定材料	01	纯钛	008	6孔/混合固定/非灭菌
	1712	58	C03200108901009	骨科材料	颈椎前路固定系统	颈椎前路锁定板	089	内固定材料	01	纯钛	009	6孔/半限制固定/灭菌
	1713	59	C03200108901010	骨科材料	颈椎前路固定系统	颈椎前路锁定板	089	内固定材料	01	纯钛	010	6孔/半限制固定/非灭菌
	1714	60	C03200108901011	骨科材料	颈椎前路固定系统	颈椎前路锁定板	089	内固定材料	01	纯钛	011	6孔/限制固定/灭菌
	1715	61	C03200108901012	骨科材料	颈椎前路固定系统	颈椎前路锁定板	089	内固定材料	01	纯钛	012	6孔/限制固定/非灭菌
	1716	62	C03200108901013	骨科材料	颈椎前路固定系统	颈椎前路锁定板	089	内固定材料	01	纯钛	013	8孔/混合固定/灭菌
	1717	63	C03200108901014	骨科材料	颈椎前路固定系统	颈椎前路锁定板	089	内固定材料	01	纯钛	014	8孔/混合固定/非灭菌
	1718	64	C03200108901015	骨科材料	颈椎前路固定系统	颈椎前路锁定板	089	内固定材料	01	纯钛	015	8孔/半限制固定/灭菌
	1719	65	C03200108901016	骨科材料	颈椎前路固定系统	颈椎前路锁定板	089	内固定材料	01	纯钛	016	8孔/半限制固定/非灭菌
	1720	66	C03200108901017	骨科材料	颈椎前路固定系统	颈椎前路锁定板	089	内固定材料	01	纯钛	017	8孔/限制固定/灭菌
	1721	67	C03200108901018	骨科材料	颈椎前路固定系统	颈椎前路锁定板	089	内固定材料	01	纯钛	018	8孔/限制固定/非灭菌
	1722	68	C03200108901019	骨科材料	颈椎前路固定系统	颈椎前路锁定板	089	内固定材料	01	纯钛	019	10孔/混合固定/灭菌
	1723	69	C03200108901020	骨科材料	颈椎前路固定系统	颈椎前路锁定板	089	内固定材料	01	纯钛	020	10孔/混合固定/非灭菌
	1724	70	C03200108901021	骨科材料	颈椎前路固定系统	颈椎前路锁定板	089	内固定材料	01	纯钛	021	10孔/半限制固定/灭菌
	1725	71	C03200108901022	骨科材料	颈椎前路固定系统	颈椎前路锁定板	089	内固定材料	01	纯钛	022	10孔/半限制固定/非灭菌
	1726	72	C03200108901023	骨科材料	颈椎前路固定系统	颈椎前路锁定板	089	内固定材料	01	纯钛	023	10孔/限制固定/灭菌
	1727	73	C03200108901024	骨科材料	颈椎前路固定系统	颈椎前路锁定板	089	内固定材料	01	纯钛	024	10孔/限制固定/非灭菌
	1728	74	C03200108901025	骨科材料	颈椎前路固定系统	颈椎前路锁定板	089	内固定材料	01	纯钛	025	12孔/混合固定/灭菌
	1729	75	C03200108901026	骨科材料	颈椎前路固定系统	颈椎前路锁定板	089	内固定材料	01	纯钛	026	12孔/混合固定/非灭菌
	1730	76	C03200108901027	骨科材料	颈椎前路固定系统	颈椎前路锁定板	089	内固定材料	01	纯钛	027	12孔/半限制固定/灭菌
	1731	77	C03200108901028	骨科材料	颈椎前路固定系统	颈椎前路锁定板	089	内固定材料	01	纯钛	028	12孔/半限制固定/非灭菌
	1732	78	C03200108901029	骨科材料	颈椎前路固定系统	颈椎前路锁定板	089	内固定材料	01	纯钛	029	12孔/限制固定/灭菌
	1733	79	C03200108901030	骨科材料	颈椎前路固定系统	颈椎前路锁定板	089	内固定材料	01	纯钛	030	12孔/限制固定/非灭菌
	1734	80	C03200108902001	骨科材料	颈椎前路固定系统	颈椎前路锁定板	089	内固定材料	02	钛合金	001	≤4孔/混合固定/灭菌
	1735	81	C03200108902002	骨科材料	颈椎前路固定系统	颈椎前路锁定板	089	内固定材料	02	钛合金	002	≤4孔/混合固定/非灭菌
	1736	82	C03200108902003	骨科材料	颈椎前路固定系统	颈椎前路锁定板	089	内固定材料	02	钛合金	003	≤4孔/半限制固定/灭菌
	1737	83	C03200108902004	骨科材料	颈椎前路固定系统	颈椎前路锁定板	089	内固定材料	02	钛合金	004	≤4孔/半限制固定/非灭菌
	1738	84	C03200108902005	骨科材料	颈椎前路固定系统	颈椎前路锁定板	089	内固定材料	02	钛合金	005	≤4孔/限制固定/灭菌
	1739	85	C03200108902006	骨科材料	颈椎前路固定系统	颈椎前路锁定板	089	内固定材料	02	钛合金	006	≤4孔/限制固定/非灭菌
	1740	86	C03200108902007	骨科材料	颈椎前路固定系统	颈椎前路锁定板	089	内固定材料	02	钛合金	007	6孔/混合固定/灭菌
	1741	87	C03200108902008	骨科材料	颈椎前路固定系统	颈椎前路锁定板	089	内固定材料	02	钛合金	008	6孔/混合固定/非灭菌
	1742	88	C03200108902009	骨科材料	颈椎前路固定系统	颈椎前路锁定板	089	内固定材料	02	钛合金	009	6孔/半限制固定/灭菌
	1743	89	C03200108902010	骨科材料	颈椎前路固定系统	颈椎前路锁定板	089	内固定材料	02	钛合金	010	6孔/半限制固定/非灭菌
	1744	90	C03200108902011	骨科材料	颈椎前路固定系统	颈椎前路锁定板	089	内固定材料	02	钛合金	011	6孔/限制固定/灭菌
	1745	91	C03200108902012	骨科材料	颈椎前路固定系统	颈椎前路锁定板	089	内固定材料	02	钛合金	012	6孔/限制固定/非灭菌
	1746	92	C03200108902013	骨科材料	颈椎前路固定系统	颈椎前路锁定板	089	内固定材料	02	钛合金	013	8孔/混合固定/灭菌
	1747	93	C03200108902014	骨科材料	颈椎前路固定系统	颈椎前路锁定板	089	内固定材料	02	钛合金	014	8孔/混合固定/非灭菌
	1748	94	C03200108902015	骨科材料	颈椎前路固定系统	颈椎前路锁定板	089	内固定材料	02	钛合金	015	8孔/半限制固定/灭菌
	1749	95	C03200108902016	骨科材料	颈椎前路固定系统	颈椎前路锁定板	089	内固定材料	02	钛合金	016	8孔/半限制固定/非灭菌
	1750	96	C03200108902017	骨科材料	颈椎前路固定系统	颈椎前路锁定板	089	内固定材料	02	钛合金	017	8孔/限制固定/灭菌
	1751	97	C03200108902018	骨科材料	颈椎前路固定系统	颈椎前路锁定板	089	内固定材料	02	钛合金	018	8孔/限制固定/非灭菌
	1752	98	C03200108902019	骨科材料	颈椎前路固定系统	颈椎前路锁定板	089	内固定材料	02	钛合金	019	10孔/混合固定/灭菌
	1753	99	C03200108902020	骨科材料	颈椎前路固定系统	颈椎前路锁定板	089	内固定材料	02	钛合金	020	10孔/混合固定/非灭菌
	1754	100	C03200108902021	骨科材料	颈椎前路固定系统	颈椎前路锁定板	089	内固定材料	02	钛合金	021	10孔/半限制固定/灭菌
	1755	101	C03200108902022	骨科材料	颈椎前路固定系统	颈椎前路锁定板	089	内固定材料	02	钛合金	022	10孔/半限制固定/非灭菌
	1756	102	C03200108902023	骨科材料	颈椎前路固定系统	颈椎前路锁定板	089	内固定材料	02	钛合金	023	10孔/限制固定/灭菌
	1757	103	C03200108902024	骨科材料	颈椎前路固定系统	颈椎前路锁定板	089	内固定材料	02	钛合金	024	10孔/限制固定/非灭菌
	1758	104	C03200108902025	骨科材料	颈椎前路固定系统	颈椎前路锁定板	089	内固定材料	02	钛合金	025	12孔/混合固定/灭菌
	1759	105	C03200108902026	骨科材料	颈椎前路固定系统	颈椎前路锁定板	089	内固定材料	02	钛合金	026	12孔/混合固定/非灭菌
	1760	106	C03200108902027	骨科材料	颈椎前路固定系统	颈椎前路锁定板	089	内固定材料	02	钛合金	027	12孔/半限制固定/灭菌
	1761	107	C03200108902028	骨科材料	颈椎前路固定系统	颈椎前路锁定板	089	内固定材料	02	钛合金	028	12孔/半限制固定/非灭菌
	1762	108	C03200108902029	骨科材料	颈椎前路固定系统	颈椎前路锁定板	089	内固定材料	02	钛合金	029	12孔/限制固定/灭菌
	1763	109	C03200108902030	骨科材料	颈椎前路固定系统	颈椎前路锁定板	089	内固定材料	02	钛合金	030	12孔/限制固定/非灭菌
	1764	110	C03200108903001	骨科材料	颈椎前路固定系统	颈椎前路锁定板	089	内固定材料	03	钴铬钼合金	001	≤4孔/混合固定/灭菌
	1765	111	C03200108903002	骨科材料	颈椎前路固定系统	颈椎前路锁定板	089	内固定材料	03	钴铬钼合金	002	≤4孔/混合固定/非灭菌
	1766	112	C03200108903003	骨科材料	颈椎前路固定系统	颈椎前路锁定板	089	内固定材料	03	钴铬钼合金	003	≤4孔/半限制固定/灭菌
	1767	113	C03200108903004	骨科材料	颈椎前路固定系统	颈椎前路锁定板	089	内固定材料	03	钴铬钼合金	004	≤4孔/半限制固定/非灭菌
	1768	114	C03200108903005	骨科材料	颈椎前路固定系统	颈椎前路锁定板	089	内固定材料	03	钴铬钼合金	005	≤4孔/限制固定/灭菌
	1769	115	C03200108903006	骨科材料	颈椎前路固定系统	颈椎前路锁定板	089	内固定材料	03	钴铬钼合金	006	≤4孔/限制固定/非灭菌
	1770	116	C03200108903007	骨科材料	颈椎前路固定系统	颈椎前路锁定板	089	内固定材料	03	钴铬钼合金	007	6孔/混合固定/灭菌
	1771	117	C03200108903008	骨科材料	颈椎前路固定系统	颈椎前路锁定板	089	内固定材料	03	钴铬钼合金	008	6孔/混合固定/非灭菌
	1772	118	C03200108903009	骨科材料	颈椎前路固定系统	颈椎前路锁定板	089	内固定材料	03	钴铬钼合金	009	6孔/半限制固定/灭菌
	1773	119	C03200108903010	骨科材料	颈椎前路固定系统	颈椎前路锁定板	089	内固定材料	03	钴铬钼合金	010	6孔/半限制固定/非灭菌
	1774	120	C03200108903011	骨科材料	颈椎前路固定系统	颈椎前路锁定板	089	内固定材料	03	钴铬钼合金	011	6孔/限制固定/灭菌
	1775	121	C03200108903012	骨科材料	颈椎前路固定系统	颈椎前路锁定板	089	内固定材料	03	钴铬钼合金	012	6孔/限制固定/非灭菌
	1776	122	C03200108903013	骨科材料	颈椎前路固定系统	颈椎前路锁定板	089	内固定材料	03	钴铬钼合金	013	8孔/混合固定/灭菌
	1777	123	C03200108903014	骨科材料	颈椎前路固定系统	颈椎前路锁定板	089	内固定材料	03	钴铬钼合金	014	8孔/混合固定/非灭菌
	1778	124	C03200108903015	骨科材料	颈椎前路固定系统	颈椎前路锁定板	089	内固定材料	03	钴铬钼合金	015	8孔/半限制固定/灭菌
	1779	125	C03200108903016	骨科材料	颈椎前路固定系统	颈椎前路锁定板	089	内固定材料	03	钴铬钼合金	016	8孔/半限制固定/非灭菌
	1780	126	C03200108903017	骨科材料	颈椎前路固定系统	颈椎前路锁定板	089	内固定材料	03	钴铬钼合金	017	8孔/限制固定/灭菌
	1781	127	C03200108903018	骨科材料	颈椎前路固定系统	颈椎前路锁定板	089	内固定材料	03	钴铬钼合金	018	8孔/限制固定/非灭菌
	1782	128	C03200108903019	骨科材料	颈椎前路固定系统	颈椎前路锁定板	089	内固定材料	03	钴铬钼合金	019	10孔/混合固定/灭菌
	1783	129	C03200108903020	骨科材料	颈椎前路固定系统	颈椎前路锁定板	089	内固定材料	03	钴铬钼合金	020	10孔/混合固定/非灭菌
	1784	130	C03200108903021	骨科材料	颈椎前路固定系统	颈椎前路锁定板	089	内固定材料	03	钴铬钼合金	021	10孔/半限制固定/灭菌
	1785	131	C03200108903022	骨科材料	颈椎前路固定系统	颈椎前路锁定板	089	内固定材料	03	钴铬钼合金	022	10孔/半限制固定/非灭菌
	1786	132	C03200108903023	骨科材料	颈椎前路固定系统	颈椎前路锁定板	089	内固定材料	03	钴铬钼合金	023	10孔/限制固定/灭菌
	1787	133	C03200108903024	骨科材料	颈椎前路固定系统	颈椎前路锁定板	089	内固定材料	03	钴铬钼合金	024	10孔/限制固定/非灭菌
	1788	134	C03200108903025	骨科材料	颈椎前路固定系统	颈椎前路锁定板	089	内固定材料	03	钴铬钼合金	025	12孔/混合固定/灭菌
	1789	135	C03200108903026	骨科材料	颈椎前路固定系统	颈椎前路锁定板	089	内固定材料	03	钴铬钼合金	026	12孔/混合固定/非灭菌
	1790	136	C03200108903027	骨科材料	颈椎前路固定系统	颈椎前路锁定板	089	内固定材料	03	钴铬钼合金	027	12孔/半限制固定/灭菌
	1791	137	C03200108903028	骨科材料	颈椎前路固定系统	颈椎前路锁定板	089	内固定材料	03	钴铬钼合金	028	12孔/半限制固定/非灭菌
	1792	138	C03200108903029	骨科材料	颈椎前路固定系统	颈椎前路锁定板	089	内固定材料	03	钴铬钼合金	029	12孔/限制固定/灭菌
	1793	139	C03200108903030	骨科材料	颈椎前路固定系统	颈椎前路锁定板	089	内固定材料	03	钴铬钼合金	030	12孔/限制固定/非灭菌
	1794	140	C03200208900001	骨科材料	颈椎前路固定系统	颈椎前路滑动板	089	内固定材料	00	不区分	001	双向滑动/4孔/灭菌
	1795	141	C03200208900002	骨科材料	颈椎前路固定系统	颈椎前路滑动板	089	内固定材料	00	不区分	002	双向滑动/4孔/非灭菌
	1796	142	C03200208900003	骨科材料	颈椎前路固定系统	颈椎前路滑动板	089	内固定材料	00	不区分	003	双向滑动/6孔/灭菌
	1797	143	C03200208900004	骨科材料	颈椎前路固定系统	颈椎前路滑动板	089	内固定材料	00	不区分	004	双向滑动/6孔/非灭菌
	1798	144	C03200208900005	骨科材料	颈椎前路固定系统	颈椎前路滑动板	089	内固定材料	00	不区分	005	双向滑动/8孔/灭菌
	1799	145	C03200208900006	骨科材料	颈椎前路固定系统	颈椎前路滑动板	089	内固定材料	00	不区分	006	双向滑动/8孔/非灭菌
	1800	146	C03200208900007	骨科材料	颈椎前路固定系统	颈椎前路滑动板	089	内固定材料	00	不区分	007	双向滑动/10孔/灭菌
	1801	147	C03200208900008	骨科材料	颈椎前路固定系统	颈椎前路滑动板	089	内固定材料	00	不区分	008	双向滑动/10孔/非灭菌
	1802	148	C03200208900009	骨科材料	颈椎前路固定系统	颈椎前路滑动板	089	内固定材料	00	不区分	009	双向滑动/12孔/灭菌
	1803	149	C03200208900010	骨科材料	颈椎前路固定系统	颈椎前路滑动板	089	内固定材料	00	不区分	010	双向滑动/12孔/非灭菌
	1804	150	C03200208900011	骨科材料	颈椎前路固定系统	颈椎前路滑动板	089	内固定材料	00	不区分	011	单向滑动/4孔/灭菌
	1805	151	C03200208900012	骨科材料	颈椎前路固定系统	颈椎前路滑动板	089	内固定材料	00	不区分	012	单向滑动/4孔/非灭菌
	1806	152	C03200208900013	骨科材料	颈椎前路固定系统	颈椎前路滑动板	089	内固定材料	00	不区分	013	单向滑动/6孔/灭菌
	1807	153	C03200208900014	骨科材料	颈椎前路固定系统	颈椎前路滑动板	089	内固定材料	00	不区分	014	单向滑动/6孔/非灭菌
	1808	154	C03200208900015	骨科材料	颈椎前路固定系统	颈椎前路滑动板	089	内固定材料	00	不区分	015	单向滑动/8孔/灭菌
	1809	155	C03200208900016	骨科材料	颈椎前路固定系统	颈椎前路滑动板	089	内固定材料	00	不区分	016	单向滑动/8孔/非灭菌
	1810	156	C03200208900017	骨科材料	颈椎前路固定系统	颈椎前路滑动板	089	内固定材料	00	不区分	017	单向滑动/10孔/灭菌
	1811	157	C03200208900018	骨科材料	颈椎前路固定系统	颈椎前路滑动板	089	内固定材料	00	不区分	018	单向滑动/10孔/非灭菌
	1812	158	C03200208900019	骨科材料	颈椎前路固定系统	颈椎前路滑动板	089	内固定材料	00	不区分	019	单向滑动/12孔/灭菌
	1813	159	C03200208900020	骨科材料	颈椎前路固定系统	颈椎前路滑动板	089	内固定材料	00	不区分	020	单向滑动/12孔/非灭菌
	1814	160	C03200308901000	骨科材料	颈椎前路固定系统	颈椎前路椎间融合固定装置	089	内固定材料	01	钛合金及其他	000	常规
	1815	161	C03200308902000	骨科材料	颈椎前路固定系统	颈椎前路椎间融合固定装置	089	内固定材料	02	钛合金	000	常规
	1816	162	C03200308903000	骨科材料	颈椎前路固定系统	颈椎前路椎间融合固定装置	089	内固定材料	03	聚醚醚酮（PEEK）	000	常规
	1817	163	C03200408900001	骨科材料	颈椎前路固定系统	颈椎前路钉	089	内固定材料	00	不区分	001	固定角度/自攻/灭菌
	1818	164	C03200408900002	骨科材料	颈椎前路固定系统	颈椎前路钉	089	内固定材料	00	不区分	002	固定角度/自攻/非灭菌
	1819	165	C03200408900003	骨科材料	颈椎前路固定系统	颈椎前路钉	089	内固定材料	00	不区分	003	固定角度/自钻/灭菌
	1820	166	C03200408900004	骨科材料	颈椎前路固定系统	颈椎前路钉	089	内固定材料	00	不区分	004	固定角度/自钻/非灭菌
	1821	167	C03200408900005	骨科材料	颈椎前路固定系统	颈椎前路钉	089	内固定材料	00	不区分	005	可调角度/自攻/灭菌
	1822	168	C03200408900006	骨科材料	颈椎前路固定系统	颈椎前路钉	089	内固定材料	00	不区分	006	可调角度/自攻/非灭菌
	1823	169	C03200408900007	骨科材料	颈椎前路固定系统	颈椎前路钉	089	内固定材料	00	不区分	007	可调角度/自钻/灭菌
	1824	170	C03200408900008	骨科材料	颈椎前路固定系统	颈椎前路钉	089	内固定材料	00	不区分	008	可调角度/自钻/非灭菌
	1825	171	C03200508900001	骨科材料	颈椎前路固定系统	颈椎前路固定系统其他部件	089	内固定材料	00	不区分	001	融合器固定夹
	1826	172	C03200508900002	骨科材料	颈椎前路固定系统	颈椎前路固定系统其他部件	089	内固定材料	00	不区分	002	融合器固定螺钉
	1827	173	C03210108901001	骨科材料	颈椎后路固定系统	颈椎后路椎板成形板	089	内固定材料	01	纯钛	001	灭菌
	1828	174	C03210108901002	骨科材料	颈椎后路固定系统	颈椎后路椎板成形板	089	内固定材料	01	纯钛	002	非灭菌
	1829	175	C03210108902001	骨科材料	颈椎后路固定系统	颈椎后路椎板成形板	089	内固定材料	02	钛合金	001	灭菌
	1830	176	C03210108902002	骨科材料	颈椎后路固定系统	颈椎后路椎板成形板	089	内固定材料	02	钛合金	002	非灭菌
	1831	177	C03210108903001	骨科材料	颈椎后路固定系统	颈椎后路椎板成形板	089	内固定材料	03	钴铬钼合金	001	灭菌
	1832	178	C03210108903002	骨科材料	颈椎后路固定系统	颈椎后路椎板成形板	089	内固定材料	03	钴铬钼合金	002	非灭菌
	1833	179	C03210208900001	骨科材料	颈椎后路固定系统	颈椎后路固定板	089	内固定材料	00	不区分	001	灭菌
	1834	180	C03210208900002	骨科材料	颈椎后路固定系统	颈椎后路固定板	089	内固定材料	00	不区分	002	非灭菌
	1835	181	C03210308901001	骨科材料	颈椎后路固定系统	颈椎后路固定棒	089	内固定材料	01	钛合金	001	普通棒/灭菌
	1836	182	C03210308901002	骨科材料	颈椎后路固定系统	颈椎后路固定棒	089	内固定材料	01	钛合金	002	普通棒/非灭菌
	1837	183	C03210308901003	骨科材料	颈椎后路固定系统	颈椎后路固定棒	089	内固定材料	01	钛合金	003	预弯棒/灭菌
	1838	184	C03210308901004	骨科材料	颈椎后路固定系统	颈椎后路固定棒	089	内固定材料	01	钛合金	004	预弯棒/非灭菌
	1839	185	C03210308901005	骨科材料	颈椎后路固定系统	颈椎后路固定棒	089	内固定材料	01	钛合金	005	关节棒/灭菌
	1840	186	C03210308901006	骨科材料	颈椎后路固定系统	颈椎后路固定棒	089	内固定材料	01	钛合金	006	关节棒/非灭菌
	1841	187	C03210308901007	骨科材料	颈椎后路固定系统	颈椎后路固定棒	089	内固定材料	01	钛合金	007	双直径棒/灭菌
	1842	188	C03210308901008	骨科材料	颈椎后路固定系统	颈椎后路固定棒	089	内固定材料	01	钛合金	008	双直径棒/非灭菌
	1843	189	C03210308902001	骨科材料	颈椎后路固定系统	颈椎后路固定棒	089	内固定材料	02	钴铬合金	001	普通棒/灭菌
	1844	190	C03210308902002	骨科材料	颈椎后路固定系统	颈椎后路固定棒	089	内固定材料	02	钴铬合金	002	普通棒/非灭菌
	1845	191	C03210308902003	骨科材料	颈椎后路固定系统	颈椎后路固定棒	089	内固定材料	02	钴铬合金	003	预弯棒/灭菌
	1846	192	C03210308902004	骨科材料	颈椎后路固定系统	颈椎后路固定棒	089	内固定材料	02	钴铬合金	004	预弯棒/非灭菌
	1847	193	C03210308902005	骨科材料	颈椎后路固定系统	颈椎后路固定棒	089	内固定材料	02	钴铬合金	005	关节棒/灭菌
	1848	194	C03210308902006	骨科材料	颈椎后路固定系统	颈椎后路固定棒	089	内固定材料	02	钴铬合金	006	关节棒/非灭菌
	1849	195	C03210308902007	骨科材料	颈椎后路固定系统	颈椎后路固定棒	089	内固定材料	02	钴铬合金	007	双直径棒/灭菌
	1850	196	C03210308902008	骨科材料	颈椎后路固定系统	颈椎后路固定棒	089	内固定材料	02	钴铬合金	008	双直径棒/非灭菌
	1851	197	C03210408900001	骨科材料	颈椎后路固定系统	颈椎后路椎板钩	089	内固定材料	00	不区分	001	灭菌
	1852	198	C03210408900002	骨科材料	颈椎后路固定系统	颈椎后路椎板钩	089	内固定材料	00	不区分	002	非灭菌
	1853	199	C03210508900001	骨科材料	颈椎后路固定系统	颈椎后路连接器	089	内固定材料	00	不区分	001	同轴/固定/灭菌
	1854	200	C03210508900002	骨科材料	颈椎后路固定系统	颈椎后路连接器	089	内固定材料	00	不区分	002	同轴/固定/非灭菌
	1855	201	C03210508900003	骨科材料	颈椎后路固定系统	颈椎后路连接器	089	内固定材料	00	不区分	003	同轴/可调/灭菌
	1856	202	C03210508900004	骨科材料	颈椎后路固定系统	颈椎后路连接器	089	内固定材料	00	不区分	004	同轴/可调/非灭菌
	1857	203	C03210508900005	骨科材料	颈椎后路固定系统	颈椎后路连接器	089	内固定材料	00	不区分	005	偏轴/固定/灭菌
	1858	204	C03210508900006	骨科材料	颈椎后路固定系统	颈椎后路连接器	089	内固定材料	00	不区分	006	偏轴/固定/非灭菌
	1859	205	C03210508900007	骨科材料	颈椎后路固定系统	颈椎后路连接器	089	内固定材料	00	不区分	007	偏轴/可调/灭菌
	1860	206	C03210508900008	骨科材料	颈椎后路固定系统	颈椎后路连接器	089	内固定材料	00	不区分	008	偏轴/可调/非灭菌
	1861	207	C03210508900009	骨科材料	颈椎后路固定系统	颈椎后路连接器	089	内固定材料	00	不区分	009	侧方开口/固定/灭菌
	1862	208	C03210508900010	骨科材料	颈椎后路固定系统	颈椎后路连接器	089	内固定材料	00	不区分	010	侧方开口/固定/非灭菌
	1863	209	C03210508900011	骨科材料	颈椎后路固定系统	颈椎后路连接器	089	内固定材料	00	不区分	011	侧方开口/可调/灭菌
	1864	210	C03210508900012	骨科材料	颈椎后路固定系统	颈椎后路连接器	089	内固定材料	00	不区分	012	侧方开口/可调/非灭菌
	1865	211	C03210608900001	骨科材料	颈椎后路固定系统	颈椎后路椎弓根/侧块螺钉	089	内固定材料	00	不区分	001	普通螺纹/长尾/全摆角
	1866	212	C03210608900002	骨科材料	颈椎后路固定系统	颈椎后路椎弓根/侧块螺钉	089	内固定材料	00	不区分	002	普通螺纹/长尾/偏角
	1867	213	C03210608900003	骨科材料	颈椎后路固定系统	颈椎后路椎弓根/侧块螺钉	089	内固定材料	00	不区分	003	普通螺纹/短尾/全摆角
	1868	214	C03210608900004	骨科材料	颈椎后路固定系统	颈椎后路椎弓根/侧块螺钉	089	内固定材料	00	不区分	004	普通螺纹/短尾/偏角
	1869	215	C03210608900005	骨科材料	颈椎后路固定系统	颈椎后路椎弓根/侧块螺钉	089	内固定材料	00	不区分	005	皮质骨螺纹/长尾/全摆角
	1870	216	C03210608900006	骨科材料	颈椎后路固定系统	颈椎后路椎弓根/侧块螺钉	089	内固定材料	00	不区分	006	皮质骨螺纹/长尾/偏角
	1871	217	C03210608900007	骨科材料	颈椎后路固定系统	颈椎后路椎弓根/侧块螺钉	089	内固定材料	00	不区分	007	皮质骨螺纹/短尾/全摆角
	1872	218	C03210608900008	骨科材料	颈椎后路固定系统	颈椎后路椎弓根/侧块螺钉	089	内固定材料	00	不区分	008	皮质骨螺纹/短尾/偏角
	1873	219	C03210608900009	骨科材料	颈椎后路固定系统	颈椎后路椎弓根/侧块螺钉	089	内固定材料	00	不区分	009	松质骨螺纹/长尾/全摆角
	1874	220	C03210608900010	骨科材料	颈椎后路固定系统	颈椎后路椎弓根/侧块螺钉	089	内固定材料	00	不区分	010	松质骨螺纹/长尾/偏角
	1875	221	C03210608900011	骨科材料	颈椎后路固定系统	颈椎后路椎弓根/侧块螺钉	089	内固定材料	00	不区分	011	松质骨螺纹/短尾/全摆角
	1876	222	C03210608900012	骨科材料	颈椎后路固定系统	颈椎后路椎弓根/侧块螺钉	089	内固定材料	00	不区分	012	松质骨螺纹/短尾/偏角
	1877	223	C03210708900001	骨科材料	颈椎后路固定系统	颈椎后路横连	089	内固定材料	00	不区分	001	可调/灭菌
	1878	224	C03210708900002	骨科材料	颈椎后路固定系统	颈椎后路横连	089	内固定材料	00	不区分	002	可调/非灭菌
	1879	225	C03210708900003	骨科材料	颈椎后路固定系统	颈椎后路横连	089	内固定材料	00	不区分	003	固定/灭菌
	1880	226	C03210708900004	骨科材料	颈椎后路固定系统	颈椎后路横连	089	内固定材料	00	不区分	004	固定/非灭菌
	1881	227	C03210808900001	骨科材料	颈椎后路固定系统	颈椎后路椎板成形钉	089	内固定材料	00	不区分	001	自攻/灭菌
	1882	228	C03210808900002	骨科材料	颈椎后路固定系统	颈椎后路椎板成形钉	089	内固定材料	00	不区分	002	自攻/非灭菌
	1883	229	C03210808900003	骨科材料	颈椎后路固定系统	颈椎后路椎板成形钉	089	内固定材料	00	不区分	003	自钻/灭菌
	1884	230	C03210808900004	骨科材料	颈椎后路固定系统	颈椎后路椎板成形钉	089	内固定材料	00	不区分	004	自钻/非灭菌
	1885	231	C03210908900001	骨科材料	颈椎后路固定系统	颈椎后路锁定螺帽	089	内固定材料	00	不区分	001	横连内锁螺帽/灭菌
	1886	232	C03210908900002	骨科材料	颈椎后路固定系统	颈椎后路锁定螺帽	089	内固定材料	00	不区分	002	横连内锁螺帽/非灭菌
	1887	233	C03210908900003	骨科材料	颈椎后路固定系统	颈椎后路锁定螺帽	089	内固定材料	00	不区分	003	横连外锁螺帽/灭菌
	1888	234	C03210908900004	骨科材料	颈椎后路固定系统	颈椎后路锁定螺帽	089	内固定材料	00	不区分	004	横连外锁螺帽/非灭菌
	1889	235	C03210908900005	骨科材料	颈椎后路固定系统	颈椎后路锁定螺帽	089	内固定材料	00	不区分	005	螺钉螺帽/灭菌
	1890	236	C03210908900006	骨科材料	颈椎后路固定系统	颈椎后路锁定螺帽	089	内固定材料	00	不区分	006	螺钉螺帽/非灭菌
	1891	237	C03211008901000	骨科材料	颈椎后路固定系统	颈椎后路铰链板	089	内固定材料	01	钛合金	000	常规
	1892	238	C03211008902000	骨科材料	颈椎后路固定系统	颈椎后路铰链板	089	内固定材料	02	纯钛	000	常规
	1893	239	C03211108901000	骨科材料	颈椎后路固定系统	颈椎后路侧孔板	089	内固定材料	01	钛合金	000	常规
	1894	240	C03211108902000	骨科材料	颈椎后路固定系统	颈椎后路侧孔板	089	内固定材料	02	纯钛	000	常规
	1895	241	C03211208900001	骨科材料	颈椎后路固定系统	颈椎后路钉头横连	089	内固定材料	00	不区分	001	灭菌
	1896	242	C03211208900002	骨科材料	颈椎后路固定系统	颈椎后路钉头横连	089	内固定材料	00	不区分	002	非灭菌
	1897	243	C03211308900001	骨科材料	颈椎后路固定系统	颈椎后路固定系统其他部件	089	内固定材料	00	不区分	001	颈椎后路侧块螺钉加固垫片
	1898	244	C03220108901001	骨科材料	脊柱侧弯矫形系统	钛肋	089	内固定材料	01	纯钛	001	灭菌
	1899	245	C03220108901002	骨科材料	脊柱侧弯矫形系统	钛肋	089	内固定材料	01	纯钛	002	非灭菌
	1900	246	C03220108902001	骨科材料	脊柱侧弯矫形系统	钛肋	089	内固定材料	02	钛合金	001	灭菌
	1901	247	C03220108902002	骨科材料	脊柱侧弯矫形系统	钛肋	089	内固定材料	02	钛合金	002	非灭菌
	1902	248	C03220108903001	骨科材料	脊柱侧弯矫形系统	钛肋	089	内固定材料	03	钴铬钼合金	001	灭菌
	1903	249	C03220108903002	骨科材料	脊柱侧弯矫形系统	钛肋	089	内固定材料	03	钴铬钼合金	002	非灭菌
	1904	250	C03220208900001	骨科材料	脊柱侧弯矫形系统	生长阀	089	内固定材料	00	不区分	001	灭菌
	1905	251	C03220208900002	骨科材料	脊柱侧弯矫形系统	生长阀	089	内固定材料	00	不区分	002	非灭菌
	1906	252	C03220308901001	骨科材料	脊柱侧弯矫形系统	滑动钉	089	内固定材料	01	钛合金	001	灭菌
	1907	253	C03220308901002	骨科材料	脊柱侧弯矫形系统	滑动钉	089	内固定材料	01	钛合金	002	非灭菌
	1908	254	C03220308902001	骨科材料	脊柱侧弯矫形系统	滑动钉	089	内固定材料	02	钴铬合金	001	灭菌
	1909	255	C03220308902002	骨科材料	脊柱侧弯矫形系统	滑动钉	089	内固定材料	02	钴铬合金	002	非灭菌
	1910	256	C03220408900000	骨科材料	脊柱侧弯矫形系统	脊柱侧弯矫形系统其他部件	089	内固定材料	00	不区分	000	常规
	1911	257	C03230108901001	骨科材料	颈胸固定系统	双直径棒	089	内固定材料	01	纯钛	001	灭菌
	1912	258	C03230108901002	骨科材料	颈胸固定系统	双直径棒	089	内固定材料	01	纯钛	002	非灭菌
	1913	259	C03230108902001	骨科材料	颈胸固定系统	双直径棒	089	内固定材料	02	钛合金	001	灭菌
	1914	260	C03230108902002	骨科材料	颈胸固定系统	双直径棒	089	内固定材料	02	钛合金	002	非灭菌
	1915	261	C03230108903001	骨科材料	颈胸固定系统	双直径棒	089	内固定材料	03	钴铬钼合金	001	灭菌
	1916	262	C03230108903002	骨科材料	颈胸固定系统	双直径棒	089	内固定材料	03	钴铬钼合金	002	非灭菌
	1917	263	C03230208901001	骨科材料	颈胸固定系统	颈胸连接器	089	内固定材料	01	纯钛	001	灭菌
	1918	264	C03230208901002	骨科材料	颈胸固定系统	颈胸连接器	089	内固定材料	01	纯钛	002	非灭菌
	1919	265	C03230208902001	骨科材料	颈胸固定系统	颈胸连接器	089	内固定材料	02	钛合金	001	灭菌
	1920	266	C03230208902002	骨科材料	颈胸固定系统	颈胸连接器	089	内固定材料	02	钛合金	002	非灭菌
	1921	267	C03230308901001	骨科材料	颈胸固定系统	单直径棒	089	内固定材料	01	纯钛	001	灭菌
	1922	268	C03230308901002	骨科材料	颈胸固定系统	单直径棒	089	内固定材料	01	纯钛	002	非灭菌
	1923	269	C03230308902001	骨科材料	颈胸固定系统	单直径棒	089	内固定材料	02	钛合金	001	灭菌
	1924	270	C03230308902002	骨科材料	颈胸固定系统	单直径棒	089	内固定材料	02	钛合金	002	非灭菌
	1925	271	C03230308903001	骨科材料	颈胸固定系统	单直径棒	089	内固定材料	03	钴铬钼合金	001	灭菌
	1926	272	C03230308903002	骨科材料	颈胸固定系统	单直径棒	089	内固定材料	03	钴铬钼合金	002	非灭菌
	1927	273	C03230408901001	骨科材料	颈胸固定系统	颈胸固定系统其他部件	089	内固定材料	01	纯钛	001	长尾
	1928	274	C03230408901002	骨科材料	颈胸固定系统	颈胸固定系统其他部件	089	内固定材料	01	纯钛	002	短尾
	1929	275	C03230408902001	骨科材料	颈胸固定系统	颈胸固定系统其他部件	089	内固定材料	02	钛合金	001	长尾
	1930	276	C03230408902002	骨科材料	颈胸固定系统	颈胸固定系统其他部件	089	内固定材料	02	钛合金	002	短尾
	1931	277	C03240108901001	骨科材料	胸腰椎前路固定系统	胸腰椎前路固定板	089	内固定材料	01	纯钛	001	灭菌
	1932	278	C03240108901002	骨科材料	胸腰椎前路固定系统	胸腰椎前路固定板	089	内固定材料	01	纯钛	002	非灭菌
	1933	279	C03240108902001	骨科材料	胸腰椎前路固定系统	胸腰椎前路固定板	089	内固定材料	02	钛合金	001	灭菌
	1934	280	C03240108902002	骨科材料	胸腰椎前路固定系统	胸腰椎前路固定板	089	内固定材料	02	钛合金	002	非灭菌
	1935	281	C03240108903001	骨科材料	胸腰椎前路固定系统	胸腰椎前路固定板	089	内固定材料	03	钴铬钼合金	001	灭菌
	1936	282	C03240108903002	骨科材料	胸腰椎前路固定系统	胸腰椎前路固定板	089	内固定材料	03	钴铬钼合金	002	非灭菌
	1937	283	C03240208901001	骨科材料	胸腰椎前路固定系统	胸腰椎前路固定棒	089	内固定材料	01	钛合金	001	灭菌
	1938	284	C03240208901002	骨科材料	胸腰椎前路固定系统	胸腰椎前路固定棒	089	内固定材料	01	钛合金	002	非灭菌
	1939	285	C03240208902001	骨科材料	胸腰椎前路固定系统	胸腰椎前路固定棒	089	内固定材料	02	钴铬钼合金	001	灭菌
	1940	286	C03240208902002	骨科材料	胸腰椎前路固定系统	胸腰椎前路固定棒	089	内固定材料	02	钴铬钼合金	002	非灭菌
	1941	287	C03240308900000	骨科材料	胸腰椎前路固定系统	胸腰椎前路椎体螺钉	089	内固定材料	00	不区分	000	常规
	1942	288	C03240408900000	骨科材料	胸腰椎前路固定系统	胸腰椎前路椎间融合固定装置	089	内固定材料	00	不区分	000	常规
	1943	289	C03240508900001	骨科材料	胸腰椎前路固定系统	胸腰椎前路椎体单栓钉	089	内固定材料	00	不区分	001	灭菌
	1944	290	C03240508900002	骨科材料	胸腰椎前路固定系统	胸腰椎前路椎体单栓钉	089	内固定材料	00	不区分	002	非灭菌
	1945	291	C03240608900001	骨科材料	胸腰椎前路固定系统	胸腰椎前路垫片	089	内固定材料	00	不区分	001	单孔
	1946	292	C03240608900002	骨科材料	胸腰椎前路固定系统	胸腰椎前路垫片	089	内固定材料	00	不区分	002	双孔
	1947	293	C03240708900000	骨科材料	胸腰椎前路固定系统	胸腰椎前路横向连接器	089	内固定材料	00	不区分	000	常规
	1948	294	C03240808900001	骨科材料	胸腰椎前路固定系统	胸腰椎前路固定系统其他部件	089	内固定材料	00	不区分	001	融合器固定夹
	1949	295	C03240808900002	骨科材料	胸腰椎前路固定系统	胸腰椎前路固定系统其他部件	089	内固定材料	00	不区分	002	融合器固定螺钉
	1950	296	C03240808900003	骨科材料	胸腰椎前路固定系统	胸腰椎前路固定系统其他部件	089	内固定材料	00	不区分	003	融合器固定板
	1951	297	C03250108901001	骨科材料	胸腰椎后路固定系统	胸腰椎后路固定板	089	内固定材料	01	纯钛	001	灭菌
	1952	298	C03250108901002	骨科材料	胸腰椎后路固定系统	胸腰椎后路固定板	089	内固定材料	01	纯钛	002	非灭菌
	1953	299	C03250108902001	骨科材料	胸腰椎后路固定系统	胸腰椎后路固定板	089	内固定材料	02	钛合金	001	灭菌
	1954	300	C03250108902002	骨科材料	胸腰椎后路固定系统	胸腰椎后路固定板	089	内固定材料	02	钛合金	002	非灭菌
	1955	301	C03250108903001	骨科材料	胸腰椎后路固定系统	胸腰椎后路固定板	089	内固定材料	03	钴铬钼合金	001	灭菌
	1956	302	C03250108903002	骨科材料	胸腰椎后路固定系统	胸腰椎后路固定板	089	内固定材料	03	钴铬钼合金	002	非灭菌
	1957	303	C03250108904001	骨科材料	胸腰椎后路固定系统	胸腰椎后路固定板	089	内固定材料	04	聚醚醚酮（PEEK）	001	灭菌
	1958	304	C03250108904002	骨科材料	胸腰椎后路固定系统	胸腰椎后路固定板	089	内固定材料	04	聚醚醚酮（PEEK）	002	非灭菌
	1959	305	C03250208901001	骨科材料	胸腰椎后路固定系统	胸腰椎后路固定棒	089	内固定材料	01	钛合金	001	普通棒/预裁棒/灭菌
	1960	306	C03250208901002	骨科材料	胸腰椎后路固定系统	胸腰椎后路固定棒	089	内固定材料	01	钛合金	002	普通棒/预裁棒/非灭菌
	1961	307	C03250208901003	骨科材料	胸腰椎后路固定系统	胸腰椎后路固定棒	089	内固定材料	01	钛合金	003	普通棒/预弯棒/灭菌
	1962	308	C03250208901004	骨科材料	胸腰椎后路固定系统	胸腰椎后路固定棒	089	内固定材料	01	钛合金	004	普通棒/预弯棒/非灭菌
	1963	309	C03250208901005	骨科材料	胸腰椎后路固定系统	胸腰椎后路固定棒	089	内固定材料	01	钛合金	005	普通棒/非预裁棒/灭菌
	1964	310	C03250208901006	骨科材料	胸腰椎后路固定系统	胸腰椎后路固定棒	089	内固定材料	01	钛合金	006	普通棒/非预裁棒/非灭菌
	1965	311	C03250208901007	骨科材料	胸腰椎后路固定系统	胸腰椎后路固定棒	089	内固定材料	01	钛合金	007	普通棒/非预弯棒/灭菌
	1966	312	C03250208901008	骨科材料	胸腰椎后路固定系统	胸腰椎后路固定棒	089	内固定材料	01	钛合金	008	普通棒/非预弯棒/非灭菌
	1967	313	C03250208901009	骨科材料	胸腰椎后路固定系统	胸腰椎后路固定棒	089	内固定材料	01	钛合金	009	双直径棒/预裁棒/灭菌
	1968	314	C03250208901010	骨科材料	胸腰椎后路固定系统	胸腰椎后路固定棒	089	内固定材料	01	钛合金	010	双直径棒/预裁棒/非灭菌
	1969	315	C03250208901011	骨科材料	胸腰椎后路固定系统	胸腰椎后路固定棒	089	内固定材料	01	钛合金	011	双直径棒/预弯棒/灭菌
	1970	316	C03250208901012	骨科材料	胸腰椎后路固定系统	胸腰椎后路固定棒	089	内固定材料	01	钛合金	012	双直径棒/预弯棒/非灭菌
	1971	317	C03250208901013	骨科材料	胸腰椎后路固定系统	胸腰椎后路固定棒	089	内固定材料	01	钛合金	013	双直径棒/非预裁棒/灭菌
	1972	318	C03250208901014	骨科材料	胸腰椎后路固定系统	胸腰椎后路固定棒	089	内固定材料	01	钛合金	014	双直径棒/非预裁棒/非灭菌
	1973	319	C03250208901015	骨科材料	胸腰椎后路固定系统	胸腰椎后路固定棒	089	内固定材料	01	钛合金	015	双直径棒/非预弯棒/灭菌
	1974	320	C03250208901016	骨科材料	胸腰椎后路固定系统	胸腰椎后路固定棒	089	内固定材料	01	钛合金	016	双直径棒/非预弯棒/非灭菌
	1975	321	C03250208901017	骨科材料	胸腰椎后路固定系统	胸腰椎后路固定棒	089	内固定材料	01	钛合金	017	Z形棒/预裁棒/灭菌
	1976	322	C03250208901018	骨科材料	胸腰椎后路固定系统	胸腰椎后路固定棒	089	内固定材料	01	钛合金	018	Z形棒/预裁棒/非灭菌
	1977	323	C03250208901019	骨科材料	胸腰椎后路固定系统	胸腰椎后路固定棒	089	内固定材料	01	钛合金	019	Z形棒/预弯棒/灭菌
	1978	324	C03250208901020	骨科材料	胸腰椎后路固定系统	胸腰椎后路固定棒	089	内固定材料	01	钛合金	020	Z形棒/预弯棒/非灭菌
	1979	325	C03250208901021	骨科材料	胸腰椎后路固定系统	胸腰椎后路固定棒	089	内固定材料	01	钛合金	021	Z形棒/非预裁棒/灭菌
	1980	326	C03250208901022	骨科材料	胸腰椎后路固定系统	胸腰椎后路固定棒	089	内固定材料	01	钛合金	022	Z形棒/非预裁棒/非灭菌
	1981	327	C03250208901023	骨科材料	胸腰椎后路固定系统	胸腰椎后路固定棒	089	内固定材料	01	钛合金	023	Z形棒/非预弯棒/灭菌
	1982	328	C03250208901024	骨科材料	胸腰椎后路固定系统	胸腰椎后路固定棒	089	内固定材料	01	钛合金	024	Z形棒/非预弯棒/非灭菌
	1983	329	C03250208902001	骨科材料	胸腰椎后路固定系统	胸腰椎后路固定棒	089	内固定材料	02	钴铬合金	001	普通棒/预裁棒/灭菌
	1984	330	C03250208902002	骨科材料	胸腰椎后路固定系统	胸腰椎后路固定棒	089	内固定材料	02	钴铬合金	002	普通棒/预裁棒/非灭菌
	1985	331	C03250208902003	骨科材料	胸腰椎后路固定系统	胸腰椎后路固定棒	089	内固定材料	02	钴铬合金	003	普通棒/预弯棒/灭菌
	1986	332	C03250208902004	骨科材料	胸腰椎后路固定系统	胸腰椎后路固定棒	089	内固定材料	02	钴铬合金	004	普通棒/预弯棒/非灭菌
	1987	333	C03250208902005	骨科材料	胸腰椎后路固定系统	胸腰椎后路固定棒	089	内固定材料	02	钴铬合金	005	普通棒/非预裁棒/灭菌
	1988	334	C03250208902006	骨科材料	胸腰椎后路固定系统	胸腰椎后路固定棒	089	内固定材料	02	钴铬合金	006	普通棒/非预裁棒/非灭菌
	1989	335	C03250208902007	骨科材料	胸腰椎后路固定系统	胸腰椎后路固定棒	089	内固定材料	02	钴铬合金	007	普通棒/非预弯棒/灭菌
	1990	336	C03250208902008	骨科材料	胸腰椎后路固定系统	胸腰椎后路固定棒	089	内固定材料	02	钴铬合金	008	普通棒/非预弯棒/非灭菌
	1991	337	C03250208902009	骨科材料	胸腰椎后路固定系统	胸腰椎后路固定棒	089	内固定材料	02	钴铬合金	009	双直径棒/预裁棒/灭菌
	1992	338	C03250208902010	骨科材料	胸腰椎后路固定系统	胸腰椎后路固定棒	089	内固定材料	02	钴铬合金	010	双直径棒/预裁棒/非灭菌
	1993	339	C03250208902011	骨科材料	胸腰椎后路固定系统	胸腰椎后路固定棒	089	内固定材料	02	钴铬合金	011	双直径棒/预弯棒/灭菌
	1994	340	C03250208902012	骨科材料	胸腰椎后路固定系统	胸腰椎后路固定棒	089	内固定材料	02	钴铬合金	012	双直径棒/预弯棒/非灭菌
	1995	341	C03250208902013	骨科材料	胸腰椎后路固定系统	胸腰椎后路固定棒	089	内固定材料	02	钴铬合金	013	双直径棒/非预裁棒/灭菌
	1996	342	C03250208902014	骨科材料	胸腰椎后路固定系统	胸腰椎后路固定棒	089	内固定材料	02	钴铬合金	014	双直径棒/非预裁棒/非灭菌
	1997	343	C03250208902015	骨科材料	胸腰椎后路固定系统	胸腰椎后路固定棒	089	内固定材料	02	钴铬合金	015	双直径棒/非预弯棒/灭菌
	1998	344	C03250208902016	骨科材料	胸腰椎后路固定系统	胸腰椎后路固定棒	089	内固定材料	02	钴铬合金	016	双直径棒/非预弯棒/非灭菌
	1999	345	C03250208902017	骨科材料	胸腰椎后路固定系统	胸腰椎后路固定棒	089	内固定材料	02	钴铬合金	017	Z形棒/预裁棒/灭菌
	2000	346	C03250208902018	骨科材料	胸腰椎后路固定系统	胸腰椎后路固定棒	089	内固定材料	02	钴铬合金	018	Z形棒/预裁棒/非灭菌
	2001	347	C03250208902019	骨科材料	胸腰椎后路固定系统	胸腰椎后路固定棒	089	内固定材料	02	钴铬合金	019	Z形棒/预弯棒/灭菌
	2002	348	C03250208902020	骨科材料	胸腰椎后路固定系统	胸腰椎后路固定棒	089	内固定材料	02	钴铬合金	020	Z形棒/预弯棒/非灭菌
	2003	349	C03250208902021	骨科材料	胸腰椎后路固定系统	胸腰椎后路固定棒	089	内固定材料	02	钴铬合金	021	Z形棒/非预裁棒/灭菌
	2004	350	C03250208902022	骨科材料	胸腰椎后路固定系统	胸腰椎后路固定棒	089	内固定材料	02	钴铬合金	022	Z形棒/非预裁棒/非灭菌
	2005	351	C03250208902023	骨科材料	胸腰椎后路固定系统	胸腰椎后路固定棒	089	内固定材料	02	钴铬合金	023	Z形棒/非预弯棒/灭菌
	2006	352	C03250208902024	骨科材料	胸腰椎后路固定系统	胸腰椎后路固定棒	089	内固定材料	02	钴铬合金	024	Z形棒/非预弯棒/非灭菌
	2007	353	C03250208903001	骨科材料	胸腰椎后路固定系统	胸腰椎后路固定棒	089	内固定材料	03	纯钛	001	普通棒/预裁棒/灭菌
	2008	354	C03250208903002	骨科材料	胸腰椎后路固定系统	胸腰椎后路固定棒	089	内固定材料	03	纯钛	002	普通棒/预裁棒/非灭菌
	2009	355	C03250208903003	骨科材料	胸腰椎后路固定系统	胸腰椎后路固定棒	089	内固定材料	03	纯钛	003	普通棒/预弯棒/灭菌
	2010	356	C03250208903004	骨科材料	胸腰椎后路固定系统	胸腰椎后路固定棒	089	内固定材料	03	纯钛	004	普通棒/预弯棒/非灭菌
	2011	357	C03250208903005	骨科材料	胸腰椎后路固定系统	胸腰椎后路固定棒	089	内固定材料	03	纯钛	005	普通棒/非预裁棒/灭菌
	2012	358	C03250208903006	骨科材料	胸腰椎后路固定系统	胸腰椎后路固定棒	089	内固定材料	03	纯钛	006	普通棒/非预裁棒/非灭菌
	2013	359	C03250208903007	骨科材料	胸腰椎后路固定系统	胸腰椎后路固定棒	089	内固定材料	03	纯钛	007	普通棒/非预弯棒/灭菌
	2014	360	C03250208903008	骨科材料	胸腰椎后路固定系统	胸腰椎后路固定棒	089	内固定材料	03	纯钛	008	普通棒/非预弯棒/非灭菌
	2015	361	C03250208903009	骨科材料	胸腰椎后路固定系统	胸腰椎后路固定棒	089	内固定材料	03	纯钛	009	双直径棒/预裁棒/灭菌
	2016	362	C03250208903010	骨科材料	胸腰椎后路固定系统	胸腰椎后路固定棒	089	内固定材料	03	纯钛	010	双直径棒/预裁棒/非灭菌
	2017	363	C03250208903011	骨科材料	胸腰椎后路固定系统	胸腰椎后路固定棒	089	内固定材料	03	纯钛	011	双直径棒/预弯棒/灭菌
	2018	364	C03250208903012	骨科材料	胸腰椎后路固定系统	胸腰椎后路固定棒	089	内固定材料	03	纯钛	012	双直径棒/预弯棒/非灭菌
	2019	365	C03250208903013	骨科材料	胸腰椎后路固定系统	胸腰椎后路固定棒	089	内固定材料	03	纯钛	013	双直径棒/非预裁棒/灭菌
	2020	366	C03250208903014	骨科材料	胸腰椎后路固定系统	胸腰椎后路固定棒	089	内固定材料	03	纯钛	014	双直径棒/非预裁棒/非灭菌
	2021	367	C03250208903015	骨科材料	胸腰椎后路固定系统	胸腰椎后路固定棒	089	内固定材料	03	纯钛	015	双直径棒/非预弯棒/灭菌
	2022	368	C03250208903016	骨科材料	胸腰椎后路固定系统	胸腰椎后路固定棒	089	内固定材料	03	纯钛	016	双直径棒/非预弯棒/非灭菌
	2023	369	C03250208903017	骨科材料	胸腰椎后路固定系统	胸腰椎后路固定棒	089	内固定材料	03	纯钛	017	Z形棒/预裁棒/灭菌
	2024	370	C03250208903018	骨科材料	胸腰椎后路固定系统	胸腰椎后路固定棒	089	内固定材料	03	纯钛	018	Z形棒/预裁棒/非灭菌
	2025	371	C03250208903019	骨科材料	胸腰椎后路固定系统	胸腰椎后路固定棒	089	内固定材料	03	纯钛	019	Z形棒/预弯棒/灭菌
	2026	372	C03250208903020	骨科材料	胸腰椎后路固定系统	胸腰椎后路固定棒	089	内固定材料	03	纯钛	020	Z形棒/预弯棒/非灭菌
	2027	373	C03250208903021	骨科材料	胸腰椎后路固定系统	胸腰椎后路固定棒	089	内固定材料	03	纯钛	021	Z形棒/非预裁棒/灭菌
	2028	374	C03250208903022	骨科材料	胸腰椎后路固定系统	胸腰椎后路固定棒	089	内固定材料	03	纯钛	022	Z形棒/非预裁棒/非灭菌
	2029	375	C03250208903023	骨科材料	胸腰椎后路固定系统	胸腰椎后路固定棒	089	内固定材料	03	纯钛	023	Z形棒/非预弯棒/灭菌
	2030	376	C03250208903024	骨科材料	胸腰椎后路固定系统	胸腰椎后路固定棒	089	内固定材料	03	纯钛	024	Z形棒/非预弯棒/非灭菌
	2031	377	C03250308901001	骨科材料	胸腰椎后路固定系统	胸腰椎后路固定钩	089	内固定材料	01	纯钛	001	灭菌
	2032	378	C03250308901002	骨科材料	胸腰椎后路固定系统	胸腰椎后路固定钩	089	内固定材料	01	纯钛	002	非灭菌
	2033	379	C03250308902001	骨科材料	胸腰椎后路固定系统	胸腰椎后路固定钩	089	内固定材料	02	钛合金	001	灭菌
	2034	380	C03250308902002	骨科材料	胸腰椎后路固定系统	胸腰椎后路固定钩	089	内固定材料	02	钛合金	002	非灭菌
	2035	381	C03250408901001	骨科材料	胸腰椎后路固定系统	胸腰椎后路固定夹	089	内固定材料	01	钛合金	001	灭菌
	2036	382	C03250408901002	骨科材料	胸腰椎后路固定系统	胸腰椎后路固定夹	089	内固定材料	01	钛合金	002	非灭菌
	2037	383	C03250408902001	骨科材料	胸腰椎后路固定系统	胸腰椎后路固定夹	089	内固定材料	02	聚对苯二甲酸乙二醇脂（PET）	001	灭菌
	2038	384	C03250408902002	骨科材料	胸腰椎后路固定系统	胸腰椎后路固定夹	089	内固定材料	02	聚对苯二甲酸乙二醇脂（PET）	002	非灭菌
	2039	385	C03250508901001	骨科材料	胸腰椎后路固定系统	胸腰椎后路椎弓根长尾螺钉	089	内固定材料	01	钛合金	001	普通螺纹/实心/万向
	2040	386	C03250508901002	骨科材料	胸腰椎后路固定系统	胸腰椎后路椎弓根长尾螺钉	089	内固定材料	01	钛合金	002	普通螺纹/实心/万向偏角
	2041	387	C03250508901003	骨科材料	胸腰椎后路固定系统	胸腰椎后路椎弓根长尾螺钉	089	内固定材料	01	钛合金	003	普通螺纹/实心/单向
	2042	388	C03250508901004	骨科材料	胸腰椎后路固定系统	胸腰椎后路椎弓根长尾螺钉	089	内固定材料	01	钛合金	004	普通螺纹/实心/单平面
	2043	389	C03250508901005	骨科材料	胸腰椎后路固定系统	胸腰椎后路椎弓根长尾螺钉	089	内固定材料	01	钛合金	005	普通螺纹/实心/平移
	2044	390	C03250508901006	骨科材料	胸腰椎后路固定系统	胸腰椎后路椎弓根长尾螺钉	089	内固定材料	01	钛合金	006	普通螺纹/实心/双锁
	2045	391	C03250508901007	骨科材料	胸腰椎后路固定系统	胸腰椎后路椎弓根长尾螺钉	089	内固定材料	01	钛合金	007	普通螺纹/中空/万向
	2046	392	C03250508901008	骨科材料	胸腰椎后路固定系统	胸腰椎后路椎弓根长尾螺钉	089	内固定材料	01	钛合金	008	普通螺纹/中空/万向偏角
	2047	393	C03250508901009	骨科材料	胸腰椎后路固定系统	胸腰椎后路椎弓根长尾螺钉	089	内固定材料	01	钛合金	009	普通螺纹/中空/单向
	2048	394	C03250508901010	骨科材料	胸腰椎后路固定系统	胸腰椎后路椎弓根长尾螺钉	089	内固定材料	01	钛合金	010	普通螺纹/中空/单平面
	2049	395	C03250508901011	骨科材料	胸腰椎后路固定系统	胸腰椎后路椎弓根长尾螺钉	089	内固定材料	01	钛合金	011	普通螺纹/中空/平移
	2050	396	C03250508901012	骨科材料	胸腰椎后路固定系统	胸腰椎后路椎弓根长尾螺钉	089	内固定材料	01	钛合金	012	普通螺纹/中空/双锁
	2051	397	C03250508901013	骨科材料	胸腰椎后路固定系统	胸腰椎后路椎弓根长尾螺钉	089	内固定材料	01	钛合金	013	普通螺纹/中空+侧孔/万向
	2052	398	C03250508901014	骨科材料	胸腰椎后路固定系统	胸腰椎后路椎弓根长尾螺钉	089	内固定材料	01	钛合金	014	普通螺纹/中空+侧孔/万向偏角
	2053	399	C03250508901015	骨科材料	胸腰椎后路固定系统	胸腰椎后路椎弓根长尾螺钉	089	内固定材料	01	钛合金	015	普通螺纹/中空+侧孔/单向
	2054	400	C03250508901016	骨科材料	胸腰椎后路固定系统	胸腰椎后路椎弓根长尾螺钉	089	内固定材料	01	钛合金	016	普通螺纹/中空+侧孔/单平面
	2055	401	C03250508901017	骨科材料	胸腰椎后路固定系统	胸腰椎后路椎弓根长尾螺钉	089	内固定材料	01	钛合金	017	普通螺纹/中空+侧孔/平移
	2056	402	C03250508901018	骨科材料	胸腰椎后路固定系统	胸腰椎后路椎弓根长尾螺钉	089	内固定材料	01	钛合金	018	普通螺纹/中空+侧孔/双锁
	2057	403	C03250508901019	骨科材料	胸腰椎后路固定系统	胸腰椎后路椎弓根长尾螺钉	089	内固定材料	01	钛合金	019	多线螺纹/实心/万向
	2058	404	C03250508901020	骨科材料	胸腰椎后路固定系统	胸腰椎后路椎弓根长尾螺钉	089	内固定材料	01	钛合金	020	多线螺纹/实心/万向偏角
	2059	405	C03250508901021	骨科材料	胸腰椎后路固定系统	胸腰椎后路椎弓根长尾螺钉	089	内固定材料	01	钛合金	021	多线螺纹/实心/单向
	2060	406	C03250508901022	骨科材料	胸腰椎后路固定系统	胸腰椎后路椎弓根长尾螺钉	089	内固定材料	01	钛合金	022	多线螺纹/实心/单平面
	2061	407	C03250508901023	骨科材料	胸腰椎后路固定系统	胸腰椎后路椎弓根长尾螺钉	089	内固定材料	01	钛合金	023	多线螺纹/实心/平移
	2062	408	C03250508901024	骨科材料	胸腰椎后路固定系统	胸腰椎后路椎弓根长尾螺钉	089	内固定材料	01	钛合金	024	多线螺纹/实心/双锁
	2063	409	C03250508901025	骨科材料	胸腰椎后路固定系统	胸腰椎后路椎弓根长尾螺钉	089	内固定材料	01	钛合金	025	多线螺纹/中空/万向
	2064	410	C03250508901026	骨科材料	胸腰椎后路固定系统	胸腰椎后路椎弓根长尾螺钉	089	内固定材料	01	钛合金	026	多线螺纹/中空/万向偏角
	2065	411	C03250508901027	骨科材料	胸腰椎后路固定系统	胸腰椎后路椎弓根长尾螺钉	089	内固定材料	01	钛合金	027	多线螺纹/中空/单向
	2066	412	C03250508901028	骨科材料	胸腰椎后路固定系统	胸腰椎后路椎弓根长尾螺钉	089	内固定材料	01	钛合金	028	多线螺纹/中空/单平面
	2067	413	C03250508901029	骨科材料	胸腰椎后路固定系统	胸腰椎后路椎弓根长尾螺钉	089	内固定材料	01	钛合金	029	多线螺纹/中空/平移
	2068	414	C03250508901030	骨科材料	胸腰椎后路固定系统	胸腰椎后路椎弓根长尾螺钉	089	内固定材料	01	钛合金	030	多线螺纹/中空/双锁
	2069	415	C03250508901031	骨科材料	胸腰椎后路固定系统	胸腰椎后路椎弓根长尾螺钉	089	内固定材料	01	钛合金	031	多线螺纹/中空+侧孔/万向
	2070	416	C03250508901032	骨科材料	胸腰椎后路固定系统	胸腰椎后路椎弓根长尾螺钉	089	内固定材料	01	钛合金	032	多线螺纹/中空+侧孔/万向偏角
	2071	417	C03250508901033	骨科材料	胸腰椎后路固定系统	胸腰椎后路椎弓根长尾螺钉	089	内固定材料	01	钛合金	033	多线螺纹/中空+侧孔/单向
	2072	418	C03250508901034	骨科材料	胸腰椎后路固定系统	胸腰椎后路椎弓根长尾螺钉	089	内固定材料	01	钛合金	034	多线螺纹/中空+侧孔/单平面
	2073	419	C03250508901035	骨科材料	胸腰椎后路固定系统	胸腰椎后路椎弓根长尾螺钉	089	内固定材料	01	钛合金	035	多线螺纹/中空+侧孔/平移
	2074	420	C03250508901036	骨科材料	胸腰椎后路固定系统	胸腰椎后路椎弓根长尾螺钉	089	内固定材料	01	钛合金	036	多线螺纹/中空+侧孔/双锁
	2075	421	C03250508901037	骨科材料	胸腰椎后路固定系统	胸腰椎后路椎弓根长尾螺钉	089	内固定材料	01	钛合金	037	皮质骨螺纹/实心/万向
	2076	422	C03250508901038	骨科材料	胸腰椎后路固定系统	胸腰椎后路椎弓根长尾螺钉	089	内固定材料	01	钛合金	038	皮质骨螺纹/实心/万向偏角
	2077	423	C03250508901039	骨科材料	胸腰椎后路固定系统	胸腰椎后路椎弓根长尾螺钉	089	内固定材料	01	钛合金	039	皮质骨螺纹/实心/单向
	2078	424	C03250508901040	骨科材料	胸腰椎后路固定系统	胸腰椎后路椎弓根长尾螺钉	089	内固定材料	01	钛合金	040	皮质骨螺纹/实心/单平面
	2079	425	C03250508901041	骨科材料	胸腰椎后路固定系统	胸腰椎后路椎弓根长尾螺钉	089	内固定材料	01	钛合金	041	皮质骨螺纹/实心/平移
	2080	426	C03250508901042	骨科材料	胸腰椎后路固定系统	胸腰椎后路椎弓根长尾螺钉	089	内固定材料	01	钛合金	042	皮质骨螺纹/实心/双锁
	2081	427	C03250508901043	骨科材料	胸腰椎后路固定系统	胸腰椎后路椎弓根长尾螺钉	089	内固定材料	01	钛合金	043	皮质骨螺纹/中空/万向
	2082	428	C03250508901044	骨科材料	胸腰椎后路固定系统	胸腰椎后路椎弓根长尾螺钉	089	内固定材料	01	钛合金	044	皮质骨螺纹/中空/万向偏角
	2083	429	C03250508901045	骨科材料	胸腰椎后路固定系统	胸腰椎后路椎弓根长尾螺钉	089	内固定材料	01	钛合金	045	皮质骨螺纹/中空/单向
	2084	430	C03250508901046	骨科材料	胸腰椎后路固定系统	胸腰椎后路椎弓根长尾螺钉	089	内固定材料	01	钛合金	046	皮质骨螺纹/中空/单平面
	2085	431	C03250508901047	骨科材料	胸腰椎后路固定系统	胸腰椎后路椎弓根长尾螺钉	089	内固定材料	01	钛合金	047	皮质骨螺纹/中空/平移
	2086	432	C03250508901048	骨科材料	胸腰椎后路固定系统	胸腰椎后路椎弓根长尾螺钉	089	内固定材料	01	钛合金	048	皮质骨螺纹/中空/双锁
	2087	433	C03250508901049	骨科材料	胸腰椎后路固定系统	胸腰椎后路椎弓根长尾螺钉	089	内固定材料	01	钛合金	049	皮质骨螺纹/中空+侧孔/万向
	2088	434	C03250508901050	骨科材料	胸腰椎后路固定系统	胸腰椎后路椎弓根长尾螺钉	089	内固定材料	01	钛合金	050	皮质骨螺纹/中空+侧孔/万向偏角
	2089	435	C03250508901051	骨科材料	胸腰椎后路固定系统	胸腰椎后路椎弓根长尾螺钉	089	内固定材料	01	钛合金	051	皮质骨螺纹/中空+侧孔/单向
	2090	436	C03250508901052	骨科材料	胸腰椎后路固定系统	胸腰椎后路椎弓根长尾螺钉	089	内固定材料	01	钛合金	052	皮质骨螺纹/中空+侧孔/单平面
	2091	437	C03250508901053	骨科材料	胸腰椎后路固定系统	胸腰椎后路椎弓根长尾螺钉	089	内固定材料	01	钛合金	053	皮质骨螺纹/中空+侧孔/平移
	2092	438	C03250508901054	骨科材料	胸腰椎后路固定系统	胸腰椎后路椎弓根长尾螺钉	089	内固定材料	01	钛合金	054	皮质骨螺纹/中空+侧孔/双锁
	2093	439	C03250508901055	骨科材料	胸腰椎后路固定系统	胸腰椎后路椎弓根长尾螺钉	089	内固定材料	01	钛合金	055	双螺纹/实心/万向
	2094	440	C03250508901056	骨科材料	胸腰椎后路固定系统	胸腰椎后路椎弓根长尾螺钉	089	内固定材料	01	钛合金	056	双螺纹/实心/万向偏角
	2095	441	C03250508901057	骨科材料	胸腰椎后路固定系统	胸腰椎后路椎弓根长尾螺钉	089	内固定材料	01	钛合金	057	双螺纹/实心/单向
	2096	442	C03250508901058	骨科材料	胸腰椎后路固定系统	胸腰椎后路椎弓根长尾螺钉	089	内固定材料	01	钛合金	058	双螺纹/实心/单平面
	2097	443	C03250508901059	骨科材料	胸腰椎后路固定系统	胸腰椎后路椎弓根长尾螺钉	089	内固定材料	01	钛合金	059	双螺纹/实心/平移
	2098	444	C03250508901060	骨科材料	胸腰椎后路固定系统	胸腰椎后路椎弓根长尾螺钉	089	内固定材料	01	钛合金	060	双螺纹/实心/双锁
	2099	445	C03250508901061	骨科材料	胸腰椎后路固定系统	胸腰椎后路椎弓根长尾螺钉	089	内固定材料	01	钛合金	061	双螺纹/中空/万向
	2100	446	C03250508901062	骨科材料	胸腰椎后路固定系统	胸腰椎后路椎弓根长尾螺钉	089	内固定材料	01	钛合金	062	双螺纹/中空/万向偏角
	2101	447	C03250508901063	骨科材料	胸腰椎后路固定系统	胸腰椎后路椎弓根长尾螺钉	089	内固定材料	01	钛合金	063	双螺纹/中空/单向
	2102	448	C03250508901064	骨科材料	胸腰椎后路固定系统	胸腰椎后路椎弓根长尾螺钉	089	内固定材料	01	钛合金	064	双螺纹/中空/单平面
	2103	449	C03250508901065	骨科材料	胸腰椎后路固定系统	胸腰椎后路椎弓根长尾螺钉	089	内固定材料	01	钛合金	065	双螺纹/中空/平移
	2104	450	C03250508901066	骨科材料	胸腰椎后路固定系统	胸腰椎后路椎弓根长尾螺钉	089	内固定材料	01	钛合金	066	双螺纹/中空/双锁
	2105	451	C03250508901067	骨科材料	胸腰椎后路固定系统	胸腰椎后路椎弓根长尾螺钉	089	内固定材料	01	钛合金	067	双螺纹/中空+侧孔/万向
	2106	452	C03250508901068	骨科材料	胸腰椎后路固定系统	胸腰椎后路椎弓根长尾螺钉	089	内固定材料	01	钛合金	068	双螺纹/中空+侧孔/万向偏角
	2107	453	C03250508901069	骨科材料	胸腰椎后路固定系统	胸腰椎后路椎弓根长尾螺钉	089	内固定材料	01	钛合金	069	双螺纹/中空+侧孔/单向
	2108	454	C03250508901070	骨科材料	胸腰椎后路固定系统	胸腰椎后路椎弓根长尾螺钉	089	内固定材料	01	钛合金	070	双螺纹/中空+侧孔/单平面
	2109	455	C03250508901071	骨科材料	胸腰椎后路固定系统	胸腰椎后路椎弓根长尾螺钉	089	内固定材料	01	钛合金	071	双螺纹/中空+侧孔/平移
	2110	456	C03250508901072	骨科材料	胸腰椎后路固定系统	胸腰椎后路椎弓根长尾螺钉	089	内固定材料	01	钛合金	072	双螺纹/中空+侧孔/双锁
	2111	457	C03250508902001	骨科材料	胸腰椎后路固定系统	胸腰椎后路椎弓根长尾螺钉	089	内固定材料	02	钴铬钼合金	001	普通螺纹/实心/万向
	2112	458	C03250508902002	骨科材料	胸腰椎后路固定系统	胸腰椎后路椎弓根长尾螺钉	089	内固定材料	02	钴铬钼合金	002	普通螺纹/实心/万向偏角
	2113	459	C03250508902003	骨科材料	胸腰椎后路固定系统	胸腰椎后路椎弓根长尾螺钉	089	内固定材料	02	钴铬钼合金	003	普通螺纹/实心/单向
	2114	460	C03250508902004	骨科材料	胸腰椎后路固定系统	胸腰椎后路椎弓根长尾螺钉	089	内固定材料	02	钴铬钼合金	004	普通螺纹/实心/单平面
	2115	461	C03250508902005	骨科材料	胸腰椎后路固定系统	胸腰椎后路椎弓根长尾螺钉	089	内固定材料	02	钴铬钼合金	005	普通螺纹/实心/平移
	2116	462	C03250508902006	骨科材料	胸腰椎后路固定系统	胸腰椎后路椎弓根长尾螺钉	089	内固定材料	02	钴铬钼合金	006	普通螺纹/实心/双锁
	2117	463	C03250508902007	骨科材料	胸腰椎后路固定系统	胸腰椎后路椎弓根长尾螺钉	089	内固定材料	02	钴铬钼合金	007	普通螺纹/中空/万向
	2118	464	C03250508902008	骨科材料	胸腰椎后路固定系统	胸腰椎后路椎弓根长尾螺钉	089	内固定材料	02	钴铬钼合金	008	普通螺纹/中空/万向偏角
	2119	465	C03250508902009	骨科材料	胸腰椎后路固定系统	胸腰椎后路椎弓根长尾螺钉	089	内固定材料	02	钴铬钼合金	009	普通螺纹/中空/单向
	2120	466	C03250508902010	骨科材料	胸腰椎后路固定系统	胸腰椎后路椎弓根长尾螺钉	089	内固定材料	02	钴铬钼合金	010	普通螺纹/中空/单平面
	2121	467	C03250508902011	骨科材料	胸腰椎后路固定系统	胸腰椎后路椎弓根长尾螺钉	089	内固定材料	02	钴铬钼合金	011	普通螺纹/中空/平移
	2122	468	C03250508902012	骨科材料	胸腰椎后路固定系统	胸腰椎后路椎弓根长尾螺钉	089	内固定材料	02	钴铬钼合金	012	普通螺纹/中空/双锁
	2123	469	C03250508902013	骨科材料	胸腰椎后路固定系统	胸腰椎后路椎弓根长尾螺钉	089	内固定材料	02	钴铬钼合金	013	普通螺纹/中空+侧孔/万向
	2124	470	C03250508902014	骨科材料	胸腰椎后路固定系统	胸腰椎后路椎弓根长尾螺钉	089	内固定材料	02	钴铬钼合金	014	普通螺纹/中空+侧孔/万向偏角
	2125	471	C03250508902015	骨科材料	胸腰椎后路固定系统	胸腰椎后路椎弓根长尾螺钉	089	内固定材料	02	钴铬钼合金	015	普通螺纹/中空+侧孔/单向
	2126	472	C03250508902016	骨科材料	胸腰椎后路固定系统	胸腰椎后路椎弓根长尾螺钉	089	内固定材料	02	钴铬钼合金	016	普通螺纹/中空+侧孔/单平面
	2127	473	C03250508902017	骨科材料	胸腰椎后路固定系统	胸腰椎后路椎弓根长尾螺钉	089	内固定材料	02	钴铬钼合金	017	普通螺纹/中空+侧孔/平移
	2128	474	C03250508902018	骨科材料	胸腰椎后路固定系统	胸腰椎后路椎弓根长尾螺钉	089	内固定材料	02	钴铬钼合金	018	普通螺纹/中空+侧孔/双锁
	2129	475	C03250508902019	骨科材料	胸腰椎后路固定系统	胸腰椎后路椎弓根长尾螺钉	089	内固定材料	02	钴铬钼合金	019	多线螺纹/实心/万向
	2130	476	C03250508902020	骨科材料	胸腰椎后路固定系统	胸腰椎后路椎弓根长尾螺钉	089	内固定材料	02	钴铬钼合金	020	多线螺纹/实心/万向偏角
	2131	477	C03250508902021	骨科材料	胸腰椎后路固定系统	胸腰椎后路椎弓根长尾螺钉	089	内固定材料	02	钴铬钼合金	021	多线螺纹/实心/单向
	2132	478	C03250508902022	骨科材料	胸腰椎后路固定系统	胸腰椎后路椎弓根长尾螺钉	089	内固定材料	02	钴铬钼合金	022	多线螺纹/实心/单平面
	2133	479	C03250508902023	骨科材料	胸腰椎后路固定系统	胸腰椎后路椎弓根长尾螺钉	089	内固定材料	02	钴铬钼合金	023	多线螺纹/实心/平移
	2134	480	C03250508902024	骨科材料	胸腰椎后路固定系统	胸腰椎后路椎弓根长尾螺钉	089	内固定材料	02	钴铬钼合金	024	多线螺纹/实心/双锁
	2135	481	C03250508902025	骨科材料	胸腰椎后路固定系统	胸腰椎后路椎弓根长尾螺钉	089	内固定材料	02	钴铬钼合金	025	多线螺纹/中空/万向
	2136	482	C03250508902026	骨科材料	胸腰椎后路固定系统	胸腰椎后路椎弓根长尾螺钉	089	内固定材料	02	钴铬钼合金	026	多线螺纹/中空/万向偏角
	2137	483	C03250508902027	骨科材料	胸腰椎后路固定系统	胸腰椎后路椎弓根长尾螺钉	089	内固定材料	02	钴铬钼合金	027	多线螺纹/中空/单向
	2138	484	C03250508902028	骨科材料	胸腰椎后路固定系统	胸腰椎后路椎弓根长尾螺钉	089	内固定材料	02	钴铬钼合金	028	多线螺纹/中空/单平面
	2139	485	C03250508902029	骨科材料	胸腰椎后路固定系统	胸腰椎后路椎弓根长尾螺钉	089	内固定材料	02	钴铬钼合金	029	多线螺纹/中空/平移
	2140	486	C03250508902030	骨科材料	胸腰椎后路固定系统	胸腰椎后路椎弓根长尾螺钉	089	内固定材料	02	钴铬钼合金	030	多线螺纹/中空/双锁
	2141	487	C03250508902031	骨科材料	胸腰椎后路固定系统	胸腰椎后路椎弓根长尾螺钉	089	内固定材料	02	钴铬钼合金	031	多线螺纹/中空+侧孔/万向
	2142	488	C03250508902032	骨科材料	胸腰椎后路固定系统	胸腰椎后路椎弓根长尾螺钉	089	内固定材料	02	钴铬钼合金	032	多线螺纹/中空+侧孔/万向偏角
	2143	489	C03250508902033	骨科材料	胸腰椎后路固定系统	胸腰椎后路椎弓根长尾螺钉	089	内固定材料	02	钴铬钼合金	033	多线螺纹/中空+侧孔/单向
	2144	490	C03250508902034	骨科材料	胸腰椎后路固定系统	胸腰椎后路椎弓根长尾螺钉	089	内固定材料	02	钴铬钼合金	034	多线螺纹/中空+侧孔/单平面
	2145	491	C03250508902035	骨科材料	胸腰椎后路固定系统	胸腰椎后路椎弓根长尾螺钉	089	内固定材料	02	钴铬钼合金	035	多线螺纹/中空+侧孔/平移
	2146	492	C03250508902036	骨科材料	胸腰椎后路固定系统	胸腰椎后路椎弓根长尾螺钉	089	内固定材料	02	钴铬钼合金	036	多线螺纹/中空+侧孔/双锁
	2147	493	C03250508902037	骨科材料	胸腰椎后路固定系统	胸腰椎后路椎弓根长尾螺钉	089	内固定材料	02	钴铬钼合金	037	皮质骨螺纹/实心/万向
	2148	494	C03250508902038	骨科材料	胸腰椎后路固定系统	胸腰椎后路椎弓根长尾螺钉	089	内固定材料	02	钴铬钼合金	038	皮质骨螺纹/实心/万向偏角
	2149	495	C03250508902039	骨科材料	胸腰椎后路固定系统	胸腰椎后路椎弓根长尾螺钉	089	内固定材料	02	钴铬钼合金	039	皮质骨螺纹/实心/单向
	2150	496	C03250508902040	骨科材料	胸腰椎后路固定系统	胸腰椎后路椎弓根长尾螺钉	089	内固定材料	02	钴铬钼合金	040	皮质骨螺纹/实心/单平面
	2151	497	C03250508902041	骨科材料	胸腰椎后路固定系统	胸腰椎后路椎弓根长尾螺钉	089	内固定材料	02	钴铬钼合金	041	皮质骨螺纹/实心/平移
	2152	498	C03250508902042	骨科材料	胸腰椎后路固定系统	胸腰椎后路椎弓根长尾螺钉	089	内固定材料	02	钴铬钼合金	042	皮质骨螺纹/实心/双锁
	2153	499	C03250508902043	骨科材料	胸腰椎后路固定系统	胸腰椎后路椎弓根长尾螺钉	089	内固定材料	02	钴铬钼合金	043	皮质骨螺纹/中空/万向
	2154	500	C03250508902044	骨科材料	胸腰椎后路固定系统	胸腰椎后路椎弓根长尾螺钉	089	内固定材料	02	钴铬钼合金	044	皮质骨螺纹/中空/万向偏角
	2155	501	C03250508902045	骨科材料	胸腰椎后路固定系统	胸腰椎后路椎弓根长尾螺钉	089	内固定材料	02	钴铬钼合金	045	皮质骨螺纹/中空/单向
	2156	502	C03250508902046	骨科材料	胸腰椎后路固定系统	胸腰椎后路椎弓根长尾螺钉	089	内固定材料	02	钴铬钼合金	046	皮质骨螺纹/中空/单平面
	2157	503	C03250508902047	骨科材料	胸腰椎后路固定系统	胸腰椎后路椎弓根长尾螺钉	089	内固定材料	02	钴铬钼合金	047	皮质骨螺纹/中空/平移
	2158	504	C03250508902048	骨科材料	胸腰椎后路固定系统	胸腰椎后路椎弓根长尾螺钉	089	内固定材料	02	钴铬钼合金	048	皮质骨螺纹/中空/双锁
	2159	505	C03250508902049	骨科材料	胸腰椎后路固定系统	胸腰椎后路椎弓根长尾螺钉	089	内固定材料	02	钴铬钼合金	049	皮质骨螺纹/中空+侧孔/万向
	2160	506	C03250508902050	骨科材料	胸腰椎后路固定系统	胸腰椎后路椎弓根长尾螺钉	089	内固定材料	02	钴铬钼合金	050	皮质骨螺纹/中空+侧孔/万向偏角
	2161	507	C03250508902051	骨科材料	胸腰椎后路固定系统	胸腰椎后路椎弓根长尾螺钉	089	内固定材料	02	钴铬钼合金	051	皮质骨螺纹/中空+侧孔/单向
	2162	508	C03250508902052	骨科材料	胸腰椎后路固定系统	胸腰椎后路椎弓根长尾螺钉	089	内固定材料	02	钴铬钼合金	052	皮质骨螺纹/中空+侧孔/单平面
	2163	509	C03250508902053	骨科材料	胸腰椎后路固定系统	胸腰椎后路椎弓根长尾螺钉	089	内固定材料	02	钴铬钼合金	053	皮质骨螺纹/中空+侧孔/平移
	2164	510	C03250508902054	骨科材料	胸腰椎后路固定系统	胸腰椎后路椎弓根长尾螺钉	089	内固定材料	02	钴铬钼合金	054	皮质骨螺纹/中空+侧孔/双锁
	2165	511	C03250508902055	骨科材料	胸腰椎后路固定系统	胸腰椎后路椎弓根长尾螺钉	089	内固定材料	02	钴铬钼合金	055	双螺纹/实心/万向
	2166	512	C03250508902056	骨科材料	胸腰椎后路固定系统	胸腰椎后路椎弓根长尾螺钉	089	内固定材料	02	钴铬钼合金	056	双螺纹/实心/万向偏角
	2167	513	C03250508902057	骨科材料	胸腰椎后路固定系统	胸腰椎后路椎弓根长尾螺钉	089	内固定材料	02	钴铬钼合金	057	双螺纹/实心/单向
	2168	514	C03250508902058	骨科材料	胸腰椎后路固定系统	胸腰椎后路椎弓根长尾螺钉	089	内固定材料	02	钴铬钼合金	058	双螺纹/实心/单平面
	2169	515	C03250508902059	骨科材料	胸腰椎后路固定系统	胸腰椎后路椎弓根长尾螺钉	089	内固定材料	02	钴铬钼合金	059	双螺纹/实心/平移
	2170	516	C03250508902060	骨科材料	胸腰椎后路固定系统	胸腰椎后路椎弓根长尾螺钉	089	内固定材料	02	钴铬钼合金	060	双螺纹/实心/双锁
	2171	517	C03250508902061	骨科材料	胸腰椎后路固定系统	胸腰椎后路椎弓根长尾螺钉	089	内固定材料	02	钴铬钼合金	061	双螺纹/中空/万向
	2172	518	C03250508902062	骨科材料	胸腰椎后路固定系统	胸腰椎后路椎弓根长尾螺钉	089	内固定材料	02	钴铬钼合金	062	双螺纹/中空/万向偏角
	2173	519	C03250508902063	骨科材料	胸腰椎后路固定系统	胸腰椎后路椎弓根长尾螺钉	089	内固定材料	02	钴铬钼合金	063	双螺纹/中空/单向
	2174	520	C03250508902064	骨科材料	胸腰椎后路固定系统	胸腰椎后路椎弓根长尾螺钉	089	内固定材料	02	钴铬钼合金	064	双螺纹/中空/单平面
	2175	521	C03250508902065	骨科材料	胸腰椎后路固定系统	胸腰椎后路椎弓根长尾螺钉	089	内固定材料	02	钴铬钼合金	065	双螺纹/中空/平移
	2176	522	C03250508902066	骨科材料	胸腰椎后路固定系统	胸腰椎后路椎弓根长尾螺钉	089	内固定材料	02	钴铬钼合金	066	双螺纹/中空/双锁
	2177	523	C03250508902067	骨科材料	胸腰椎后路固定系统	胸腰椎后路椎弓根长尾螺钉	089	内固定材料	02	钴铬钼合金	067	双螺纹/中空+侧孔/万向
	2178	524	C03250508902068	骨科材料	胸腰椎后路固定系统	胸腰椎后路椎弓根长尾螺钉	089	内固定材料	02	钴铬钼合金	068	双螺纹/中空+侧孔/万向偏角
	2179	525	C03250508902069	骨科材料	胸腰椎后路固定系统	胸腰椎后路椎弓根长尾螺钉	089	内固定材料	02	钴铬钼合金	069	双螺纹/中空+侧孔/单向
	2180	526	C03250508902070	骨科材料	胸腰椎后路固定系统	胸腰椎后路椎弓根长尾螺钉	089	内固定材料	02	钴铬钼合金	070	双螺纹/中空+侧孔/单平面
	2181	527	C03250508902071	骨科材料	胸腰椎后路固定系统	胸腰椎后路椎弓根长尾螺钉	089	内固定材料	02	钴铬钼合金	071	双螺纹/中空+侧孔/平移
	2182	528	C03250508902072	骨科材料	胸腰椎后路固定系统	胸腰椎后路椎弓根长尾螺钉	089	内固定材料	02	钴铬钼合金	072	双螺纹/中空+侧孔/双锁
	2183	529	C03250608901001	骨科材料	胸腰椎后路固定系统	胸腰椎后路椎弓根短尾螺钉	089	内固定材料	01	钛合金	001	普通螺纹/实心/万向
	2184	530	C03250608901002	骨科材料	胸腰椎后路固定系统	胸腰椎后路椎弓根短尾螺钉	089	内固定材料	01	钛合金	002	普通螺纹/实心/万向偏角
	2185	531	C03250608901003	骨科材料	胸腰椎后路固定系统	胸腰椎后路椎弓根短尾螺钉	089	内固定材料	01	钛合金	003	普通螺纹/实心/单向
	2186	532	C03250608901004	骨科材料	胸腰椎后路固定系统	胸腰椎后路椎弓根短尾螺钉	089	内固定材料	01	钛合金	004	普通螺纹/实心/单平面
	2187	533	C03250608901005	骨科材料	胸腰椎后路固定系统	胸腰椎后路椎弓根短尾螺钉	089	内固定材料	01	钛合金	005	普通螺纹/实心/平移
	2188	534	C03250608901006	骨科材料	胸腰椎后路固定系统	胸腰椎后路椎弓根短尾螺钉	089	内固定材料	01	钛合金	006	普通螺纹/实心/双锁
	2189	535	C03250608901007	骨科材料	胸腰椎后路固定系统	胸腰椎后路椎弓根短尾螺钉	089	内固定材料	01	钛合金	007	普通螺纹/中空/万向
	2190	536	C03250608901008	骨科材料	胸腰椎后路固定系统	胸腰椎后路椎弓根短尾螺钉	089	内固定材料	01	钛合金	008	普通螺纹/中空/万向偏角
	2191	537	C03250608901009	骨科材料	胸腰椎后路固定系统	胸腰椎后路椎弓根短尾螺钉	089	内固定材料	01	钛合金	009	普通螺纹/中空/单向
	2192	538	C03250608901010	骨科材料	胸腰椎后路固定系统	胸腰椎后路椎弓根短尾螺钉	089	内固定材料	01	钛合金	010	普通螺纹/中空/单平面
	2193	539	C03250608901011	骨科材料	胸腰椎后路固定系统	胸腰椎后路椎弓根短尾螺钉	089	内固定材料	01	钛合金	011	普通螺纹/中空/平移
	2194	540	C03250608901012	骨科材料	胸腰椎后路固定系统	胸腰椎后路椎弓根短尾螺钉	089	内固定材料	01	钛合金	012	普通螺纹/中空/双锁
	2195	541	C03250608901013	骨科材料	胸腰椎后路固定系统	胸腰椎后路椎弓根短尾螺钉	089	内固定材料	01	钛合金	013	普通螺纹/中空+侧孔/万向
	2196	542	C03250608901014	骨科材料	胸腰椎后路固定系统	胸腰椎后路椎弓根短尾螺钉	089	内固定材料	01	钛合金	014	普通螺纹/中空+侧孔/万向偏角
	2197	543	C03250608901015	骨科材料	胸腰椎后路固定系统	胸腰椎后路椎弓根短尾螺钉	089	内固定材料	01	钛合金	015	普通螺纹/中空+侧孔/单向
	2198	544	C03250608901016	骨科材料	胸腰椎后路固定系统	胸腰椎后路椎弓根短尾螺钉	089	内固定材料	01	钛合金	016	普通螺纹/中空+侧孔/单平面
	2199	545	C03250608901017	骨科材料	胸腰椎后路固定系统	胸腰椎后路椎弓根短尾螺钉	089	内固定材料	01	钛合金	017	普通螺纹/中空+侧孔/平移
	2200	546	C03250608901018	骨科材料	胸腰椎后路固定系统	胸腰椎后路椎弓根短尾螺钉	089	内固定材料	01	钛合金	018	普通螺纹/中空+侧孔/双锁
	2201	547	C03250608901019	骨科材料	胸腰椎后路固定系统	胸腰椎后路椎弓根短尾螺钉	089	内固定材料	01	钛合金	019	多线螺纹/实心/万向
	2202	548	C03250608901020	骨科材料	胸腰椎后路固定系统	胸腰椎后路椎弓根短尾螺钉	089	内固定材料	01	钛合金	020	多线螺纹/实心/万向偏角
	2203	549	C03250608901021	骨科材料	胸腰椎后路固定系统	胸腰椎后路椎弓根短尾螺钉	089	内固定材料	01	钛合金	021	多线螺纹/实心/单向
	2204	550	C03250608901022	骨科材料	胸腰椎后路固定系统	胸腰椎后路椎弓根短尾螺钉	089	内固定材料	01	钛合金	022	多线螺纹/实心/单平面
	2205	551	C03250608901023	骨科材料	胸腰椎后路固定系统	胸腰椎后路椎弓根短尾螺钉	089	内固定材料	01	钛合金	023	多线螺纹/实心/平移
	2206	552	C03250608901024	骨科材料	胸腰椎后路固定系统	胸腰椎后路椎弓根短尾螺钉	089	内固定材料	01	钛合金	024	多线螺纹/实心/双锁
	2207	553	C03250608901025	骨科材料	胸腰椎后路固定系统	胸腰椎后路椎弓根短尾螺钉	089	内固定材料	01	钛合金	025	多线螺纹/中空/万向
	2208	554	C03250608901026	骨科材料	胸腰椎后路固定系统	胸腰椎后路椎弓根短尾螺钉	089	内固定材料	01	钛合金	026	多线螺纹/中空/万向偏角
	2209	555	C03250608901027	骨科材料	胸腰椎后路固定系统	胸腰椎后路椎弓根短尾螺钉	089	内固定材料	01	钛合金	027	多线螺纹/中空/单向
	2210	556	C03250608901028	骨科材料	胸腰椎后路固定系统	胸腰椎后路椎弓根短尾螺钉	089	内固定材料	01	钛合金	028	多线螺纹/中空/单平面
	2211	557	C03250608901029	骨科材料	胸腰椎后路固定系统	胸腰椎后路椎弓根短尾螺钉	089	内固定材料	01	钛合金	029	多线螺纹/中空/平移
	2212	558	C03250608901030	骨科材料	胸腰椎后路固定系统	胸腰椎后路椎弓根短尾螺钉	089	内固定材料	01	钛合金	030	多线螺纹/中空/双锁
	2213	559	C03250608901031	骨科材料	胸腰椎后路固定系统	胸腰椎后路椎弓根短尾螺钉	089	内固定材料	01	钛合金	031	多线螺纹/中空+侧孔/万向
	2214	560	C03250608901032	骨科材料	胸腰椎后路固定系统	胸腰椎后路椎弓根短尾螺钉	089	内固定材料	01	钛合金	032	多线螺纹/中空+侧孔/万向偏角
	2215	561	C03250608901033	骨科材料	胸腰椎后路固定系统	胸腰椎后路椎弓根短尾螺钉	089	内固定材料	01	钛合金	033	多线螺纹/中空+侧孔/单向
	2216	562	C03250608901034	骨科材料	胸腰椎后路固定系统	胸腰椎后路椎弓根短尾螺钉	089	内固定材料	01	钛合金	034	多线螺纹/中空+侧孔/单平面
	2217	563	C03250608901035	骨科材料	胸腰椎后路固定系统	胸腰椎后路椎弓根短尾螺钉	089	内固定材料	01	钛合金	035	多线螺纹/中空+侧孔/平移
	2218	564	C03250608901036	骨科材料	胸腰椎后路固定系统	胸腰椎后路椎弓根短尾螺钉	089	内固定材料	01	钛合金	036	多线螺纹/中空+侧孔/双锁
	2219	565	C03250608901037	骨科材料	胸腰椎后路固定系统	胸腰椎后路椎弓根短尾螺钉	089	内固定材料	01	钛合金	037	皮质骨螺纹/实心/万向
	2220	566	C03250608901038	骨科材料	胸腰椎后路固定系统	胸腰椎后路椎弓根短尾螺钉	089	内固定材料	01	钛合金	038	皮质骨螺纹/实心/万向偏角
	2221	567	C03250608901039	骨科材料	胸腰椎后路固定系统	胸腰椎后路椎弓根短尾螺钉	089	内固定材料	01	钛合金	039	皮质骨螺纹/实心/单向
	2222	568	C03250608901040	骨科材料	胸腰椎后路固定系统	胸腰椎后路椎弓根短尾螺钉	089	内固定材料	01	钛合金	040	皮质骨螺纹/实心/单平面
	2223	569	C03250608901041	骨科材料	胸腰椎后路固定系统	胸腰椎后路椎弓根短尾螺钉	089	内固定材料	01	钛合金	041	皮质骨螺纹/实心/平移
	2224	570	C03250608901042	骨科材料	胸腰椎后路固定系统	胸腰椎后路椎弓根短尾螺钉	089	内固定材料	01	钛合金	042	皮质骨螺纹/实心/双锁
	2225	571	C03250608901043	骨科材料	胸腰椎后路固定系统	胸腰椎后路椎弓根短尾螺钉	089	内固定材料	01	钛合金	043	皮质骨螺纹/中空/万向
	2226	572	C03250608901044	骨科材料	胸腰椎后路固定系统	胸腰椎后路椎弓根短尾螺钉	089	内固定材料	01	钛合金	044	皮质骨螺纹/中空/万向偏角
	2227	573	C03250608901045	骨科材料	胸腰椎后路固定系统	胸腰椎后路椎弓根短尾螺钉	089	内固定材料	01	钛合金	045	皮质骨螺纹/中空/单向
	2228	574	C03250608901046	骨科材料	胸腰椎后路固定系统	胸腰椎后路椎弓根短尾螺钉	089	内固定材料	01	钛合金	046	皮质骨螺纹/中空/单平面
	2229	575	C03250608901047	骨科材料	胸腰椎后路固定系统	胸腰椎后路椎弓根短尾螺钉	089	内固定材料	01	钛合金	047	皮质骨螺纹/中空/平移
	2230	576	C03250608901048	骨科材料	胸腰椎后路固定系统	胸腰椎后路椎弓根短尾螺钉	089	内固定材料	01	钛合金	048	皮质骨螺纹/中空/双锁
	2231	577	C03250608901049	骨科材料	胸腰椎后路固定系统	胸腰椎后路椎弓根短尾螺钉	089	内固定材料	01	钛合金	049	皮质骨螺纹/中空+侧孔/万向
	2232	578	C03250608901050	骨科材料	胸腰椎后路固定系统	胸腰椎后路椎弓根短尾螺钉	089	内固定材料	01	钛合金	050	皮质骨螺纹/中空+侧孔/万向偏角
	2233	579	C03250608901051	骨科材料	胸腰椎后路固定系统	胸腰椎后路椎弓根短尾螺钉	089	内固定材料	01	钛合金	051	皮质骨螺纹/中空+侧孔/单向
	2234	580	C03250608901052	骨科材料	胸腰椎后路固定系统	胸腰椎后路椎弓根短尾螺钉	089	内固定材料	01	钛合金	052	皮质骨螺纹/中空+侧孔/单平面
	2235	581	C03250608901053	骨科材料	胸腰椎后路固定系统	胸腰椎后路椎弓根短尾螺钉	089	内固定材料	01	钛合金	053	皮质骨螺纹/中空+侧孔/平移
	2236	582	C03250608901054	骨科材料	胸腰椎后路固定系统	胸腰椎后路椎弓根短尾螺钉	089	内固定材料	01	钛合金	054	皮质骨螺纹/中空+侧孔/双锁
	2237	583	C03250608901055	骨科材料	胸腰椎后路固定系统	胸腰椎后路椎弓根短尾螺钉	089	内固定材料	01	钛合金	055	双螺纹/实心/万向
	2238	584	C03250608901056	骨科材料	胸腰椎后路固定系统	胸腰椎后路椎弓根短尾螺钉	089	内固定材料	01	钛合金	056	双螺纹/实心/万向偏角
	2239	585	C03250608901057	骨科材料	胸腰椎后路固定系统	胸腰椎后路椎弓根短尾螺钉	089	内固定材料	01	钛合金	057	双螺纹/实心/单向
	2240	586	C03250608901058	骨科材料	胸腰椎后路固定系统	胸腰椎后路椎弓根短尾螺钉	089	内固定材料	01	钛合金	058	双螺纹/实心/单平面
	2241	587	C03250608901059	骨科材料	胸腰椎后路固定系统	胸腰椎后路椎弓根短尾螺钉	089	内固定材料	01	钛合金	059	双螺纹/实心/平移
	2242	588	C03250608901060	骨科材料	胸腰椎后路固定系统	胸腰椎后路椎弓根短尾螺钉	089	内固定材料	01	钛合金	060	双螺纹/实心/双锁
	2243	589	C03250608901061	骨科材料	胸腰椎后路固定系统	胸腰椎后路椎弓根短尾螺钉	089	内固定材料	01	钛合金	061	双螺纹/中空/万向
	2244	590	C03250608901062	骨科材料	胸腰椎后路固定系统	胸腰椎后路椎弓根短尾螺钉	089	内固定材料	01	钛合金	062	双螺纹/中空/万向偏角
	2245	591	C03250608901063	骨科材料	胸腰椎后路固定系统	胸腰椎后路椎弓根短尾螺钉	089	内固定材料	01	钛合金	063	双螺纹/中空/单向
	2246	592	C03250608901064	骨科材料	胸腰椎后路固定系统	胸腰椎后路椎弓根短尾螺钉	089	内固定材料	01	钛合金	064	双螺纹/中空/单平面
	2247	593	C03250608901065	骨科材料	胸腰椎后路固定系统	胸腰椎后路椎弓根短尾螺钉	089	内固定材料	01	钛合金	065	双螺纹/中空/平移
	2248	594	C03250608901066	骨科材料	胸腰椎后路固定系统	胸腰椎后路椎弓根短尾螺钉	089	内固定材料	01	钛合金	066	双螺纹/中空/双锁
	2249	595	C03250608901067	骨科材料	胸腰椎后路固定系统	胸腰椎后路椎弓根短尾螺钉	089	内固定材料	01	钛合金	067	双螺纹/中空+侧孔/万向
	2250	596	C03250608901068	骨科材料	胸腰椎后路固定系统	胸腰椎后路椎弓根短尾螺钉	089	内固定材料	01	钛合金	068	双螺纹/中空+侧孔/万向偏角
	2251	597	C03250608901069	骨科材料	胸腰椎后路固定系统	胸腰椎后路椎弓根短尾螺钉	089	内固定材料	01	钛合金	069	双螺纹/中空+侧孔/单向
	2252	598	C03250608901070	骨科材料	胸腰椎后路固定系统	胸腰椎后路椎弓根短尾螺钉	089	内固定材料	01	钛合金	070	双螺纹/中空+侧孔/单平面
	2253	599	C03250608901071	骨科材料	胸腰椎后路固定系统	胸腰椎后路椎弓根短尾螺钉	089	内固定材料	01	钛合金	071	双螺纹/中空+侧孔/平移
	2254	600	C03250608901072	骨科材料	胸腰椎后路固定系统	胸腰椎后路椎弓根短尾螺钉	089	内固定材料	01	钛合金	072	双螺纹/中空+侧孔/双锁
	2255	601	C03250608902001	骨科材料	胸腰椎后路固定系统	胸腰椎后路椎弓根短尾螺钉	089	内固定材料	02	钴铬钼合金	001	普通螺纹/实心/万向
	2256	602	C03250608902002	骨科材料	胸腰椎后路固定系统	胸腰椎后路椎弓根短尾螺钉	089	内固定材料	02	钴铬钼合金	002	普通螺纹/实心/万向偏角
	2257	603	C03250608902003	骨科材料	胸腰椎后路固定系统	胸腰椎后路椎弓根短尾螺钉	089	内固定材料	02	钴铬钼合金	003	普通螺纹/实心/单向
	2258	604	C03250608902004	骨科材料	胸腰椎后路固定系统	胸腰椎后路椎弓根短尾螺钉	089	内固定材料	02	钴铬钼合金	004	普通螺纹/实心/单平面
	2259	605	C03250608902005	骨科材料	胸腰椎后路固定系统	胸腰椎后路椎弓根短尾螺钉	089	内固定材料	02	钴铬钼合金	005	普通螺纹/实心/平移
	2260	606	C03250608902006	骨科材料	胸腰椎后路固定系统	胸腰椎后路椎弓根短尾螺钉	089	内固定材料	02	钴铬钼合金	006	普通螺纹/实心/双锁
	2261	607	C03250608902007	骨科材料	胸腰椎后路固定系统	胸腰椎后路椎弓根短尾螺钉	089	内固定材料	02	钴铬钼合金	007	普通螺纹/中空/万向
	2262	608	C03250608902008	骨科材料	胸腰椎后路固定系统	胸腰椎后路椎弓根短尾螺钉	089	内固定材料	02	钴铬钼合金	008	普通螺纹/中空/万向偏角
	2263	609	C03250608902009	骨科材料	胸腰椎后路固定系统	胸腰椎后路椎弓根短尾螺钉	089	内固定材料	02	钴铬钼合金	009	普通螺纹/中空/单向
	2264	610	C03250608902010	骨科材料	胸腰椎后路固定系统	胸腰椎后路椎弓根短尾螺钉	089	内固定材料	02	钴铬钼合金	010	普通螺纹/中空/单平面
	2265	611	C03250608902011	骨科材料	胸腰椎后路固定系统	胸腰椎后路椎弓根短尾螺钉	089	内固定材料	02	钴铬钼合金	011	普通螺纹/中空/平移
	2266	612	C03250608902012	骨科材料	胸腰椎后路固定系统	胸腰椎后路椎弓根短尾螺钉	089	内固定材料	02	钴铬钼合金	012	普通螺纹/中空/双锁
	2267	613	C03250608902013	骨科材料	胸腰椎后路固定系统	胸腰椎后路椎弓根短尾螺钉	089	内固定材料	02	钴铬钼合金	013	普通螺纹/中空+侧孔/万向
	2268	614	C03250608902014	骨科材料	胸腰椎后路固定系统	胸腰椎后路椎弓根短尾螺钉	089	内固定材料	02	钴铬钼合金	014	普通螺纹/中空+侧孔/万向偏角
	2269	615	C03250608902015	骨科材料	胸腰椎后路固定系统	胸腰椎后路椎弓根短尾螺钉	089	内固定材料	02	钴铬钼合金	015	普通螺纹/中空+侧孔/单向
	2270	616	C03250608902016	骨科材料	胸腰椎后路固定系统	胸腰椎后路椎弓根短尾螺钉	089	内固定材料	02	钴铬钼合金	016	普通螺纹/中空+侧孔/单平面
	2271	617	C03250608902017	骨科材料	胸腰椎后路固定系统	胸腰椎后路椎弓根短尾螺钉	089	内固定材料	02	钴铬钼合金	017	普通螺纹/中空+侧孔/平移
	2272	618	C03250608902018	骨科材料	胸腰椎后路固定系统	胸腰椎后路椎弓根短尾螺钉	089	内固定材料	02	钴铬钼合金	018	普通螺纹/中空+侧孔/双锁
	2273	619	C03250608902019	骨科材料	胸腰椎后路固定系统	胸腰椎后路椎弓根短尾螺钉	089	内固定材料	02	钴铬钼合金	019	多线螺纹/实心/万向
	2274	620	C03250608902020	骨科材料	胸腰椎后路固定系统	胸腰椎后路椎弓根短尾螺钉	089	内固定材料	02	钴铬钼合金	020	多线螺纹/实心/万向偏角
	2275	621	C03250608902021	骨科材料	胸腰椎后路固定系统	胸腰椎后路椎弓根短尾螺钉	089	内固定材料	02	钴铬钼合金	021	多线螺纹/实心/单向
	2276	622	C03250608902022	骨科材料	胸腰椎后路固定系统	胸腰椎后路椎弓根短尾螺钉	089	内固定材料	02	钴铬钼合金	022	多线螺纹/实心/单平面
	2277	623	C03250608902023	骨科材料	胸腰椎后路固定系统	胸腰椎后路椎弓根短尾螺钉	089	内固定材料	02	钴铬钼合金	023	多线螺纹/实心/平移
	2278	624	C03250608902024	骨科材料	胸腰椎后路固定系统	胸腰椎后路椎弓根短尾螺钉	089	内固定材料	02	钴铬钼合金	024	多线螺纹/实心/双锁
	2279	625	C03250608902025	骨科材料	胸腰椎后路固定系统	胸腰椎后路椎弓根短尾螺钉	089	内固定材料	02	钴铬钼合金	025	多线螺纹/中空/万向
	2280	626	C03250608902026	骨科材料	胸腰椎后路固定系统	胸腰椎后路椎弓根短尾螺钉	089	内固定材料	02	钴铬钼合金	026	多线螺纹/中空/万向偏角
	2281	627	C03250608902027	骨科材料	胸腰椎后路固定系统	胸腰椎后路椎弓根短尾螺钉	089	内固定材料	02	钴铬钼合金	027	多线螺纹/中空/单向
	2282	628	C03250608902028	骨科材料	胸腰椎后路固定系统	胸腰椎后路椎弓根短尾螺钉	089	内固定材料	02	钴铬钼合金	028	多线螺纹/中空/单平面
	2283	629	C03250608902029	骨科材料	胸腰椎后路固定系统	胸腰椎后路椎弓根短尾螺钉	089	内固定材料	02	钴铬钼合金	029	多线螺纹/中空/平移
	2284	630	C03250608902030	骨科材料	胸腰椎后路固定系统	胸腰椎后路椎弓根短尾螺钉	089	内固定材料	02	钴铬钼合金	030	多线螺纹/中空/双锁
	2285	631	C03250608902031	骨科材料	胸腰椎后路固定系统	胸腰椎后路椎弓根短尾螺钉	089	内固定材料	02	钴铬钼合金	031	多线螺纹/中空+侧孔/万向
	2286	632	C03250608902032	骨科材料	胸腰椎后路固定系统	胸腰椎后路椎弓根短尾螺钉	089	内固定材料	02	钴铬钼合金	032	多线螺纹/中空+侧孔/万向偏角
	2287	633	C03250608902033	骨科材料	胸腰椎后路固定系统	胸腰椎后路椎弓根短尾螺钉	089	内固定材料	02	钴铬钼合金	033	多线螺纹/中空+侧孔/单向
	2288	634	C03250608902034	骨科材料	胸腰椎后路固定系统	胸腰椎后路椎弓根短尾螺钉	089	内固定材料	02	钴铬钼合金	034	多线螺纹/中空+侧孔/单平面
	2289	635	C03250608902035	骨科材料	胸腰椎后路固定系统	胸腰椎后路椎弓根短尾螺钉	089	内固定材料	02	钴铬钼合金	035	多线螺纹/中空+侧孔/平移
	2290	636	C03250608902036	骨科材料	胸腰椎后路固定系统	胸腰椎后路椎弓根短尾螺钉	089	内固定材料	02	钴铬钼合金	036	多线螺纹/中空+侧孔/双锁
	2291	637	C03250608902037	骨科材料	胸腰椎后路固定系统	胸腰椎后路椎弓根短尾螺钉	089	内固定材料	02	钴铬钼合金	037	皮质骨螺纹/实心/万向
	2292	638	C03250608902038	骨科材料	胸腰椎后路固定系统	胸腰椎后路椎弓根短尾螺钉	089	内固定材料	02	钴铬钼合金	038	皮质骨螺纹/实心/万向偏角
	2293	639	C03250608902039	骨科材料	胸腰椎后路固定系统	胸腰椎后路椎弓根短尾螺钉	089	内固定材料	02	钴铬钼合金	039	皮质骨螺纹/实心/单向
	2294	640	C03250608902040	骨科材料	胸腰椎后路固定系统	胸腰椎后路椎弓根短尾螺钉	089	内固定材料	02	钴铬钼合金	040	皮质骨螺纹/实心/单平面
	2295	641	C03250608902041	骨科材料	胸腰椎后路固定系统	胸腰椎后路椎弓根短尾螺钉	089	内固定材料	02	钴铬钼合金	041	皮质骨螺纹/实心/平移
	2296	642	C03250608902042	骨科材料	胸腰椎后路固定系统	胸腰椎后路椎弓根短尾螺钉	089	内固定材料	02	钴铬钼合金	042	皮质骨螺纹/实心/双锁
	2297	643	C03250608902043	骨科材料	胸腰椎后路固定系统	胸腰椎后路椎弓根短尾螺钉	089	内固定材料	02	钴铬钼合金	043	皮质骨螺纹/中空/万向
	2298	644	C03250608902044	骨科材料	胸腰椎后路固定系统	胸腰椎后路椎弓根短尾螺钉	089	内固定材料	02	钴铬钼合金	044	皮质骨螺纹/中空/万向偏角
	2299	645	C03250608902045	骨科材料	胸腰椎后路固定系统	胸腰椎后路椎弓根短尾螺钉	089	内固定材料	02	钴铬钼合金	045	皮质骨螺纹/中空/单向
	2300	646	C03250608902046	骨科材料	胸腰椎后路固定系统	胸腰椎后路椎弓根短尾螺钉	089	内固定材料	02	钴铬钼合金	046	皮质骨螺纹/中空/单平面
	2301	647	C03250608902047	骨科材料	胸腰椎后路固定系统	胸腰椎后路椎弓根短尾螺钉	089	内固定材料	02	钴铬钼合金	047	皮质骨螺纹/中空/平移
	2302	648	C03250608902048	骨科材料	胸腰椎后路固定系统	胸腰椎后路椎弓根短尾螺钉	089	内固定材料	02	钴铬钼合金	048	皮质骨螺纹/中空/双锁
	2303	649	C03250608902049	骨科材料	胸腰椎后路固定系统	胸腰椎后路椎弓根短尾螺钉	089	内固定材料	02	钴铬钼合金	049	皮质骨螺纹/中空+侧孔/万向
	2304	650	C03250608902050	骨科材料	胸腰椎后路固定系统	胸腰椎后路椎弓根短尾螺钉	089	内固定材料	02	钴铬钼合金	050	皮质骨螺纹/中空+侧孔/万向偏角
	2305	651	C03250608902051	骨科材料	胸腰椎后路固定系统	胸腰椎后路椎弓根短尾螺钉	089	内固定材料	02	钴铬钼合金	051	皮质骨螺纹/中空+侧孔/单向
	2306	652	C03250608902052	骨科材料	胸腰椎后路固定系统	胸腰椎后路椎弓根短尾螺钉	089	内固定材料	02	钴铬钼合金	052	皮质骨螺纹/中空+侧孔/单平面
	2307	653	C03250608902053	骨科材料	胸腰椎后路固定系统	胸腰椎后路椎弓根短尾螺钉	089	内固定材料	02	钴铬钼合金	053	皮质骨螺纹/中空+侧孔/平移
	2308	654	C03250608902054	骨科材料	胸腰椎后路固定系统	胸腰椎后路椎弓根短尾螺钉	089	内固定材料	02	钴铬钼合金	054	皮质骨螺纹/中空+侧孔/双锁
	2309	655	C03250608902055	骨科材料	胸腰椎后路固定系统	胸腰椎后路椎弓根短尾螺钉	089	内固定材料	02	钴铬钼合金	055	双螺纹/实心/万向
	2310	656	C03250608902056	骨科材料	胸腰椎后路固定系统	胸腰椎后路椎弓根短尾螺钉	089	内固定材料	02	钴铬钼合金	056	双螺纹/实心/万向偏角
	2311	657	C03250608902057	骨科材料	胸腰椎后路固定系统	胸腰椎后路椎弓根短尾螺钉	089	内固定材料	02	钴铬钼合金	057	双螺纹/实心/单向
	2312	658	C03250608902058	骨科材料	胸腰椎后路固定系统	胸腰椎后路椎弓根短尾螺钉	089	内固定材料	02	钴铬钼合金	058	双螺纹/实心/单平面
	2313	659	C03250608902059	骨科材料	胸腰椎后路固定系统	胸腰椎后路椎弓根短尾螺钉	089	内固定材料	02	钴铬钼合金	059	双螺纹/实心/平移
	2314	660	C03250608902060	骨科材料	胸腰椎后路固定系统	胸腰椎后路椎弓根短尾螺钉	089	内固定材料	02	钴铬钼合金	060	双螺纹/实心/双锁
	2315	661	C03250608902061	骨科材料	胸腰椎后路固定系统	胸腰椎后路椎弓根短尾螺钉	089	内固定材料	02	钴铬钼合金	061	双螺纹/中空/万向
	2316	662	C03250608902062	骨科材料	胸腰椎后路固定系统	胸腰椎后路椎弓根短尾螺钉	089	内固定材料	02	钴铬钼合金	062	双螺纹/中空/万向偏角
	2317	663	C03250608902063	骨科材料	胸腰椎后路固定系统	胸腰椎后路椎弓根短尾螺钉	089	内固定材料	02	钴铬钼合金	063	双螺纹/中空/单向
	2318	664	C03250608902064	骨科材料	胸腰椎后路固定系统	胸腰椎后路椎弓根短尾螺钉	089	内固定材料	02	钴铬钼合金	064	双螺纹/中空/单平面
	2319	665	C03250608902065	骨科材料	胸腰椎后路固定系统	胸腰椎后路椎弓根短尾螺钉	089	内固定材料	02	钴铬钼合金	065	双螺纹/中空/平移
	2320	666	C03250608902066	骨科材料	胸腰椎后路固定系统	胸腰椎后路椎弓根短尾螺钉	089	内固定材料	02	钴铬钼合金	066	双螺纹/中空/双锁
	2321	667	C03250608902067	骨科材料	胸腰椎后路固定系统	胸腰椎后路椎弓根短尾螺钉	089	内固定材料	02	钴铬钼合金	067	双螺纹/中空+侧孔/万向
	2322	668	C03250608902068	骨科材料	胸腰椎后路固定系统	胸腰椎后路椎弓根短尾螺钉	089	内固定材料	02	钴铬钼合金	068	双螺纹/中空+侧孔/万向偏角
	2323	669	C03250608902069	骨科材料	胸腰椎后路固定系统	胸腰椎后路椎弓根短尾螺钉	089	内固定材料	02	钴铬钼合金	069	双螺纹/中空+侧孔/单向
	2324	670	C03250608902070	骨科材料	胸腰椎后路固定系统	胸腰椎后路椎弓根短尾螺钉	089	内固定材料	02	钴铬钼合金	070	双螺纹/中空+侧孔/单平面
	2325	671	C03250608902071	骨科材料	胸腰椎后路固定系统	胸腰椎后路椎弓根短尾螺钉	089	内固定材料	02	钴铬钼合金	071	双螺纹/中空+侧孔/平移
	2326	672	C03250608902072	骨科材料	胸腰椎后路固定系统	胸腰椎后路椎弓根短尾螺钉	089	内固定材料	02	钴铬钼合金	072	双螺纹/中空+侧孔/双锁
	2327	673	C03250708901001	骨科材料	胸腰椎后路固定系统	胸腰椎后路椎弓根螺帽	089	内固定材料	01	纯钛	001	单锁
	2328	674	C03250708901002	骨科材料	胸腰椎后路固定系统	胸腰椎后路椎弓根螺帽	089	内固定材料	01	纯钛	002	双锁
	2329	675	C03250708902001	骨科材料	胸腰椎后路固定系统	胸腰椎后路椎弓根螺帽	089	内固定材料	02	钛合金	001	单锁
	2330	676	C03250708902002	骨科材料	胸腰椎后路固定系统	胸腰椎后路椎弓根螺帽	089	内固定材料	02	钛合金	002	双锁
	2331	677	C03250808900001	骨科材料	胸腰椎后路固定系统	胸腰椎后路横连	089	内固定材料	00	不区分	001	一体化/固定
	2332	678	C03250808900002	骨科材料	胸腰椎后路固定系统	胸腰椎后路横连	089	内固定材料	00	不区分	002	一体化/可调
	2333	679	C03250808900003	骨科材料	胸腰椎后路固定系统	胸腰椎后路横连	089	内固定材料	00	不区分	003	非一体化/固定
	2334	680	C03250808900004	骨科材料	胸腰椎后路固定系统	胸腰椎后路横连	089	内固定材料	00	不区分	004	非一体化/可调
	2335	681	C03250908900001	骨科材料	胸腰椎后路固定系统	胸腰椎后路钉棒连接器	089	内固定材料	00	不区分	001	灭菌
	2336	682	C03250908900002	骨科材料	胸腰椎后路固定系统	胸腰椎后路钉棒连接器	089	内固定材料	00	不区分	002	非灭菌
	2337	683	C03251008900000	骨科材料	胸腰椎后路固定系统	胸腰椎后路关节突螺钉	089	内固定材料	00	不区分	000	常规
	2338	684	C03251108900000	骨科材料	胸腰椎后路固定系统	胸腰椎后路骨水泥加强螺钉	089	内固定材料	00	不区分	000	常规
	2339	685	C03251208900000	骨科材料	胸腰椎后路固定系统	胸腰椎后路膨胀螺钉	089	内固定材料	00	不区分	000	常规
	2340	686	C03251308900000	骨科材料	胸腰椎后路固定系统	胸腰椎后路皮质骨螺钉	089	内固定材料	00	不区分	000	常规
	2341	687	C03251408900001	骨科材料	胸腰椎后路固定系统	多米诺连接	089	内固定材料	00	不区分	001	端端连接/灭菌
	2342	688	C03251408900002	骨科材料	胸腰椎后路固定系统	多米诺连接	089	内固定材料	00	不区分	002	端端连接/非灭菌
	2343	689	C03251408900003	骨科材料	胸腰椎后路固定系统	多米诺连接	089	内固定材料	00	不区分	003	侧侧连接/灭菌
	2344	690	C03251408900004	骨科材料	胸腰椎后路固定系统	多米诺连接	089	内固定材料	00	不区分	004	侧侧连接/非灭菌
	2345	691	C03251508900000	骨科材料	胸腰椎后路固定系统	胸腰椎后路关节突固定融合器	089	内固定材料	00	不区分	000	常规
	2346	692	C03251607900001	骨科材料	胸腰椎后路固定系统	胸腰椎后路固定系统其他部件	079	螺钉	00	不区分	001	螺钉
	2347	693	C03251608900000	骨科材料	胸腰椎后路固定系统	胸腰椎后路固定系统其他部件	089	内固定材料	00	不区分	000	其他
	2348	694	C03251623600002	骨科材料	胸腰椎后路固定系统	胸腰椎后路固定系统其他部件	236	垫圈	00	不区分	002	垫圈
	2349	695	C03251623700003	骨科材料	胸腰椎后路固定系统	胸腰椎后路固定系统其他部件	237	螺母	00	不区分	003	螺母
	2350	696	C03260108901001	骨科材料	胸腰椎后路微创系统	经皮胸腰椎后路固定棒	089	内固定材料	01	钛合金	001	预弯
	2351	697	C03260108901002	骨科材料	胸腰椎后路微创系统	经皮胸腰椎后路固定棒	089	内固定材料	01	钛合金	002	预裁
	2352	698	C03260108902001	骨科材料	胸腰椎后路微创系统	经皮胸腰椎后路固定棒	089	内固定材料	02	钴铬钼合金	001	预弯
	2353	699	C03260108902002	骨科材料	胸腰椎后路微创系统	经皮胸腰椎后路固定棒	089	内固定材料	02	钴铬钼合金	002	预裁
	2354	700	C03260108903001	骨科材料	胸腰椎后路微创系统	经皮胸腰椎后路固定棒	089	内固定材料	03	纯钛	001	预弯
	2355	701	C03260108903002	骨科材料	胸腰椎后路微创系统	经皮胸腰椎后路固定棒	089	内固定材料	03	纯钛	002	预裁
	2356	702	C03260208901001	骨科材料	胸腰椎后路微创系统	经皮胸腰椎后路椎弓根螺钉	089	内固定材料	01	钛合金	001	普通螺纹/有侧孔/长尾
	2357	703	C03260208901002	骨科材料	胸腰椎后路微创系统	经皮胸腰椎后路椎弓根螺钉	089	内固定材料	01	钛合金	002	普通螺纹/有侧孔/短尾
	2358	704	C03260208901003	骨科材料	胸腰椎后路微创系统	经皮胸腰椎后路椎弓根螺钉	089	内固定材料	01	钛合金	003	普通螺纹/无侧孔/长尾
	2359	705	C03260208901004	骨科材料	胸腰椎后路微创系统	经皮胸腰椎后路椎弓根螺钉	089	内固定材料	01	钛合金	004	普通螺纹/无侧孔/短尾
	2360	706	C03260208901005	骨科材料	胸腰椎后路微创系统	经皮胸腰椎后路椎弓根螺钉	089	内固定材料	01	钛合金	005	多线螺纹/有侧孔/长尾
	2361	707	C03260208901006	骨科材料	胸腰椎后路微创系统	经皮胸腰椎后路椎弓根螺钉	089	内固定材料	01	钛合金	006	多线螺纹/有侧孔/短尾
	2362	708	C03260208901007	骨科材料	胸腰椎后路微创系统	经皮胸腰椎后路椎弓根螺钉	089	内固定材料	01	钛合金	007	多线螺纹/无侧孔/长尾
	2363	709	C03260208901008	骨科材料	胸腰椎后路微创系统	经皮胸腰椎后路椎弓根螺钉	089	内固定材料	01	钛合金	008	多线螺纹/无侧孔/短尾
	2364	710	C03260208901009	骨科材料	胸腰椎后路微创系统	经皮胸腰椎后路椎弓根螺钉	089	内固定材料	01	钛合金	009	皮质骨螺纹/有侧孔/长尾
	2365	711	C03260208901010	骨科材料	胸腰椎后路微创系统	经皮胸腰椎后路椎弓根螺钉	089	内固定材料	01	钛合金	010	皮质骨螺纹/有侧孔/短尾
	2366	712	C03260208901011	骨科材料	胸腰椎后路微创系统	经皮胸腰椎后路椎弓根螺钉	089	内固定材料	01	钛合金	011	皮质骨螺纹/无侧孔/长尾
	2367	713	C03260208901012	骨科材料	胸腰椎后路微创系统	经皮胸腰椎后路椎弓根螺钉	089	内固定材料	01	钛合金	012	皮质骨螺纹/无侧孔/短尾
	2368	714	C03260208901013	骨科材料	胸腰椎后路微创系统	经皮胸腰椎后路椎弓根螺钉	089	内固定材料	01	钛合金	013	双螺纹/有侧孔/长尾
	2369	715	C03260208901014	骨科材料	胸腰椎后路微创系统	经皮胸腰椎后路椎弓根螺钉	089	内固定材料	01	钛合金	014	双螺纹/有侧孔/短尾
	2370	716	C03260208901015	骨科材料	胸腰椎后路微创系统	经皮胸腰椎后路椎弓根螺钉	089	内固定材料	01	钛合金	015	双螺纹/无侧孔/长尾
	2371	717	C03260208901016	骨科材料	胸腰椎后路微创系统	经皮胸腰椎后路椎弓根螺钉	089	内固定材料	01	钛合金	016	双螺纹/无侧孔/短尾
	2372	718	C03260208902001	骨科材料	胸腰椎后路微创系统	经皮胸腰椎后路椎弓根螺钉	089	内固定材料	02	钴铬钼合金	001	普通螺纹/有侧孔/长尾
	2373	719	C03260208902002	骨科材料	胸腰椎后路微创系统	经皮胸腰椎后路椎弓根螺钉	089	内固定材料	02	钴铬钼合金	002	普通螺纹/有侧孔/短尾
	2374	720	C03260208902003	骨科材料	胸腰椎后路微创系统	经皮胸腰椎后路椎弓根螺钉	089	内固定材料	02	钴铬钼合金	003	普通螺纹/无侧孔/长尾
	2375	721	C03260208902004	骨科材料	胸腰椎后路微创系统	经皮胸腰椎后路椎弓根螺钉	089	内固定材料	02	钴铬钼合金	004	普通螺纹/无侧孔/短尾
	2376	722	C03260208902005	骨科材料	胸腰椎后路微创系统	经皮胸腰椎后路椎弓根螺钉	089	内固定材料	02	钴铬钼合金	005	多线螺纹/有侧孔/长尾
	2377	723	C03260208902006	骨科材料	胸腰椎后路微创系统	经皮胸腰椎后路椎弓根螺钉	089	内固定材料	02	钴铬钼合金	006	多线螺纹/有侧孔/短尾
	2378	724	C03260208902007	骨科材料	胸腰椎后路微创系统	经皮胸腰椎后路椎弓根螺钉	089	内固定材料	02	钴铬钼合金	007	多线螺纹/无侧孔/长尾
	2379	725	C03260208902008	骨科材料	胸腰椎后路微创系统	经皮胸腰椎后路椎弓根螺钉	089	内固定材料	02	钴铬钼合金	008	多线螺纹/无侧孔/短尾
	2380	726	C03260208902009	骨科材料	胸腰椎后路微创系统	经皮胸腰椎后路椎弓根螺钉	089	内固定材料	02	钴铬钼合金	009	皮质骨螺纹/有侧孔/长尾
	2381	727	C03260208902010	骨科材料	胸腰椎后路微创系统	经皮胸腰椎后路椎弓根螺钉	089	内固定材料	02	钴铬钼合金	010	皮质骨螺纹/有侧孔/短尾
	2382	728	C03260208902011	骨科材料	胸腰椎后路微创系统	经皮胸腰椎后路椎弓根螺钉	089	内固定材料	02	钴铬钼合金	011	皮质骨螺纹/无侧孔/长尾
	2383	729	C03260208902012	骨科材料	胸腰椎后路微创系统	经皮胸腰椎后路椎弓根螺钉	089	内固定材料	02	钴铬钼合金	012	皮质骨螺纹/无侧孔/短尾
	2384	730	C03260208902013	骨科材料	胸腰椎后路微创系统	经皮胸腰椎后路椎弓根螺钉	089	内固定材料	02	钴铬钼合金	013	双螺纹/有侧孔/长尾
	2385	731	C03260208902014	骨科材料	胸腰椎后路微创系统	经皮胸腰椎后路椎弓根螺钉	089	内固定材料	02	钴铬钼合金	014	双螺纹/有侧孔/短尾
	2386	732	C03260208902015	骨科材料	胸腰椎后路微创系统	经皮胸腰椎后路椎弓根螺钉	089	内固定材料	02	钴铬钼合金	015	双螺纹/无侧孔/长尾
	2387	733	C03260208902016	骨科材料	胸腰椎后路微创系统	经皮胸腰椎后路椎弓根螺钉	089	内固定材料	02	钴铬钼合金	016	双螺纹/无侧孔/短尾
	2388	734	C03260308901001	骨科材料	胸腰椎后路微创系统	胸腰椎后路椎弓根螺帽	089	内固定材料	01	纯钛	001	单锁
	2389	735	C03260308901002	骨科材料	胸腰椎后路微创系统	胸腰椎后路椎弓根螺帽	089	内固定材料	01	纯钛	002	双锁
	2390	736	C03260308902001	骨科材料	胸腰椎后路微创系统	胸腰椎后路椎弓根螺帽	089	内固定材料	02	钛合金	001	单锁
	2391	737	C03260308902002	骨科材料	胸腰椎后路微创系统	胸腰椎后路椎弓根螺帽	089	内固定材料	02	钛合金	002	双锁
	2392	738	C03260408900001	骨科材料	胸腰椎后路微创系统	胸腰椎后路关节突融合器	089	内固定材料	00	不区分	001	灭菌
	2393	739	C03260408900002	骨科材料	胸腰椎后路微创系统	胸腰椎后路关节突融合器	089	内固定材料	00	不区分	002	非灭菌
	2394	740	C03260508900001	骨科材料	胸腰椎后路微创系统	胸腰椎后路横联	089	内固定材料	00	不区分	001	一体化/固定
	2395	741	C03260508900002	骨科材料	胸腰椎后路微创系统	胸腰椎后路横联	089	内固定材料	00	不区分	002	一体化/可调
	2396	742	C03260508900003	骨科材料	胸腰椎后路微创系统	胸腰椎后路横联	089	内固定材料	00	不区分	003	非一体化/固定
	2397	743	C03260508900004	骨科材料	胸腰椎后路微创系统	胸腰椎后路横联	089	内固定材料	00	不区分	004	非一体化/可调
	2398	744	C03260608901001	骨科材料	胸腰椎后路微创系统	经皮胸腰椎后路预弯棒	089	内固定材料	01	钛合金	001	平头
	2399	745	C03260608901002	骨科材料	胸腰椎后路微创系统	经皮胸腰椎后路预弯棒	089	内固定材料	01	钛合金	002	圆头
	2400	746	C03260608902001	骨科材料	胸腰椎后路微创系统	经皮胸腰椎后路预弯棒	089	内固定材料	02	钴铬钼合金	001	平头
	2401	747	C03260608902002	骨科材料	胸腰椎后路微创系统	经皮胸腰椎后路预弯棒	089	内固定材料	02	钴铬钼合金	002	圆头
	2402	748	C03260608903001	骨科材料	胸腰椎后路微创系统	经皮胸腰椎后路预弯棒	089	内固定材料	03	纯钛	001	平头
	2403	749	C03260608903002	骨科材料	胸腰椎后路微创系统	经皮胸腰椎后路预弯棒	089	内固定材料	03	纯钛	002	圆头
	2404	750	C03260708900001	骨科材料	胸腰椎后路微创系统	胸腰椎后路微创系统其他部件	089	内固定材料	00	不区分	001	经皮胸腰椎后路椎弓根螺钉置入器
	2405	751	C03260708900002	骨科材料	胸腰椎后路微创系统	胸腰椎后路微创系统其他部件	089	内固定材料	00	不区分	002	导针
	2406	752	C03270108901001	骨科材料	小儿矫形系统	胸腰椎后路固定板	089	内固定材料	01	纯钛	001	灭菌
	2407	753	C03270108901002	骨科材料	小儿矫形系统	胸腰椎后路固定板	089	内固定材料	01	纯钛	002	非灭菌
	2408	754	C03270108902001	骨科材料	小儿矫形系统	胸腰椎后路固定板	089	内固定材料	02	钛合金	001	灭菌
	2409	755	C03270108902002	骨科材料	小儿矫形系统	胸腰椎后路固定板	089	内固定材料	02	钛合金	002	非灭菌
	2410	756	C03270108903001	骨科材料	小儿矫形系统	胸腰椎后路固定板	089	内固定材料	03	钴铬钼合金	001	灭菌
	2411	757	C03270108903002	骨科材料	小儿矫形系统	胸腰椎后路固定板	089	内固定材料	03	钴铬钼合金	002	非灭菌
	2412	758	C03270108904001	骨科材料	小儿矫形系统	胸腰椎后路固定板	089	内固定材料	04	聚醚醚酮（PEEK）	001	灭菌
	2413	759	C03270108904002	骨科材料	小儿矫形系统	胸腰椎后路固定板	089	内固定材料	04	聚醚醚酮（PEEK）	002	非灭菌
	2414	760	C03270208901001	骨科材料	小儿矫形系统	胸腰椎后路固定棒	089	内固定材料	01	钛合金	001	普通棒/预裁棒/灭菌
	2415	761	C03270208901002	骨科材料	小儿矫形系统	胸腰椎后路固定棒	089	内固定材料	01	钛合金	002	普通棒/预裁棒/非灭菌
	2416	762	C03270208901003	骨科材料	小儿矫形系统	胸腰椎后路固定棒	089	内固定材料	01	钛合金	003	普通棒/预弯棒/灭菌
	2417	763	C03270208901004	骨科材料	小儿矫形系统	胸腰椎后路固定棒	089	内固定材料	01	钛合金	004	普通棒/预弯棒/非灭菌
	2418	764	C03270208901005	骨科材料	小儿矫形系统	胸腰椎后路固定棒	089	内固定材料	01	钛合金	005	普通棒/非预裁棒/灭菌
	2419	765	C03270208901006	骨科材料	小儿矫形系统	胸腰椎后路固定棒	089	内固定材料	01	钛合金	006	普通棒/非预裁棒/非灭菌
	2420	766	C03270208901007	骨科材料	小儿矫形系统	胸腰椎后路固定棒	089	内固定材料	01	钛合金	007	普通棒/非预弯棒/灭菌
	2421	767	C03270208901008	骨科材料	小儿矫形系统	胸腰椎后路固定棒	089	内固定材料	01	钛合金	008	普通棒/非预弯棒/非灭菌
	2422	768	C03270208901009	骨科材料	小儿矫形系统	胸腰椎后路固定棒	089	内固定材料	01	钛合金	009	双直径棒/预裁棒/灭菌
	2423	769	C03270208901010	骨科材料	小儿矫形系统	胸腰椎后路固定棒	089	内固定材料	01	钛合金	010	双直径棒/预裁棒/非灭菌
	2424	770	C03270208901011	骨科材料	小儿矫形系统	胸腰椎后路固定棒	089	内固定材料	01	钛合金	011	双直径棒/预弯棒/灭菌
	2425	771	C03270208901012	骨科材料	小儿矫形系统	胸腰椎后路固定棒	089	内固定材料	01	钛合金	012	双直径棒/预弯棒/非灭菌
	2426	772	C03270208901013	骨科材料	小儿矫形系统	胸腰椎后路固定棒	089	内固定材料	01	钛合金	013	双直径棒/非预裁棒/灭菌
	2427	773	C03270208901014	骨科材料	小儿矫形系统	胸腰椎后路固定棒	089	内固定材料	01	钛合金	014	双直径棒/非预裁棒/非灭菌
	2428	774	C03270208901015	骨科材料	小儿矫形系统	胸腰椎后路固定棒	089	内固定材料	01	钛合金	015	双直径棒/非预弯棒/灭菌
	2429	775	C03270208901016	骨科材料	小儿矫形系统	胸腰椎后路固定棒	089	内固定材料	01	钛合金	016	双直径棒/非预弯棒/非灭菌
	2430	776	C03270208901017	骨科材料	小儿矫形系统	胸腰椎后路固定棒	089	内固定材料	01	钛合金	017	Z形棒/预裁棒/灭菌
	2431	777	C03270208901018	骨科材料	小儿矫形系统	胸腰椎后路固定棒	089	内固定材料	01	钛合金	018	Z形棒/预裁棒/非灭菌
	2432	778	C03270208901019	骨科材料	小儿矫形系统	胸腰椎后路固定棒	089	内固定材料	01	钛合金	019	Z形棒/预弯棒/灭菌
	2433	779	C03270208901020	骨科材料	小儿矫形系统	胸腰椎后路固定棒	089	内固定材料	01	钛合金	020	Z形棒/预弯棒/非灭菌
	2434	780	C03270208901021	骨科材料	小儿矫形系统	胸腰椎后路固定棒	089	内固定材料	01	钛合金	021	Z形棒/非预裁棒/灭菌
	2435	781	C03270208901022	骨科材料	小儿矫形系统	胸腰椎后路固定棒	089	内固定材料	01	钛合金	022	Z形棒/非预裁棒/非灭菌
	2436	782	C03270208901023	骨科材料	小儿矫形系统	胸腰椎后路固定棒	089	内固定材料	01	钛合金	023	Z形棒/非预弯棒/灭菌
	2437	783	C03270208901024	骨科材料	小儿矫形系统	胸腰椎后路固定棒	089	内固定材料	01	钛合金	024	Z形棒/非预弯棒/非灭菌
	2438	784	C03270208902001	骨科材料	小儿矫形系统	胸腰椎后路固定棒	089	内固定材料	02	钴铬合金	001	普通棒/预裁棒/灭菌
	2439	785	C03270208902002	骨科材料	小儿矫形系统	胸腰椎后路固定棒	089	内固定材料	02	钴铬合金	002	普通棒/预裁棒/非灭菌
	2440	786	C03270208902003	骨科材料	小儿矫形系统	胸腰椎后路固定棒	089	内固定材料	02	钴铬合金	003	普通棒/预弯棒/灭菌
	2441	787	C03270208902004	骨科材料	小儿矫形系统	胸腰椎后路固定棒	089	内固定材料	02	钴铬合金	004	普通棒/预弯棒/非灭菌
	2442	788	C03270208902005	骨科材料	小儿矫形系统	胸腰椎后路固定棒	089	内固定材料	02	钴铬合金	005	普通棒/非预裁棒/灭菌
	2443	789	C03270208902006	骨科材料	小儿矫形系统	胸腰椎后路固定棒	089	内固定材料	02	钴铬合金	006	普通棒/非预裁棒/非灭菌
	2444	790	C03270208902007	骨科材料	小儿矫形系统	胸腰椎后路固定棒	089	内固定材料	02	钴铬合金	007	普通棒/非预弯棒/灭菌
	2445	791	C03270208902008	骨科材料	小儿矫形系统	胸腰椎后路固定棒	089	内固定材料	02	钴铬合金	008	普通棒/非预弯棒/非灭菌
	2446	792	C03270208902009	骨科材料	小儿矫形系统	胸腰椎后路固定棒	089	内固定材料	02	钴铬合金	009	双直径棒/预裁棒/灭菌
	2447	793	C03270208902010	骨科材料	小儿矫形系统	胸腰椎后路固定棒	089	内固定材料	02	钴铬合金	010	双直径棒/预裁棒/非灭菌
	2448	794	C03270208902011	骨科材料	小儿矫形系统	胸腰椎后路固定棒	089	内固定材料	02	钴铬合金	011	双直径棒/预弯棒/灭菌
	2449	795	C03270208902012	骨科材料	小儿矫形系统	胸腰椎后路固定棒	089	内固定材料	02	钴铬合金	012	双直径棒/预弯棒/非灭菌
	2450	796	C03270208902013	骨科材料	小儿矫形系统	胸腰椎后路固定棒	089	内固定材料	02	钴铬合金	013	双直径棒/非预裁棒/灭菌
	2451	797	C03270208902014	骨科材料	小儿矫形系统	胸腰椎后路固定棒	089	内固定材料	02	钴铬合金	014	双直径棒/非预裁棒/非灭菌
	2452	798	C03270208902015	骨科材料	小儿矫形系统	胸腰椎后路固定棒	089	内固定材料	02	钴铬合金	015	双直径棒/非预弯棒/灭菌
	2453	799	C03270208902016	骨科材料	小儿矫形系统	胸腰椎后路固定棒	089	内固定材料	02	钴铬合金	016	双直径棒/非预弯棒/非灭菌
	2454	800	C03270208902017	骨科材料	小儿矫形系统	胸腰椎后路固定棒	089	内固定材料	02	钴铬合金	017	Z形棒/预裁棒/灭菌
	2455	801	C03270208902018	骨科材料	小儿矫形系统	胸腰椎后路固定棒	089	内固定材料	02	钴铬合金	018	Z形棒/预裁棒/非灭菌
	2456	802	C03270208902019	骨科材料	小儿矫形系统	胸腰椎后路固定棒	089	内固定材料	02	钴铬合金	019	Z形棒/预弯棒/灭菌
	2457	803	C03270208902020	骨科材料	小儿矫形系统	胸腰椎后路固定棒	089	内固定材料	02	钴铬合金	020	Z形棒/预弯棒/非灭菌
	2458	804	C03270208902021	骨科材料	小儿矫形系统	胸腰椎后路固定棒	089	内固定材料	02	钴铬合金	021	Z形棒/非预裁棒/灭菌
	2459	805	C03270208902022	骨科材料	小儿矫形系统	胸腰椎后路固定棒	089	内固定材料	02	钴铬合金	022	Z形棒/非预裁棒/非灭菌
	2460	806	C03270208902023	骨科材料	小儿矫形系统	胸腰椎后路固定棒	089	内固定材料	02	钴铬合金	023	Z形棒/非预弯棒/灭菌
	2461	807	C03270208902024	骨科材料	小儿矫形系统	胸腰椎后路固定棒	089	内固定材料	02	钴铬合金	024	Z形棒/非预弯棒/非灭菌
	2462	808	C03270208903001	骨科材料	小儿矫形系统	胸腰椎后路固定棒	089	内固定材料	03	纯钛	001	普通棒/预裁棒/灭菌
	2463	809	C03270208903002	骨科材料	小儿矫形系统	胸腰椎后路固定棒	089	内固定材料	03	纯钛	002	普通棒/预裁棒/非灭菌
	2464	810	C03270208903003	骨科材料	小儿矫形系统	胸腰椎后路固定棒	089	内固定材料	03	纯钛	003	普通棒/预弯棒/灭菌
	2465	811	C03270208903004	骨科材料	小儿矫形系统	胸腰椎后路固定棒	089	内固定材料	03	纯钛	004	普通棒/预弯棒/非灭菌
	2466	812	C03270208903005	骨科材料	小儿矫形系统	胸腰椎后路固定棒	089	内固定材料	03	纯钛	005	普通棒/非预裁棒/灭菌
	2467	813	C03270208903006	骨科材料	小儿矫形系统	胸腰椎后路固定棒	089	内固定材料	03	纯钛	006	普通棒/非预裁棒/非灭菌
	2468	814	C03270208903007	骨科材料	小儿矫形系统	胸腰椎后路固定棒	089	内固定材料	03	纯钛	007	普通棒/非预弯棒/灭菌
	2469	815	C03270208903008	骨科材料	小儿矫形系统	胸腰椎后路固定棒	089	内固定材料	03	纯钛	008	普通棒/非预弯棒/非灭菌
	2470	816	C03270208903009	骨科材料	小儿矫形系统	胸腰椎后路固定棒	089	内固定材料	03	纯钛	009	双直径棒/预裁棒/灭菌
	2471	817	C03270208903010	骨科材料	小儿矫形系统	胸腰椎后路固定棒	089	内固定材料	03	纯钛	010	双直径棒/预裁棒/非灭菌
	2472	818	C03270208903011	骨科材料	小儿矫形系统	胸腰椎后路固定棒	089	内固定材料	03	纯钛	011	双直径棒/预弯棒/灭菌
	2473	819	C03270208903012	骨科材料	小儿矫形系统	胸腰椎后路固定棒	089	内固定材料	03	纯钛	012	双直径棒/预弯棒/非灭菌
	2474	820	C03270208903013	骨科材料	小儿矫形系统	胸腰椎后路固定棒	089	内固定材料	03	纯钛	013	双直径棒/非预裁棒/灭菌
	2475	821	C03270208903014	骨科材料	小儿矫形系统	胸腰椎后路固定棒	089	内固定材料	03	纯钛	014	双直径棒/非预裁棒/非灭菌
	2476	822	C03270208903015	骨科材料	小儿矫形系统	胸腰椎后路固定棒	089	内固定材料	03	纯钛	015	双直径棒/非预弯棒/灭菌
	2477	823	C03270208903016	骨科材料	小儿矫形系统	胸腰椎后路固定棒	089	内固定材料	03	纯钛	016	双直径棒/非预弯棒/非灭菌
	2478	824	C03270208903017	骨科材料	小儿矫形系统	胸腰椎后路固定棒	089	内固定材料	03	纯钛	017	Z形棒/预裁棒/灭菌
	2479	825	C03270208903018	骨科材料	小儿矫形系统	胸腰椎后路固定棒	089	内固定材料	03	纯钛	018	Z形棒/预裁棒/非灭菌
	2480	826	C03270208903019	骨科材料	小儿矫形系统	胸腰椎后路固定棒	089	内固定材料	03	纯钛	019	Z形棒/预弯棒/灭菌
	2481	827	C03270208903020	骨科材料	小儿矫形系统	胸腰椎后路固定棒	089	内固定材料	03	纯钛	020	Z形棒/预弯棒/非灭菌
	2482	828	C03270208903021	骨科材料	小儿矫形系统	胸腰椎后路固定棒	089	内固定材料	03	纯钛	021	Z形棒/非预裁棒/灭菌
	2483	829	C03270208903022	骨科材料	小儿矫形系统	胸腰椎后路固定棒	089	内固定材料	03	纯钛	022	Z形棒/非预裁棒/非灭菌
	2484	830	C03270208903023	骨科材料	小儿矫形系统	胸腰椎后路固定棒	089	内固定材料	03	纯钛	023	Z形棒/非预弯棒/灭菌
	2485	831	C03270208903024	骨科材料	小儿矫形系统	胸腰椎后路固定棒	089	内固定材料	03	纯钛	024	Z形棒/非预弯棒/非灭菌
	2486	832	C03270308901001	骨科材料	小儿矫形系统	胸腰椎后路固定钩	089	内固定材料	01	纯钛	001	灭菌
	2487	833	C03270308901002	骨科材料	小儿矫形系统	胸腰椎后路固定钩	089	内固定材料	01	纯钛	002	非灭菌
	2488	834	C03270308902001	骨科材料	小儿矫形系统	胸腰椎后路固定钩	089	内固定材料	02	钛合金	001	灭菌
	2489	835	C03270308902002	骨科材料	小儿矫形系统	胸腰椎后路固定钩	089	内固定材料	02	钛合金	002	非灭菌
	2490	836	C03270408901001	骨科材料	小儿矫形系统	胸腰椎后路椎弓根螺钉	089	内固定材料	01	钛合金	001	普通螺纹/有侧孔/长尾
	2491	837	C03270408901002	骨科材料	小儿矫形系统	胸腰椎后路椎弓根螺钉	089	内固定材料	01	钛合金	002	普通螺纹/有侧孔/短尾
	2492	838	C03270408901003	骨科材料	小儿矫形系统	胸腰椎后路椎弓根螺钉	089	内固定材料	01	钛合金	003	普通螺纹/无侧孔/长尾
	2493	839	C03270408901004	骨科材料	小儿矫形系统	胸腰椎后路椎弓根螺钉	089	内固定材料	01	钛合金	004	普通螺纹/无侧孔/短尾
	2494	840	C03270408901005	骨科材料	小儿矫形系统	胸腰椎后路椎弓根螺钉	089	内固定材料	01	钛合金	005	多线螺纹/有侧孔/长尾
	2495	841	C03270408901006	骨科材料	小儿矫形系统	胸腰椎后路椎弓根螺钉	089	内固定材料	01	钛合金	006	多线螺纹/有侧孔/短尾
	2496	842	C03270408901007	骨科材料	小儿矫形系统	胸腰椎后路椎弓根螺钉	089	内固定材料	01	钛合金	007	多线螺纹/无侧孔/长尾
	2497	843	C03270408901008	骨科材料	小儿矫形系统	胸腰椎后路椎弓根螺钉	089	内固定材料	01	钛合金	008	多线螺纹/无侧孔/短尾
	2498	844	C03270408901009	骨科材料	小儿矫形系统	胸腰椎后路椎弓根螺钉	089	内固定材料	01	钛合金	009	皮质骨螺纹/有侧孔/长尾
	2499	845	C03270408901010	骨科材料	小儿矫形系统	胸腰椎后路椎弓根螺钉	089	内固定材料	01	钛合金	010	皮质骨螺纹/有侧孔/短尾
	2500	846	C03270408901011	骨科材料	小儿矫形系统	胸腰椎后路椎弓根螺钉	089	内固定材料	01	钛合金	011	皮质骨螺纹/无侧孔/长尾
	2501	847	C03270408901012	骨科材料	小儿矫形系统	胸腰椎后路椎弓根螺钉	089	内固定材料	01	钛合金	012	皮质骨螺纹/无侧孔/短尾
	2502	848	C03270408901013	骨科材料	小儿矫形系统	胸腰椎后路椎弓根螺钉	089	内固定材料	01	钛合金	013	双螺纹/有侧孔/长尾
	2503	849	C03270408901014	骨科材料	小儿矫形系统	胸腰椎后路椎弓根螺钉	089	内固定材料	01	钛合金	014	双螺纹/有侧孔/短尾
	2504	850	C03270408901015	骨科材料	小儿矫形系统	胸腰椎后路椎弓根螺钉	089	内固定材料	01	钛合金	015	双螺纹/无侧孔/长尾
	2505	851	C03270408901016	骨科材料	小儿矫形系统	胸腰椎后路椎弓根螺钉	089	内固定材料	01	钛合金	016	双螺纹/无侧孔/短尾
	2506	852	C03270408902001	骨科材料	小儿矫形系统	胸腰椎后路椎弓根螺钉	089	内固定材料	02	钴铬钼合金	001	普通螺纹/有侧孔/长尾
	2507	853	C03270408902002	骨科材料	小儿矫形系统	胸腰椎后路椎弓根螺钉	089	内固定材料	02	钴铬钼合金	002	普通螺纹/有侧孔/短尾
	2508	854	C03270408902003	骨科材料	小儿矫形系统	胸腰椎后路椎弓根螺钉	089	内固定材料	02	钴铬钼合金	003	普通螺纹/无侧孔/长尾
	2509	855	C03270408902004	骨科材料	小儿矫形系统	胸腰椎后路椎弓根螺钉	089	内固定材料	02	钴铬钼合金	004	普通螺纹/无侧孔/短尾
	2510	856	C03270408902005	骨科材料	小儿矫形系统	胸腰椎后路椎弓根螺钉	089	内固定材料	02	钴铬钼合金	005	多线螺纹/有侧孔/长尾
	2511	857	C03270408902006	骨科材料	小儿矫形系统	胸腰椎后路椎弓根螺钉	089	内固定材料	02	钴铬钼合金	006	多线螺纹/有侧孔/短尾
	2512	858	C03270408902007	骨科材料	小儿矫形系统	胸腰椎后路椎弓根螺钉	089	内固定材料	02	钴铬钼合金	007	多线螺纹/无侧孔/长尾
	2513	859	C03270408902008	骨科材料	小儿矫形系统	胸腰椎后路椎弓根螺钉	089	内固定材料	02	钴铬钼合金	008	多线螺纹/无侧孔/短尾
	2514	860	C03270408902009	骨科材料	小儿矫形系统	胸腰椎后路椎弓根螺钉	089	内固定材料	02	钴铬钼合金	009	皮质骨螺纹/有侧孔/长尾
	2515	861	C03270408902010	骨科材料	小儿矫形系统	胸腰椎后路椎弓根螺钉	089	内固定材料	02	钴铬钼合金	010	皮质骨螺纹/有侧孔/短尾
	2516	862	C03270408902011	骨科材料	小儿矫形系统	胸腰椎后路椎弓根螺钉	089	内固定材料	02	钴铬钼合金	011	皮质骨螺纹/无侧孔/长尾
	2517	863	C03270408902012	骨科材料	小儿矫形系统	胸腰椎后路椎弓根螺钉	089	内固定材料	02	钴铬钼合金	012	皮质骨螺纹/无侧孔/短尾
	2518	864	C03270408902013	骨科材料	小儿矫形系统	胸腰椎后路椎弓根螺钉	089	内固定材料	02	钴铬钼合金	013	双螺纹/有侧孔/长尾
	2519	865	C03270408902014	骨科材料	小儿矫形系统	胸腰椎后路椎弓根螺钉	089	内固定材料	02	钴铬钼合金	014	双螺纹/有侧孔/短尾
	2520	866	C03270408902015	骨科材料	小儿矫形系统	胸腰椎后路椎弓根螺钉	089	内固定材料	02	钴铬钼合金	015	双螺纹/无侧孔/长尾
	2521	867	C03270408902016	骨科材料	小儿矫形系统	胸腰椎后路椎弓根螺钉	089	内固定材料	02	钴铬钼合金	016	双螺纹/无侧孔/短尾
	2522	868	C03270508901001	骨科材料	小儿矫形系统	胸腰椎后路椎弓根螺帽	089	内固定材料	01	纯钛	001	单锁
	2523	869	C03270508901002	骨科材料	小儿矫形系统	胸腰椎后路椎弓根螺帽	089	内固定材料	01	纯钛	002	双锁
	2524	870	C03270508902001	骨科材料	小儿矫形系统	胸腰椎后路椎弓根螺帽	089	内固定材料	02	钛合金	001	单锁
	2525	871	C03270508902002	骨科材料	小儿矫形系统	胸腰椎后路椎弓根螺帽	089	内固定材料	02	钛合金	002	双锁
	2526	872	C03270608901000	骨科材料	小儿矫形系统	胸腰椎后路螺钉	089	内固定材料	01	钛合金	000	常规
	2527	873	C03270608902000	骨科材料	小儿矫形系统	胸腰椎后路螺钉	089	内固定材料	02	钴铬钼合金	000	常规
	2528	874	C03270708901000	骨科材料	小儿矫形系统	胸腰椎后路螺帽	089	内固定材料	01	纯钛	000	常规
	2529	875	C03270708902000	骨科材料	小儿矫形系统	胸腰椎后路螺帽	089	内固定材料	02	钛合金	000	常规
	2530	876	C03270808901001	骨科材料	小儿矫形系统	腰椎后路横连	089	内固定材料	01	纯钛	001	一体化/灭菌
	2531	877	C03270808901002	骨科材料	小儿矫形系统	腰椎后路横连	089	内固定材料	01	纯钛	002	一体化/非灭菌
	2532	878	C03270808901003	骨科材料	小儿矫形系统	腰椎后路横连	089	内固定材料	01	纯钛	003	非一体化/灭菌
	2533	879	C03270808901004	骨科材料	小儿矫形系统	腰椎后路横连	089	内固定材料	01	纯钛	004	非一体化/非灭菌
	2534	880	C03270808902001	骨科材料	小儿矫形系统	腰椎后路横连	089	内固定材料	02	钛合金	001	一体化/灭菌
	2535	881	C03270808902002	骨科材料	小儿矫形系统	腰椎后路横连	089	内固定材料	02	钛合金	002	一体化/非灭菌
	2536	882	C03270808902003	骨科材料	小儿矫形系统	腰椎后路横连	089	内固定材料	02	钛合金	003	非一体化/灭菌
	2537	883	C03270808902004	骨科材料	小儿矫形系统	腰椎后路横连	089	内固定材料	02	钛合金	004	非一体化/非灭菌
	2538	884	C03270908900001	骨科材料	小儿矫形系统	胸腰椎后路关节突融合器	089	内固定材料	00	不区分	001	灭菌
	2539	885	C03270908900002	骨科材料	小儿矫形系统	胸腰椎后路关节突融合器	089	内固定材料	00	不区分	002	非灭菌
	2540	886	C03271008900000	骨科材料	小儿矫形系统	胸腰椎后路小儿矫形系统其他部件	089	内固定材料	00	不区分	000	其他
	2541	887	C03271009000002	骨科材料	小儿矫形系统	胸腰椎后路小儿矫形系统其他部件	090	垫片	00	不区分	002	垫片
	2542	888	C03271023800001	骨科材料	小儿矫形系统	胸腰椎后路小儿矫形系统其他部件	238	连接器	00	不区分	001	连接器
	2543	889	C03280108901001	骨科材料	骶髂固定系统	骶髂固定板	089	内固定材料	01	纯钛	001	灭菌
	2544	890	C03280108901002	骨科材料	骶髂固定系统	骶髂固定板	089	内固定材料	01	纯钛	002	非灭菌
	2545	891	C03280108902001	骨科材料	骶髂固定系统	骶髂固定板	089	内固定材料	02	钛合金	001	灭菌
	2546	892	C03280108902002	骨科材料	骶髂固定系统	骶髂固定板	089	内固定材料	02	钛合金	002	非灭菌
	2547	893	C03280108903001	骨科材料	骶髂固定系统	骶髂固定板	089	内固定材料	03	钴铬钼合金	001	灭菌
	2548	894	C03280108903002	骨科材料	骶髂固定系统	骶髂固定板	089	内固定材料	03	钴铬钼合金	002	非灭菌
	2549	895	C03280208901001	骨科材料	骶髂固定系统	骶髂侧方连接器	089	内固定材料	01	纯钛	001	灭菌
	2550	896	C03280208901002	骨科材料	骶髂固定系统	骶髂侧方连接器	089	内固定材料	01	纯钛	002	非灭菌
	2551	897	C03280208902001	骨科材料	骶髂固定系统	骶髂侧方连接器	089	内固定材料	02	钛合金	001	灭菌
	2552	898	C03280208902002	骨科材料	骶髂固定系统	骶髂侧方连接器	089	内固定材料	02	钛合金	002	非灭菌
	2553	899	C03280308901001	骨科材料	骶髂固定系统	骶髂骨螺钉	089	内固定材料	01	纯钛	001	全螺纹螺钉/闭口/灭菌
	2554	900	C03280308901002	骨科材料	骶髂固定系统	骶髂骨螺钉	089	内固定材料	01	纯钛	002	全螺纹螺钉/闭口/非灭菌
	2555	901	C03280308901003	骨科材料	骶髂固定系统	骶髂骨螺钉	089	内固定材料	01	纯钛	003	全螺纹螺钉/开口/灭菌
	2556	902	C03280308901004	骨科材料	骶髂固定系统	骶髂骨螺钉	089	内固定材料	01	纯钛	004	全螺纹螺钉/开口/非灭菌
	2557	903	C03280308901005	骨科材料	骶髂固定系统	骶髂骨螺钉	089	内固定材料	01	纯钛	005	半螺纹螺钉/闭口/灭菌
	2558	904	C03280308901006	骨科材料	骶髂固定系统	骶髂骨螺钉	089	内固定材料	01	纯钛	006	半螺纹螺钉/闭口/非灭菌
	2559	905	C03280308901007	骨科材料	骶髂固定系统	骶髂骨螺钉	089	内固定材料	01	纯钛	007	半螺纹螺钉/开口/灭菌
	2560	906	C03280308901008	骨科材料	骶髂固定系统	骶髂骨螺钉	089	内固定材料	01	纯钛	008	半螺纹螺钉/开口/非灭菌
	2561	907	C03280308902001	骨科材料	骶髂固定系统	骶髂骨螺钉	089	内固定材料	02	钛合金	001	全螺纹螺钉/闭口/灭菌
	2562	908	C03280308902002	骨科材料	骶髂固定系统	骶髂骨螺钉	089	内固定材料	02	钛合金	002	全螺纹螺钉/闭口/非灭菌
	2563	909	C03280308902003	骨科材料	骶髂固定系统	骶髂骨螺钉	089	内固定材料	02	钛合金	003	全螺纹螺钉/开口/灭菌
	2564	910	C03280308902004	骨科材料	骶髂固定系统	骶髂骨螺钉	089	内固定材料	02	钛合金	004	全螺纹螺钉/开口/非灭菌
	2565	911	C03280308902005	骨科材料	骶髂固定系统	骶髂骨螺钉	089	内固定材料	02	钛合金	005	半螺纹螺钉/闭口/灭菌
	2566	912	C03280308902006	骨科材料	骶髂固定系统	骶髂骨螺钉	089	内固定材料	02	钛合金	006	半螺纹螺钉/闭口/非灭菌
	2567	913	C03280308902007	骨科材料	骶髂固定系统	骶髂骨螺钉	089	内固定材料	02	钛合金	007	半螺纹螺钉/开口/灭菌
	2568	914	C03280308902008	骨科材料	骶髂固定系统	骶髂骨螺钉	089	内固定材料	02	钛合金	008	半螺纹螺钉/开口/非灭菌
	2569	915	C03280408901001	骨科材料	骶髂固定系统	连接器	089	内固定材料	01	纯钛	001	灭菌
	2570	916	C03280408901002	骨科材料	骶髂固定系统	连接器	089	内固定材料	01	纯钛	002	非灭菌
	2571	917	C03280408902001	骨科材料	骶髂固定系统	连接器	089	内固定材料	02	钛合金	001	灭菌
	2572	918	C03280408902002	骨科材料	骶髂固定系统	连接器	089	内固定材料	02	钛合金	002	非灭菌
	2573	919	C03280508901000	骨科材料	骶髂固定系统	骶髂固定系统其他部件	089	内固定材料	01	纯钛	000	常规
	2574	920	C03280508902000	骨科材料	骶髂固定系统	骶髂固定系统其他部件	089	内固定材料	02	钛合金	000	常规
	2575	921	C03290109701001	骨科材料	脊柱固定融合系统	胸腰椎融合器	097	融合器	01	聚醚醚酮（PEEK）	001	前路/有前凸角/灭菌
	2576	922	C03290109701002	骨科材料	脊柱固定融合系统	胸腰椎融合器	097	融合器	01	聚醚醚酮（PEEK）	002	前路/有前凸角/非灭菌
	2577	923	C03290109701003	骨科材料	脊柱固定融合系统	胸腰椎融合器	097	融合器	01	聚醚醚酮（PEEK）	003	前路/无前凸角/灭菌
	2578	924	C03290109701004	骨科材料	脊柱固定融合系统	胸腰椎融合器	097	融合器	01	聚醚醚酮（PEEK）	004	前路/无前凸角/非灭菌
	2579	925	C03290109701005	骨科材料	脊柱固定融合系统	胸腰椎融合器	097	融合器	01	聚醚醚酮（PEEK）	005	后路/有前凸角/灭菌
	2580	926	C03290109701006	骨科材料	脊柱固定融合系统	胸腰椎融合器	097	融合器	01	聚醚醚酮（PEEK）	006	后路/有前凸角/非灭菌
	2581	927	C03290109701007	骨科材料	脊柱固定融合系统	胸腰椎融合器	097	融合器	01	聚醚醚酮（PEEK）	007	后路/无前凸角/灭菌
	2582	928	C03290109701008	骨科材料	脊柱固定融合系统	胸腰椎融合器	097	融合器	01	聚醚醚酮（PEEK）	008	后路/无前凸角/非灭菌
	2583	929	C03290109701009	骨科材料	脊柱固定融合系统	胸腰椎融合器	097	融合器	01	聚醚醚酮（PEEK）	009	侧路/有前凸角/灭菌
	2584	930	C03290109701010	骨科材料	脊柱固定融合系统	胸腰椎融合器	097	融合器	01	聚醚醚酮（PEEK）	010	侧路/有前凸角/非灭菌
	2585	931	C03290109701011	骨科材料	脊柱固定融合系统	胸腰椎融合器	097	融合器	01	聚醚醚酮（PEEK）	011	侧路/无前凸角/灭菌
	2586	932	C03290109701012	骨科材料	脊柱固定融合系统	胸腰椎融合器	097	融合器	01	聚醚醚酮（PEEK）	012	侧路/无前凸角/非灭菌
	2587	933	C03290109702001	骨科材料	脊柱固定融合系统	胸腰椎融合器	097	融合器	02	碳纤维增强复合材料（CFRP）	001	前路/有前凸角/灭菌
	2588	934	C03290109702002	骨科材料	脊柱固定融合系统	胸腰椎融合器	097	融合器	02	碳纤维增强复合材料（CFRP）	002	前路/有前凸角/非灭菌
	2589	935	C03290109702003	骨科材料	脊柱固定融合系统	胸腰椎融合器	097	融合器	02	碳纤维增强复合材料（CFRP）	003	前路/无前凸角/灭菌
	2590	936	C03290109702004	骨科材料	脊柱固定融合系统	胸腰椎融合器	097	融合器	02	碳纤维增强复合材料（CFRP）	004	前路/无前凸角/非灭菌
	2591	937	C03290109702005	骨科材料	脊柱固定融合系统	胸腰椎融合器	097	融合器	02	碳纤维增强复合材料（CFRP）	005	后路/有前凸角/灭菌
	2592	938	C03290109702006	骨科材料	脊柱固定融合系统	胸腰椎融合器	097	融合器	02	碳纤维增强复合材料（CFRP）	006	后路/有前凸角/非灭菌
	2593	939	C03290109702007	骨科材料	脊柱固定融合系统	胸腰椎融合器	097	融合器	02	碳纤维增强复合材料（CFRP）	007	后路/无前凸角/灭菌
	2594	940	C03290109702008	骨科材料	脊柱固定融合系统	胸腰椎融合器	097	融合器	02	碳纤维增强复合材料（CFRP）	008	后路/无前凸角/非灭菌
	2595	941	C03290109702009	骨科材料	脊柱固定融合系统	胸腰椎融合器	097	融合器	02	碳纤维增强复合材料（CFRP）	009	侧路/有前凸角/灭菌
	2596	942	C03290109702010	骨科材料	脊柱固定融合系统	胸腰椎融合器	097	融合器	02	碳纤维增强复合材料（CFRP）	010	侧路/有前凸角/非灭菌
	2597	943	C03290109702011	骨科材料	脊柱固定融合系统	胸腰椎融合器	097	融合器	02	碳纤维增强复合材料（CFRP）	011	侧路/无前凸角/灭菌
	2598	944	C03290109702012	骨科材料	脊柱固定融合系统	胸腰椎融合器	097	融合器	02	碳纤维增强复合材料（CFRP）	012	侧路/无前凸角/非灭菌
	2599	945	C03290109703001	骨科材料	脊柱固定融合系统	胸腰椎融合器	097	融合器	03	纯钛	001	前路/有前凸角/灭菌
	2600	946	C03290109703002	骨科材料	脊柱固定融合系统	胸腰椎融合器	097	融合器	03	纯钛	002	前路/有前凸角/非灭菌
	2601	947	C03290109703003	骨科材料	脊柱固定融合系统	胸腰椎融合器	097	融合器	03	纯钛	003	前路/无前凸角/灭菌
	2602	948	C03290109703004	骨科材料	脊柱固定融合系统	胸腰椎融合器	097	融合器	03	纯钛	004	前路/无前凸角/非灭菌
	2603	949	C03290109703005	骨科材料	脊柱固定融合系统	胸腰椎融合器	097	融合器	03	纯钛	005	后路/有前凸角/灭菌
	2604	950	C03290109703006	骨科材料	脊柱固定融合系统	胸腰椎融合器	097	融合器	03	纯钛	006	后路/有前凸角/非灭菌
	2605	951	C03290109703007	骨科材料	脊柱固定融合系统	胸腰椎融合器	097	融合器	03	纯钛	007	后路/无前凸角/灭菌
	2606	952	C03290109703008	骨科材料	脊柱固定融合系统	胸腰椎融合器	097	融合器	03	纯钛	008	后路/无前凸角/非灭菌
	2607	953	C03290109703009	骨科材料	脊柱固定融合系统	胸腰椎融合器	097	融合器	03	纯钛	009	侧路/有前凸角/灭菌
	2608	954	C03290109703010	骨科材料	脊柱固定融合系统	胸腰椎融合器	097	融合器	03	纯钛	010	侧路/有前凸角/非灭菌
	2609	955	C03290109703011	骨科材料	脊柱固定融合系统	胸腰椎融合器	097	融合器	03	纯钛	011	侧路/无前凸角/灭菌
	2610	956	C03290109703012	骨科材料	脊柱固定融合系统	胸腰椎融合器	097	融合器	03	纯钛	012	侧路/无前凸角/非灭菌
	2611	957	C03290109704001	骨科材料	脊柱固定融合系统	胸腰椎融合器	097	融合器	04	钛合金	001	前路/有前凸角/灭菌
	2612	958	C03290109704002	骨科材料	脊柱固定融合系统	胸腰椎融合器	097	融合器	04	钛合金	002	前路/有前凸角/非灭菌
	2613	959	C03290109704003	骨科材料	脊柱固定融合系统	胸腰椎融合器	097	融合器	04	钛合金	003	前路/无前凸角/灭菌
	2614	960	C03290109704004	骨科材料	脊柱固定融合系统	胸腰椎融合器	097	融合器	04	钛合金	004	前路/无前凸角/非灭菌
	2615	961	C03290109704005	骨科材料	脊柱固定融合系统	胸腰椎融合器	097	融合器	04	钛合金	005	后路/有前凸角/灭菌
	2616	962	C03290109704006	骨科材料	脊柱固定融合系统	胸腰椎融合器	097	融合器	04	钛合金	006	后路/有前凸角/非灭菌
	2617	963	C03290109704007	骨科材料	脊柱固定融合系统	胸腰椎融合器	097	融合器	04	钛合金	007	后路/无前凸角/灭菌
	2618	964	C03290109704008	骨科材料	脊柱固定融合系统	胸腰椎融合器	097	融合器	04	钛合金	008	后路/无前凸角/非灭菌
	2619	965	C03290109704009	骨科材料	脊柱固定融合系统	胸腰椎融合器	097	融合器	04	钛合金	009	侧路/有前凸角/灭菌
	2620	966	C03290109704010	骨科材料	脊柱固定融合系统	胸腰椎融合器	097	融合器	04	钛合金	010	侧路/有前凸角/非灭菌
	2621	967	C03290109704011	骨科材料	脊柱固定融合系统	胸腰椎融合器	097	融合器	04	钛合金	011	侧路/无前凸角/灭菌
	2622	968	C03290109704012	骨科材料	脊柱固定融合系统	胸腰椎融合器	097	融合器	04	钛合金	012	侧路/无前凸角/非灭菌
	2623	969	C03290109705001	骨科材料	脊柱固定融合系统	胸腰椎融合器	097	融合器	05	钴铬钼合金	001	前路/有前凸角/灭菌
	2624	970	C03290109705002	骨科材料	脊柱固定融合系统	胸腰椎融合器	097	融合器	05	钴铬钼合金	002	前路/有前凸角/非灭菌
	2625	971	C03290109705003	骨科材料	脊柱固定融合系统	胸腰椎融合器	097	融合器	05	钴铬钼合金	003	前路/无前凸角/灭菌
	2626	972	C03290109705004	骨科材料	脊柱固定融合系统	胸腰椎融合器	097	融合器	05	钴铬钼合金	004	前路/无前凸角/非灭菌
	2627	973	C03290109705005	骨科材料	脊柱固定融合系统	胸腰椎融合器	097	融合器	05	钴铬钼合金	005	后路/有前凸角/灭菌
	2628	974	C03290109705006	骨科材料	脊柱固定融合系统	胸腰椎融合器	097	融合器	05	钴铬钼合金	006	后路/有前凸角/非灭菌
	2629	975	C03290109705007	骨科材料	脊柱固定融合系统	胸腰椎融合器	097	融合器	05	钴铬钼合金	007	后路/无前凸角/灭菌
	2630	976	C03290109705008	骨科材料	脊柱固定融合系统	胸腰椎融合器	097	融合器	05	钴铬钼合金	008	后路/无前凸角/非灭菌
	2631	977	C03290109705009	骨科材料	脊柱固定融合系统	胸腰椎融合器	097	融合器	05	钴铬钼合金	009	侧路/有前凸角/灭菌
	2632	978	C03290109705010	骨科材料	脊柱固定融合系统	胸腰椎融合器	097	融合器	05	钴铬钼合金	010	侧路/有前凸角/非灭菌
	2633	979	C03290109705011	骨科材料	脊柱固定融合系统	胸腰椎融合器	097	融合器	05	钴铬钼合金	011	侧路/无前凸角/灭菌
	2634	980	C03290109705012	骨科材料	脊柱固定融合系统	胸腰椎融合器	097	融合器	05	钴铬钼合金	012	侧路/无前凸角/非灭菌
	2635	981	C03290109706001	骨科材料	脊柱固定融合系统	胸腰椎融合器	097	融合器	06	钽金属	001	前路/有前凸角/灭菌
	2636	982	C03290109706002	骨科材料	脊柱固定融合系统	胸腰椎融合器	097	融合器	06	钽金属	002	前路/有前凸角/非灭菌
	2637	983	C03290109706003	骨科材料	脊柱固定融合系统	胸腰椎融合器	097	融合器	06	钽金属	003	前路/无前凸角/灭菌
	2638	984	C03290109706004	骨科材料	脊柱固定融合系统	胸腰椎融合器	097	融合器	06	钽金属	004	前路/无前凸角/非灭菌
	2639	985	C03290109706005	骨科材料	脊柱固定融合系统	胸腰椎融合器	097	融合器	06	钽金属	005	后路/有前凸角/灭菌
	2640	986	C03290109706006	骨科材料	脊柱固定融合系统	胸腰椎融合器	097	融合器	06	钽金属	006	后路/有前凸角/非灭菌
	2641	987	C03290109706007	骨科材料	脊柱固定融合系统	胸腰椎融合器	097	融合器	06	钽金属	007	后路/无前凸角/灭菌
	2642	988	C03290109706008	骨科材料	脊柱固定融合系统	胸腰椎融合器	097	融合器	06	钽金属	008	后路/无前凸角/非灭菌
	2643	989	C03290109706009	骨科材料	脊柱固定融合系统	胸腰椎融合器	097	融合器	06	钽金属	009	侧路/有前凸角/灭菌
	2644	990	C03290109706010	骨科材料	脊柱固定融合系统	胸腰椎融合器	097	融合器	06	钽金属	010	侧路/有前凸角/非灭菌
	2645	991	C03290109706011	骨科材料	脊柱固定融合系统	胸腰椎融合器	097	融合器	06	钽金属	011	侧路/无前凸角/灭菌
	2646	992	C03290109706012	骨科材料	脊柱固定融合系统	胸腰椎融合器	097	融合器	06	钽金属	012	侧路/无前凸角/非灭菌
	2647	993	C03290109707001	骨科材料	脊柱固定融合系统	胸腰椎融合器	097	融合器	07	钛涂层	001	前路/有前凸角/灭菌
	2648	994	C03290109707002	骨科材料	脊柱固定融合系统	胸腰椎融合器	097	融合器	07	钛涂层	002	前路/有前凸角/非灭菌
	2649	995	C03290109707003	骨科材料	脊柱固定融合系统	胸腰椎融合器	097	融合器	07	钛涂层	003	前路/无前凸角/灭菌
	2650	996	C03290109707004	骨科材料	脊柱固定融合系统	胸腰椎融合器	097	融合器	07	钛涂层	004	前路/无前凸角/非灭菌
	2651	997	C03290109707005	骨科材料	脊柱固定融合系统	胸腰椎融合器	097	融合器	07	钛涂层	005	后路/有前凸角/灭菌
	2652	998	C03290109707006	骨科材料	脊柱固定融合系统	胸腰椎融合器	097	融合器	07	钛涂层	006	后路/有前凸角/非灭菌
	2653	999	C03290109707007	骨科材料	脊柱固定融合系统	胸腰椎融合器	097	融合器	07	钛涂层	007	后路/无前凸角/灭菌
	2654	1000	C03290109707008	骨科材料	脊柱固定融合系统	胸腰椎融合器	097	融合器	07	钛涂层	008	后路/无前凸角/非灭菌
	2655	1001	C03290109707009	骨科材料	脊柱固定融合系统	胸腰椎融合器	097	融合器	07	钛涂层	009	侧路/有前凸角/灭菌
	2656	1002	C03290109707010	骨科材料	脊柱固定融合系统	胸腰椎融合器	097	融合器	07	钛涂层	010	侧路/有前凸角/非灭菌
	2657	1003	C03290109707011	骨科材料	脊柱固定融合系统	胸腰椎融合器	097	融合器	07	钛涂层	011	侧路/无前凸角/灭菌
	2658	1004	C03290109707012	骨科材料	脊柱固定融合系统	胸腰椎融合器	097	融合器	07	钛涂层	012	侧路/无前凸角/非灭菌
	2659	1005	C03290209701001	骨科材料	脊柱固定融合系统	颈椎融合器	097	融合器	01	聚醚醚酮（PEEK）	001	有前凸角/带人工骨/灭菌
	2660	1006	C03290209701002	骨科材料	脊柱固定融合系统	颈椎融合器	097	融合器	01	聚醚醚酮（PEEK）	002	有前凸角/带人工骨/非灭菌
	2661	1007	C03290209701003	骨科材料	脊柱固定融合系统	颈椎融合器	097	融合器	01	聚醚醚酮（PEEK）	003	有前凸角/不带人工骨/灭菌
	2662	1008	C03290209701004	骨科材料	脊柱固定融合系统	颈椎融合器	097	融合器	01	聚醚醚酮（PEEK）	004	有前凸角/不带人工骨/非灭菌
	2663	1009	C03290209701005	骨科材料	脊柱固定融合系统	颈椎融合器	097	融合器	01	聚醚醚酮（PEEK）	005	无前凸角/带人工骨/灭菌
	2664	1010	C03290209701006	骨科材料	脊柱固定融合系统	颈椎融合器	097	融合器	01	聚醚醚酮（PEEK）	006	无前凸角/带人工骨/非灭菌
	2665	1011	C03290209701007	骨科材料	脊柱固定融合系统	颈椎融合器	097	融合器	01	聚醚醚酮（PEEK）	007	无前凸角/不带人工骨/灭菌
	2666	1012	C03290209701008	骨科材料	脊柱固定融合系统	颈椎融合器	097	融合器	01	聚醚醚酮（PEEK）	008	无前凸角/不带人工骨/非灭菌
	2667	1013	C03290209702001	骨科材料	脊柱固定融合系统	颈椎融合器	097	融合器	02	碳纤维增强复合材料（CFRP）	001	有前凸角/带人工骨/灭菌
	2668	1014	C03290209702002	骨科材料	脊柱固定融合系统	颈椎融合器	097	融合器	02	碳纤维增强复合材料（CFRP）	002	有前凸角/带人工骨/非灭菌
	2669	1015	C03290209702003	骨科材料	脊柱固定融合系统	颈椎融合器	097	融合器	02	碳纤维增强复合材料（CFRP）	003	有前凸角/不带人工骨/灭菌
	2670	1016	C03290209702004	骨科材料	脊柱固定融合系统	颈椎融合器	097	融合器	02	碳纤维增强复合材料（CFRP）	004	有前凸角/不带人工骨/非灭菌
	2671	1017	C03290209702005	骨科材料	脊柱固定融合系统	颈椎融合器	097	融合器	02	碳纤维增强复合材料（CFRP）	005	无前凸角/带人工骨/灭菌
	2672	1018	C03290209702006	骨科材料	脊柱固定融合系统	颈椎融合器	097	融合器	02	碳纤维增强复合材料（CFRP）	006	无前凸角/带人工骨/非灭菌
	2673	1019	C03290209702007	骨科材料	脊柱固定融合系统	颈椎融合器	097	融合器	02	碳纤维增强复合材料（CFRP）	007	无前凸角/不带人工骨/灭菌
	2674	1020	C03290209702008	骨科材料	脊柱固定融合系统	颈椎融合器	097	融合器	02	碳纤维增强复合材料（CFRP）	008	无前凸角/不带人工骨/非灭菌
	2675	1021	C03290209703001	骨科材料	脊柱固定融合系统	颈椎融合器	097	融合器	03	纯钛	001	有前凸角/带人工骨/灭菌
	2676	1022	C03290209703002	骨科材料	脊柱固定融合系统	颈椎融合器	097	融合器	03	纯钛	002	有前凸角/带人工骨/非灭菌
	2677	1023	C03290209703003	骨科材料	脊柱固定融合系统	颈椎融合器	097	融合器	03	纯钛	003	有前凸角/不带人工骨/灭菌
	2678	1024	C03290209703004	骨科材料	脊柱固定融合系统	颈椎融合器	097	融合器	03	纯钛	004	有前凸角/不带人工骨/非灭菌
	2679	1025	C03290209703005	骨科材料	脊柱固定融合系统	颈椎融合器	097	融合器	03	纯钛	005	无前凸角/带人工骨/灭菌
	2680	1026	C03290209703006	骨科材料	脊柱固定融合系统	颈椎融合器	097	融合器	03	纯钛	006	无前凸角/带人工骨/非灭菌
	2681	1027	C03290209703007	骨科材料	脊柱固定融合系统	颈椎融合器	097	融合器	03	纯钛	007	无前凸角/不带人工骨/灭菌
	2682	1028	C03290209703008	骨科材料	脊柱固定融合系统	颈椎融合器	097	融合器	03	纯钛	008	无前凸角/不带人工骨/非灭菌
	2683	1029	C03290209704001	骨科材料	脊柱固定融合系统	颈椎融合器	097	融合器	04	钛合金	001	有前凸角/带人工骨/灭菌
	2684	1030	C03290209704002	骨科材料	脊柱固定融合系统	颈椎融合器	097	融合器	04	钛合金	002	有前凸角/带人工骨/非灭菌
	2685	1031	C03290209704003	骨科材料	脊柱固定融合系统	颈椎融合器	097	融合器	04	钛合金	003	有前凸角/不带人工骨/灭菌
	2686	1032	C03290209704004	骨科材料	脊柱固定融合系统	颈椎融合器	097	融合器	04	钛合金	004	有前凸角/不带人工骨/非灭菌
	2687	1033	C03290209704005	骨科材料	脊柱固定融合系统	颈椎融合器	097	融合器	04	钛合金	005	无前凸角/带人工骨/灭菌
	2688	1034	C03290209704006	骨科材料	脊柱固定融合系统	颈椎融合器	097	融合器	04	钛合金	006	无前凸角/带人工骨/非灭菌
	2689	1035	C03290209704007	骨科材料	脊柱固定融合系统	颈椎融合器	097	融合器	04	钛合金	007	无前凸角/不带人工骨/灭菌
	2690	1036	C03290209704008	骨科材料	脊柱固定融合系统	颈椎融合器	097	融合器	04	钛合金	008	无前凸角/不带人工骨/非灭菌
	2691	1037	C03290209705001	骨科材料	脊柱固定融合系统	颈椎融合器	097	融合器	05	钴铬钼合金	001	有前凸角/带人工骨/灭菌
	2692	1038	C03290209705002	骨科材料	脊柱固定融合系统	颈椎融合器	097	融合器	05	钴铬钼合金	002	有前凸角/带人工骨/非灭菌
	2693	1039	C03290209705003	骨科材料	脊柱固定融合系统	颈椎融合器	097	融合器	05	钴铬钼合金	003	有前凸角/不带人工骨/灭菌
	2694	1040	C03290209705004	骨科材料	脊柱固定融合系统	颈椎融合器	097	融合器	05	钴铬钼合金	004	有前凸角/不带人工骨/非灭菌
	2695	1041	C03290209705005	骨科材料	脊柱固定融合系统	颈椎融合器	097	融合器	05	钴铬钼合金	005	无前凸角/带人工骨/灭菌
	2696	1042	C03290209705006	骨科材料	脊柱固定融合系统	颈椎融合器	097	融合器	05	钴铬钼合金	006	无前凸角/带人工骨/非灭菌
	2697	1043	C03290209705007	骨科材料	脊柱固定融合系统	颈椎融合器	097	融合器	05	钴铬钼合金	007	无前凸角/不带人工骨/灭菌
	2698	1044	C03290209705008	骨科材料	脊柱固定融合系统	颈椎融合器	097	融合器	05	钴铬钼合金	008	无前凸角/不带人工骨/非灭菌
	2699	1045	C03290209706001	骨科材料	脊柱固定融合系统	颈椎融合器	097	融合器	06	钽金属	001	有前凸角/带人工骨/灭菌
	2700	1046	C03290209706002	骨科材料	脊柱固定融合系统	颈椎融合器	097	融合器	06	钽金属	002	有前凸角/带人工骨/非灭菌
	2701	1047	C03290209706003	骨科材料	脊柱固定融合系统	颈椎融合器	097	融合器	06	钽金属	003	有前凸角/不带人工骨/灭菌
	2702	1048	C03290209706004	骨科材料	脊柱固定融合系统	颈椎融合器	097	融合器	06	钽金属	004	有前凸角/不带人工骨/非灭菌
	2703	1049	C03290209706005	骨科材料	脊柱固定融合系统	颈椎融合器	097	融合器	06	钽金属	005	无前凸角/带人工骨/灭菌
	2704	1050	C03290209706006	骨科材料	脊柱固定融合系统	颈椎融合器	097	融合器	06	钽金属	006	无前凸角/带人工骨/非灭菌
	2705	1051	C03290209706007	骨科材料	脊柱固定融合系统	颈椎融合器	097	融合器	06	钽金属	007	无前凸角/不带人工骨/灭菌
	2706	1052	C03290209706008	骨科材料	脊柱固定融合系统	颈椎融合器	097	融合器	06	钽金属	008	无前凸角/不带人工骨/非灭菌
	2707	1053	C03290209707001	骨科材料	脊柱固定融合系统	颈椎融合器	097	融合器	07	钛涂层	001	有前凸角/带人工骨/灭菌
	2708	1054	C03290209707002	骨科材料	脊柱固定融合系统	颈椎融合器	097	融合器	07	钛涂层	002	有前凸角/带人工骨/非灭菌
	2709	1055	C03290209707003	骨科材料	脊柱固定融合系统	颈椎融合器	097	融合器	07	钛涂层	003	有前凸角/不带人工骨/灭菌
	2710	1056	C03290209707004	骨科材料	脊柱固定融合系统	颈椎融合器	097	融合器	07	钛涂层	004	有前凸角/不带人工骨/非灭菌
	2711	1057	C03290209707005	骨科材料	脊柱固定融合系统	颈椎融合器	097	融合器	07	钛涂层	005	无前凸角/带人工骨/灭菌
	2712	1058	C03290209707006	骨科材料	脊柱固定融合系统	颈椎融合器	097	融合器	07	钛涂层	006	无前凸角/带人工骨/非灭菌
	2713	1059	C03290209707007	骨科材料	脊柱固定融合系统	颈椎融合器	097	融合器	07	钛涂层	007	无前凸角/不带人工骨/灭菌
	2714	1060	C03290209707008	骨科材料	脊柱固定融合系统	颈椎融合器	097	融合器	07	钛涂层	008	无前凸角/不带人工骨/非灭菌
	2715	1061	C03290309700001	骨科材料	脊柱固定融合系统	3D打印椎间融合器	097	融合器	00	不区分	001	胸腰椎
	2716	1062	C03290309700002	骨科材料	脊柱固定融合系统	3D打印椎间融合器	097	融合器	00	不区分	002	颈椎
	2717	1063	C03290409700000	骨科材料	脊柱固定融合系统	关节突融合器	097	融合器	00	不区分	000	常规
	2718	1064	C03290509801001	骨科材料	脊柱固定融合系统	胸腰椎人工椎体	098	人工椎体	01	纯钛	001	高度可调节/灭菌
	2719	1065	C03290509801002	骨科材料	脊柱固定融合系统	胸腰椎人工椎体	098	人工椎体	01	纯钛	002	高度可调节/非灭菌
	2720	1066	C03290509801003	骨科材料	脊柱固定融合系统	胸腰椎人工椎体	098	人工椎体	01	纯钛	003	高度固定/灭菌
	2721	1067	C03290509801004	骨科材料	脊柱固定融合系统	胸腰椎人工椎体	098	人工椎体	01	纯钛	004	高度固定/非灭菌
	2722	1068	C03290509802001	骨科材料	脊柱固定融合系统	胸腰椎人工椎体	098	人工椎体	02	钛合金	001	高度可调节/灭菌
	2723	1069	C03290509802002	骨科材料	脊柱固定融合系统	胸腰椎人工椎体	098	人工椎体	02	钛合金	002	高度可调节/非灭菌
	2724	1070	C03290509802003	骨科材料	脊柱固定融合系统	胸腰椎人工椎体	098	人工椎体	02	钛合金	003	高度固定/灭菌
	2725	1071	C03290509802004	骨科材料	脊柱固定融合系统	胸腰椎人工椎体	098	人工椎体	02	钛合金	004	高度固定/非灭菌
	2726	1072	C03290509803001	骨科材料	脊柱固定融合系统	胸腰椎人工椎体	098	人工椎体	03	钴铬钼合金	001	高度可调节/灭菌
	2727	1073	C03290509803002	骨科材料	脊柱固定融合系统	胸腰椎人工椎体	098	人工椎体	03	钴铬钼合金	002	高度可调节/非灭菌
	2728	1074	C03290509803003	骨科材料	脊柱固定融合系统	胸腰椎人工椎体	098	人工椎体	03	钴铬钼合金	003	高度固定/灭菌
	2729	1075	C03290509803004	骨科材料	脊柱固定融合系统	胸腰椎人工椎体	098	人工椎体	03	钴铬钼合金	004	高度固定/非灭菌
	2730	1076	C03290509804001	骨科材料	脊柱固定融合系统	胸腰椎人工椎体	098	人工椎体	04	聚醚醚酮（PEEK）	001	高度可调节/灭菌
	2731	1077	C03290509804002	骨科材料	脊柱固定融合系统	胸腰椎人工椎体	098	人工椎体	04	聚醚醚酮（PEEK）	002	高度可调节/非灭菌
	2732	1078	C03290509804003	骨科材料	脊柱固定融合系统	胸腰椎人工椎体	098	人工椎体	04	聚醚醚酮（PEEK）	003	高度固定/灭菌
	2733	1079	C03290509804004	骨科材料	脊柱固定融合系统	胸腰椎人工椎体	098	人工椎体	04	聚醚醚酮（PEEK）	004	高度固定/非灭菌
	2734	1080	C03290509805001	骨科材料	脊柱固定融合系统	胸腰椎人工椎体	098	人工椎体	05	钽金属	001	高度可调节/灭菌
	2735	1081	C03290509805002	骨科材料	脊柱固定融合系统	胸腰椎人工椎体	098	人工椎体	05	钽金属	002	高度可调节/非灭菌
	2736	1082	C03290509805003	骨科材料	脊柱固定融合系统	胸腰椎人工椎体	098	人工椎体	05	钽金属	003	高度固定/灭菌
	2737	1083	C03290509805004	骨科材料	脊柱固定融合系统	胸腰椎人工椎体	098	人工椎体	05	钽金属	004	高度固定/非灭菌
	2738	1084	C03290609801001	骨科材料	脊柱固定融合系统	颈椎人工椎体	098	人工椎体	01	钛合金	001	高度可调节/灭菌
	2739	1085	C03290609801002	骨科材料	脊柱固定融合系统	颈椎人工椎体	098	人工椎体	01	钛合金	002	高度可调节/非灭菌
	2740	1086	C03290609801003	骨科材料	脊柱固定融合系统	颈椎人工椎体	098	人工椎体	01	钛合金	003	高度固定/灭菌
	2741	1087	C03290609801004	骨科材料	脊柱固定融合系统	颈椎人工椎体	098	人工椎体	01	钛合金	004	高度固定/非灭菌
	2742	1088	C03290609802001	骨科材料	脊柱固定融合系统	颈椎人工椎体	098	人工椎体	02	钽金属	001	高度可调节/灭菌
	2743	1089	C03290609802002	骨科材料	脊柱固定融合系统	颈椎人工椎体	098	人工椎体	02	钽金属	002	高度可调节/非灭菌
	2744	1090	C03290609802003	骨科材料	脊柱固定融合系统	颈椎人工椎体	098	人工椎体	02	钽金属	003	高度固定/灭菌
	2745	1091	C03290609802004	骨科材料	脊柱固定融合系统	颈椎人工椎体	098	人工椎体	02	钽金属	004	高度固定/非灭菌
	2746	1092	C03290709800000	骨科材料	脊柱固定融合系统	定制人工椎体	098	人工椎体	00	不区分	000	常规
	2747	1093	C03290809901000	骨科材料	脊柱固定融合系统	胸腰椎钛网	099	钛网	01	纯钛	000	常规
	2748	1094	C03290809902000	骨科材料	脊柱固定融合系统	胸腰椎钛网	099	钛网	02	钛合金	000	常规
	2749	1095	C03290909901001	骨科材料	脊柱固定融合系统	颈椎钛网	099	钛网	01	纯钛	001	灭菌
	2750	1096	C03290909901002	骨科材料	脊柱固定融合系统	颈椎钛网	099	钛网	01	纯钛	002	非灭菌
	2751	1097	C03290909902001	骨科材料	脊柱固定融合系统	颈椎钛网	099	钛网	02	钛合金	001	灭菌
	2752	1098	C03290909902002	骨科材料	脊柱固定融合系统	颈椎钛网	099	钛网	02	钛合金	002	非灭菌
	2753	1099	C03291008900000	骨科材料	脊柱固定融合系统	其他脊柱固定融合系统材料	089	内固定材料	00	不区分	000	其他
	2754	1100	C03291008900001	骨科材料	脊柱固定融合系统	其他脊柱固定融合系统材料	089	内固定材料	00	不区分	001	加强环
	2755	1101	C03291008900002	骨科材料	脊柱固定融合系统	其他脊柱固定融合系统材料	089	内固定材料	00	不区分	002	终板环
	2756	1102	C03291008900003	骨科材料	脊柱固定融合系统	其他脊柱固定融合系统材料	089	内固定材料	00	不区分	003	端盖
	2757	1103	C03291008900004	骨科材料	脊柱固定融合系统	其他脊柱固定融合系统材料	089	内固定材料	00	不区分	004	延长柱
可吸收外科止血材料	2758	1	C15010121201001	止血防粘连材料	止血材料	止血纱布	212	止血材料	01	再生氧化纤维素	001	预装/可吸收/抑菌/面积＜50cm²
	2759	2	C15010121201002	止血防粘连材料	止血材料	止血纱布	212	止血材料	01	再生氧化纤维素	002	预装/可吸收/抑菌/50cm²≤面积＜150cm²
	2760	3	C15010121201003	止血防粘连材料	止血材料	止血纱布	212	止血材料	01	再生氧化纤维素	003	预装/可吸收/抑菌/面积≥150cm²
	2761	4	C15010121201004	止血防粘连材料	止血材料	止血纱布	212	止血材料	01	再生氧化纤维素	004	预装/可吸收/非抑菌/面积＜50cm²
	2762	5	C15010121201005	止血防粘连材料	止血材料	止血纱布	212	止血材料	01	再生氧化纤维素	005	预装/可吸收/非抑菌/50cm²≤面积＜150cm²
	2763	6	C15010121201006	止血防粘连材料	止血材料	止血纱布	212	止血材料	01	再生氧化纤维素	006	预装/可吸收/非抑菌/面积≥150cm²
	2764	7	C15010121201007	止血防粘连材料	止血材料	止血纱布	212	止血材料	01	再生氧化纤维素	007	预装/不可吸收/抑菌/面积＜50cm²
	2765	8	C15010121201008	止血防粘连材料	止血材料	止血纱布	212	止血材料	01	再生氧化纤维素	008	预装/不可吸收/抑菌/50cm²≤面积＜150cm²
	2766	9	C15010121201009	止血防粘连材料	止血材料	止血纱布	212	止血材料	01	再生氧化纤维素	009	预装/不可吸收/抑菌/面积≥150cm²
	2767	10	C15010121201010	止血防粘连材料	止血材料	止血纱布	212	止血材料	01	再生氧化纤维素	010	预装/不可吸收/非抑菌/面积＜50cm²
	2768	11	C15010121201011	止血防粘连材料	止血材料	止血纱布	212	止血材料	01	再生氧化纤维素	011	预装/不可吸收/非抑菌/50cm²≤面积＜150cm²
	2769	12	C15010121201012	止血防粘连材料	止血材料	止血纱布	212	止血材料	01	再生氧化纤维素	012	预装/不可吸收/非抑菌/面积≥150cm²
	2770	13	C15010121201013	止血防粘连材料	止血材料	止血纱布	212	止血材料	01	再生氧化纤维素	013	非预装/可吸收/抑菌/面积＜50cm²
	2771	14	C15010121201014	止血防粘连材料	止血材料	止血纱布	212	止血材料	01	再生氧化纤维素	014	非预装/可吸收/抑菌/50cm²≤面积＜150cm²
	2772	15	C15010121201015	止血防粘连材料	止血材料	止血纱布	212	止血材料	01	再生氧化纤维素	015	非预装/可吸收/抑菌/面积≥150cm²
	2773	16	C15010121201016	止血防粘连材料	止血材料	止血纱布	212	止血材料	01	再生氧化纤维素	016	非预装/可吸收/非抑菌/面积＜50cm²
	2774	17	C15010121201017	止血防粘连材料	止血材料	止血纱布	212	止血材料	01	再生氧化纤维素	017	非预装/可吸收/非抑菌/50cm²≤面积＜150cm²
	2775	18	C15010121201018	止血防粘连材料	止血材料	止血纱布	212	止血材料	01	再生氧化纤维素	018	非预装/可吸收/非抑菌/面积≥150cm²
	2776	19	C15010121201019	止血防粘连材料	止血材料	止血纱布	212	止血材料	01	再生氧化纤维素	019	非预装/不可吸收/抑菌/面积＜50cm²
	2777	20	C15010121201020	止血防粘连材料	止血材料	止血纱布	212	止血材料	01	再生氧化纤维素	020	非预装/不可吸收/抑菌/50cm²≤面积＜150cm²
	2778	21	C15010121201021	止血防粘连材料	止血材料	止血纱布	212	止血材料	01	再生氧化纤维素	021	非预装/不可吸收/抑菌/面积≥150cm²
	2779	22	C15010121201022	止血防粘连材料	止血材料	止血纱布	212	止血材料	01	再生氧化纤维素	022	非预装/不可吸收/非抑菌/面积＜50cm²
	2780	23	C15010121201023	止血防粘连材料	止血材料	止血纱布	212	止血材料	01	再生氧化纤维素	023	非预装/不可吸收/非抑菌/50cm²≤面积＜150cm²
	2781	24	C15010121201024	止血防粘连材料	止血材料	止血纱布	212	止血材料	01	再生氧化纤维素	024	非预装/不可吸收/非抑菌/面积≥150cm²
	2782	25	C15010121202001	止血防粘连材料	止血材料	止血纱布	212	止血材料	02	氧化纤维素	001	预装/可吸收/抑菌/面积＜50cm²
	2783	26	C15010121202002	止血防粘连材料	止血材料	止血纱布	212	止血材料	02	氧化纤维素	002	预装/可吸收/抑菌/50cm²≤面积＜150cm²
	2784	27	C15010121202003	止血防粘连材料	止血材料	止血纱布	212	止血材料	02	氧化纤维素	003	预装/可吸收/抑菌/面积≥150cm²
	2785	28	C15010121202004	止血防粘连材料	止血材料	止血纱布	212	止血材料	02	氧化纤维素	004	预装/可吸收/非抑菌/面积＜50cm²
	2786	29	C15010121202005	止血防粘连材料	止血材料	止血纱布	212	止血材料	02	氧化纤维素	005	预装/可吸收/非抑菌/50cm²≤面积＜150cm²
	2787	30	C15010121202006	止血防粘连材料	止血材料	止血纱布	212	止血材料	02	氧化纤维素	006	预装/可吸收/非抑菌/面积≥150cm²
	2788	31	C15010121202007	止血防粘连材料	止血材料	止血纱布	212	止血材料	02	氧化纤维素	007	预装/不可吸收/抑菌/面积＜50cm²
	2789	32	C15010121202008	止血防粘连材料	止血材料	止血纱布	212	止血材料	02	氧化纤维素	008	预装/不可吸收/抑菌/50cm²≤面积＜150cm²
	2790	33	C15010121202009	止血防粘连材料	止血材料	止血纱布	212	止血材料	02	氧化纤维素	009	预装/不可吸收/抑菌/面积≥150cm²
	2791	34	C15010121202010	止血防粘连材料	止血材料	止血纱布	212	止血材料	02	氧化纤维素	010	预装/不可吸收/非抑菌/面积＜50cm²
	2792	35	C15010121202011	止血防粘连材料	止血材料	止血纱布	212	止血材料	02	氧化纤维素	011	预装/不可吸收/非抑菌/50cm²≤面积＜150cm²
	2793	36	C15010121202012	止血防粘连材料	止血材料	止血纱布	212	止血材料	02	氧化纤维素	012	预装/不可吸收/非抑菌/面积≥150cm²
	2794	37	C15010121202013	止血防粘连材料	止血材料	止血纱布	212	止血材料	02	氧化纤维素	013	非预装/可吸收/抑菌/面积＜50cm²
	2795	38	C15010121202014	止血防粘连材料	止血材料	止血纱布	212	止血材料	02	氧化纤维素	014	非预装/可吸收/抑菌/50cm²≤面积＜150cm²
	2796	39	C15010121202015	止血防粘连材料	止血材料	止血纱布	212	止血材料	02	氧化纤维素	015	非预装/可吸收/抑菌/面积≥150cm²
	2797	40	C15010121202016	止血防粘连材料	止血材料	止血纱布	212	止血材料	02	氧化纤维素	016	非预装/可吸收/非抑菌/面积＜50cm²
	2798	41	C15010121202017	止血防粘连材料	止血材料	止血纱布	212	止血材料	02	氧化纤维素	017	非预装/可吸收/非抑菌/50cm²≤面积＜150cm²
	2799	42	C15010121202018	止血防粘连材料	止血材料	止血纱布	212	止血材料	02	氧化纤维素	018	非预装/可吸收/非抑菌/面积≥150cm²
	2800	43	C15010121202019	止血防粘连材料	止血材料	止血纱布	212	止血材料	02	氧化纤维素	019	非预装/不可吸收/抑菌/面积＜50cm²
	2801	44	C15010121202020	止血防粘连材料	止血材料	止血纱布	212	止血材料	02	氧化纤维素	020	非预装/不可吸收/抑菌/50cm²≤面积＜150cm²
	2802	45	C15010121202021	止血防粘连材料	止血材料	止血纱布	212	止血材料	02	氧化纤维素	021	非预装/不可吸收/抑菌/面积≥150cm²
	2803	46	C15010121202022	止血防粘连材料	止血材料	止血纱布	212	止血材料	02	氧化纤维素	022	非预装/不可吸收/非抑菌/面积＜50cm²
	2804	47	C15010121202023	止血防粘连材料	止血材料	止血纱布	212	止血材料	02	氧化纤维素	023	非预装/不可吸收/非抑菌/50cm²≤面积＜150cm²
	2805	48	C15010121202024	止血防粘连材料	止血材料	止血纱布	212	止血材料	02	氧化纤维素	024	非预装/不可吸收/非抑菌/面积≥150cm²
	2806	49	C15010121203001	止血防粘连材料	止血材料	止血纱布	212	止血材料	03	壳聚糖	001	预装/可吸收/抑菌/面积＜50cm²
	2807	50	C15010121203002	止血防粘连材料	止血材料	止血纱布	212	止血材料	03	壳聚糖	002	预装/可吸收/抑菌/50cm²≤面积＜150cm²
	2808	51	C15010121203003	止血防粘连材料	止血材料	止血纱布	212	止血材料	03	壳聚糖	003	预装/可吸收/抑菌/面积≥150cm²
	2809	52	C15010121203004	止血防粘连材料	止血材料	止血纱布	212	止血材料	03	壳聚糖	004	预装/可吸收/非抑菌/面积＜50cm²
	2810	53	C15010121203005	止血防粘连材料	止血材料	止血纱布	212	止血材料	03	壳聚糖	005	预装/可吸收/非抑菌/50cm²≤面积＜150cm²
	2811	54	C15010121203006	止血防粘连材料	止血材料	止血纱布	212	止血材料	03	壳聚糖	006	预装/可吸收/非抑菌/面积≥150cm²
	2812	55	C15010121203007	止血防粘连材料	止血材料	止血纱布	212	止血材料	03	壳聚糖	007	预装/不可吸收/抑菌/面积＜50cm²
	2813	56	C15010121203008	止血防粘连材料	止血材料	止血纱布	212	止血材料	03	壳聚糖	008	预装/不可吸收/抑菌/50cm²≤面积＜150cm²
	2814	57	C15010121203009	止血防粘连材料	止血材料	止血纱布	212	止血材料	03	壳聚糖	009	预装/不可吸收/抑菌/面积≥150cm²
	2815	58	C15010121203010	止血防粘连材料	止血材料	止血纱布	212	止血材料	03	壳聚糖	010	预装/不可吸收/非抑菌/面积＜50cm²
	2816	59	C15010121203011	止血防粘连材料	止血材料	止血纱布	212	止血材料	03	壳聚糖	011	预装/不可吸收/非抑菌/50cm²≤面积＜150cm²
	2817	60	C15010121203012	止血防粘连材料	止血材料	止血纱布	212	止血材料	03	壳聚糖	012	预装/不可吸收/非抑菌/面积≥150cm²
	2818	61	C15010121203013	止血防粘连材料	止血材料	止血纱布	212	止血材料	03	壳聚糖	013	非预装/可吸收/抑菌/面积＜50cm²
	2819	62	C15010121203014	止血防粘连材料	止血材料	止血纱布	212	止血材料	03	壳聚糖	014	非预装/可吸收/抑菌/50cm²≤面积＜150cm²
	2820	63	C15010121203015	止血防粘连材料	止血材料	止血纱布	212	止血材料	03	壳聚糖	015	非预装/可吸收/抑菌/面积≥150cm²
	2821	64	C15010121203016	止血防粘连材料	止血材料	止血纱布	212	止血材料	03	壳聚糖	016	非预装/可吸收/非抑菌/面积＜50cm²
	2822	65	C15010121203017	止血防粘连材料	止血材料	止血纱布	212	止血材料	03	壳聚糖	017	非预装/可吸收/非抑菌/50cm²≤面积＜150cm²
	2823	66	C15010121203018	止血防粘连材料	止血材料	止血纱布	212	止血材料	03	壳聚糖	018	非预装/可吸收/非抑菌/面积≥150cm²
	2824	67	C15010121203019	止血防粘连材料	止血材料	止血纱布	212	止血材料	03	壳聚糖	019	非预装/不可吸收/抑菌/面积＜50cm²
	2825	68	C15010121203020	止血防粘连材料	止血材料	止血纱布	212	止血材料	03	壳聚糖	020	非预装/不可吸收/抑菌/50cm²≤面积＜150cm²
	2826	69	C15010121203021	止血防粘连材料	止血材料	止血纱布	212	止血材料	03	壳聚糖	021	非预装/不可吸收/抑菌/面积≥150cm²
	2827	70	C15010121203022	止血防粘连材料	止血材料	止血纱布	212	止血材料	03	壳聚糖	022	非预装/不可吸收/非抑菌/面积＜50cm²
	2828	71	C15010121203023	止血防粘连材料	止血材料	止血纱布	212	止血材料	03	壳聚糖	023	非预装/不可吸收/非抑菌/50cm²≤面积＜150cm²
	2829	72	C15010121203024	止血防粘连材料	止血材料	止血纱布	212	止血材料	03	壳聚糖	024	非预装/不可吸收/非抑菌/面积≥150cm²
	2830	73	C15010121204001	止血防粘连材料	止血材料	止血纱布	212	止血材料	04	羟乙基纤维素类	001	预装/可吸收/抑菌/面积＜50cm²
	2831	74	C15010121204002	止血防粘连材料	止血材料	止血纱布	212	止血材料	04	羟乙基纤维素类	002	预装/可吸收/抑菌/50cm²≤面积＜150cm²
	2832	75	C15010121204003	止血防粘连材料	止血材料	止血纱布	212	止血材料	04	羟乙基纤维素类	003	预装/可吸收/抑菌/面积≥150cm²
	2833	76	C15010121204004	止血防粘连材料	止血材料	止血纱布	212	止血材料	04	羟乙基纤维素类	004	预装/可吸收/非抑菌/面积＜50cm²
	2834	77	C15010121204005	止血防粘连材料	止血材料	止血纱布	212	止血材料	04	羟乙基纤维素类	005	预装/可吸收/非抑菌/50cm²≤面积＜150cm²
	2835	78	C15010121204006	止血防粘连材料	止血材料	止血纱布	212	止血材料	04	羟乙基纤维素类	006	预装/可吸收/非抑菌/面积≥150cm²
	2836	79	C15010121204007	止血防粘连材料	止血材料	止血纱布	212	止血材料	04	羟乙基纤维素类	007	预装/不可吸收/抑菌/面积＜50cm²
	2837	80	C15010121204008	止血防粘连材料	止血材料	止血纱布	212	止血材料	04	羟乙基纤维素类	008	预装/不可吸收/抑菌/50cm²≤面积＜150cm²
	2838	81	C15010121204009	止血防粘连材料	止血材料	止血纱布	212	止血材料	04	羟乙基纤维素类	009	预装/不可吸收/抑菌/面积≥150cm²
	2839	82	C15010121204010	止血防粘连材料	止血材料	止血纱布	212	止血材料	04	羟乙基纤维素类	010	预装/不可吸收/非抑菌/面积＜50cm²
	2840	83	C15010121204011	止血防粘连材料	止血材料	止血纱布	212	止血材料	04	羟乙基纤维素类	011	预装/不可吸收/非抑菌/50cm²≤面积＜150cm²
	2841	84	C15010121204012	止血防粘连材料	止血材料	止血纱布	212	止血材料	04	羟乙基纤维素类	012	预装/不可吸收/非抑菌/面积≥150cm²
	2842	85	C15010121204013	止血防粘连材料	止血材料	止血纱布	212	止血材料	04	羟乙基纤维素类	013	非预装/可吸收/抑菌/面积＜50cm²
	2843	86	C15010121204014	止血防粘连材料	止血材料	止血纱布	212	止血材料	04	羟乙基纤维素类	014	非预装/可吸收/抑菌/50cm²≤面积＜150cm²
	2844	87	C15010121204015	止血防粘连材料	止血材料	止血纱布	212	止血材料	04	羟乙基纤维素类	015	非预装/可吸收/抑菌/面积≥150cm²
	2845	88	C15010121204016	止血防粘连材料	止血材料	止血纱布	212	止血材料	04	羟乙基纤维素类	016	非预装/可吸收/非抑菌/面积＜50cm²
	2846	89	C15010121204017	止血防粘连材料	止血材料	止血纱布	212	止血材料	04	羟乙基纤维素类	017	非预装/可吸收/非抑菌/50cm²≤面积＜150cm²
	2847	90	C15010121204018	止血防粘连材料	止血材料	止血纱布	212	止血材料	04	羟乙基纤维素类	018	非预装/可吸收/非抑菌/面积≥150cm²
	2848	91	C15010121204019	止血防粘连材料	止血材料	止血纱布	212	止血材料	04	羟乙基纤维素类	019	非预装/不可吸收/抑菌/面积＜50cm²
	2849	92	C15010121204020	止血防粘连材料	止血材料	止血纱布	212	止血材料	04	羟乙基纤维素类	020	非预装/不可吸收/抑菌/50cm²≤面积＜150cm²
	2850	93	C15010121204021	止血防粘连材料	止血材料	止血纱布	212	止血材料	04	羟乙基纤维素类	021	非预装/不可吸收/抑菌/面积≥150cm²
	2851	94	C15010121204022	止血防粘连材料	止血材料	止血纱布	212	止血材料	04	羟乙基纤维素类	022	非预装/不可吸收/非抑菌/面积＜50cm²
	2852	95	C15010121204023	止血防粘连材料	止血材料	止血纱布	212	止血材料	04	羟乙基纤维素类	023	非预装/不可吸收/非抑菌/50cm²≤面积＜150cm²
	2853	96	C15010121204024	止血防粘连材料	止血材料	止血纱布	212	止血材料	04	羟乙基纤维素类	024	非预装/不可吸收/非抑菌/面积≥150cm²
	2854	97	C15010121205001	止血防粘连材料	止血材料	止血纱布	212	止血材料	05	胶原	001	预装/可吸收/抑菌/面积＜50cm²
	2855	98	C15010121205002	止血防粘连材料	止血材料	止血纱布	212	止血材料	05	胶原	002	预装/可吸收/抑菌/50cm²≤面积＜150cm²
	2856	99	C15010121205003	止血防粘连材料	止血材料	止血纱布	212	止血材料	05	胶原	003	预装/可吸收/抑菌/面积≥150cm²
	2857	100	C15010121205004	止血防粘连材料	止血材料	止血纱布	212	止血材料	05	胶原	004	预装/可吸收/非抑菌/面积＜50cm²
	2858	101	C15010121205005	止血防粘连材料	止血材料	止血纱布	212	止血材料	05	胶原	005	预装/可吸收/非抑菌/50cm²≤面积＜150cm²
	2859	102	C15010121205006	止血防粘连材料	止血材料	止血纱布	212	止血材料	05	胶原	006	预装/可吸收/非抑菌/面积≥150cm²
	2860	103	C15010121205007	止血防粘连材料	止血材料	止血纱布	212	止血材料	05	胶原	007	预装/不可吸收/抑菌/面积＜50cm²
	2861	104	C15010121205008	止血防粘连材料	止血材料	止血纱布	212	止血材料	05	胶原	008	预装/不可吸收/抑菌/50cm²≤面积＜150cm²
	2862	105	C15010121205009	止血防粘连材料	止血材料	止血纱布	212	止血材料	05	胶原	009	预装/不可吸收/抑菌/面积≥150cm²
	2863	106	C15010121205010	止血防粘连材料	止血材料	止血纱布	212	止血材料	05	胶原	010	预装/不可吸收/非抑菌/面积＜50cm²
	2864	107	C15010121205011	止血防粘连材料	止血材料	止血纱布	212	止血材料	05	胶原	011	预装/不可吸收/非抑菌/50cm²≤面积＜150cm²
	2865	108	C15010121205012	止血防粘连材料	止血材料	止血纱布	212	止血材料	05	胶原	012	预装/不可吸收/非抑菌/面积≥150cm²
	2866	109	C15010121205013	止血防粘连材料	止血材料	止血纱布	212	止血材料	05	胶原	013	非预装/可吸收/抑菌/面积＜50cm²
	2867	110	C15010121205014	止血防粘连材料	止血材料	止血纱布	212	止血材料	05	胶原	014	非预装/可吸收/抑菌/50cm²≤面积＜150cm²
	2868	111	C15010121205015	止血防粘连材料	止血材料	止血纱布	212	止血材料	05	胶原	015	非预装/可吸收/抑菌/面积≥150cm²
	2869	112	C15010121205016	止血防粘连材料	止血材料	止血纱布	212	止血材料	05	胶原	016	非预装/可吸收/非抑菌/面积＜50cm²
	2870	113	C15010121205017	止血防粘连材料	止血材料	止血纱布	212	止血材料	05	胶原	017	非预装/可吸收/非抑菌/50cm²≤面积＜150cm²
	2871	114	C15010121205018	止血防粘连材料	止血材料	止血纱布	212	止血材料	05	胶原	018	非预装/可吸收/非抑菌/面积≥150cm²
	2872	115	C15010121205019	止血防粘连材料	止血材料	止血纱布	212	止血材料	05	胶原	019	非预装/不可吸收/抑菌/面积＜50cm²
	2873	116	C15010121205020	止血防粘连材料	止血材料	止血纱布	212	止血材料	05	胶原	020	非预装/不可吸收/抑菌/50cm²≤面积＜150cm²
	2874	117	C15010121205021	止血防粘连材料	止血材料	止血纱布	212	止血材料	05	胶原	021	非预装/不可吸收/抑菌/面积≥150cm²
	2875	118	C15010121205022	止血防粘连材料	止血材料	止血纱布	212	止血材料	05	胶原	022	非预装/不可吸收/非抑菌/面积＜50cm²
	2876	119	C15010121205023	止血防粘连材料	止血材料	止血纱布	212	止血材料	05	胶原	023	非预装/不可吸收/非抑菌/50cm²≤面积＜150cm²
	2877	120	C15010121205024	止血防粘连材料	止血材料	止血纱布	212	止血材料	05	胶原	024	非预装/不可吸收/非抑菌/面积≥150cm²
	2878	121	C15010121206001	止血防粘连材料	止血材料	止血纱布	212	止血材料	06	透明质酸钠	001	预装/可吸收/抑菌/面积＜50cm²
	2879	122	C15010121206002	止血防粘连材料	止血材料	止血纱布	212	止血材料	06	透明质酸钠	002	预装/可吸收/抑菌/50cm²≤面积＜150cm²
	2880	123	C15010121206003	止血防粘连材料	止血材料	止血纱布	212	止血材料	06	透明质酸钠	003	预装/可吸收/抑菌/面积≥150cm²
	2881	124	C15010121206004	止血防粘连材料	止血材料	止血纱布	212	止血材料	06	透明质酸钠	004	预装/可吸收/非抑菌/面积＜50cm²
	2882	125	C15010121206005	止血防粘连材料	止血材料	止血纱布	212	止血材料	06	透明质酸钠	005	预装/可吸收/非抑菌/50cm²≤面积＜150cm²
	2883	126	C15010121206006	止血防粘连材料	止血材料	止血纱布	212	止血材料	06	透明质酸钠	006	预装/可吸收/非抑菌/面积≥150cm²
	2884	127	C15010121206007	止血防粘连材料	止血材料	止血纱布	212	止血材料	06	透明质酸钠	007	预装/不可吸收/抑菌/面积＜50cm²
	2885	128	C15010121206008	止血防粘连材料	止血材料	止血纱布	212	止血材料	06	透明质酸钠	008	预装/不可吸收/抑菌/50cm²≤面积＜150cm²
	2886	129	C15010121206009	止血防粘连材料	止血材料	止血纱布	212	止血材料	06	透明质酸钠	009	预装/不可吸收/抑菌/面积≥150cm²
	2887	130	C15010121206010	止血防粘连材料	止血材料	止血纱布	212	止血材料	06	透明质酸钠	010	预装/不可吸收/非抑菌/面积＜50cm²
	2888	131	C15010121206011	止血防粘连材料	止血材料	止血纱布	212	止血材料	06	透明质酸钠	011	预装/不可吸收/非抑菌/50cm²≤面积＜150cm²
	2889	132	C15010121206012	止血防粘连材料	止血材料	止血纱布	212	止血材料	06	透明质酸钠	012	预装/不可吸收/非抑菌/面积≥150cm²
	2890	133	C15010121206013	止血防粘连材料	止血材料	止血纱布	212	止血材料	06	透明质酸钠	013	非预装/可吸收/抑菌/面积＜50cm²
	2891	134	C15010121206014	止血防粘连材料	止血材料	止血纱布	212	止血材料	06	透明质酸钠	014	非预装/可吸收/抑菌/50cm²≤面积＜150cm²
	2892	135	C15010121206015	止血防粘连材料	止血材料	止血纱布	212	止血材料	06	透明质酸钠	015	非预装/可吸收/抑菌/面积≥150cm²
	2893	136	C15010121206016	止血防粘连材料	止血材料	止血纱布	212	止血材料	06	透明质酸钠	016	非预装/可吸收/非抑菌/面积＜50cm²
	2894	137	C15010121206017	止血防粘连材料	止血材料	止血纱布	212	止血材料	06	透明质酸钠	017	非预装/可吸收/非抑菌/50cm²≤面积＜150cm²
	2895	138	C15010121206018	止血防粘连材料	止血材料	止血纱布	212	止血材料	06	透明质酸钠	018	非预装/可吸收/非抑菌/面积≥150cm²
	2896	139	C15010121206019	止血防粘连材料	止血材料	止血纱布	212	止血材料	06	透明质酸钠	019	非预装/不可吸收/抑菌/面积＜50cm²
	2897	140	C15010121206020	止血防粘连材料	止血材料	止血纱布	212	止血材料	06	透明质酸钠	020	非预装/不可吸收/抑菌/50cm²≤面积＜150cm²
	2898	141	C15010121206021	止血防粘连材料	止血材料	止血纱布	212	止血材料	06	透明质酸钠	021	非预装/不可吸收/抑菌/面积≥150cm²
	2899	142	C15010121206022	止血防粘连材料	止血材料	止血纱布	212	止血材料	06	透明质酸钠	022	非预装/不可吸收/非抑菌/面积＜50cm²
	2900	143	C15010121206023	止血防粘连材料	止血材料	止血纱布	212	止血材料	06	透明质酸钠	023	非预装/不可吸收/非抑菌/50cm²≤面积＜150cm²
	2901	144	C15010121206024	止血防粘连材料	止血材料	止血纱布	212	止血材料	06	透明质酸钠	024	非预装/不可吸收/非抑菌/面积≥150cm²
	2902	145	C15010121207001	止血防粘连材料	止血材料	止血纱布	212	止血材料	07	淀粉类	001	预装/可吸收/抑菌/面积＜50cm²
	2903	146	C15010121207002	止血防粘连材料	止血材料	止血纱布	212	止血材料	07	淀粉类	002	预装/可吸收/抑菌/50cm²≤面积＜150cm²
	2904	147	C15010121207003	止血防粘连材料	止血材料	止血纱布	212	止血材料	07	淀粉类	003	预装/可吸收/抑菌/面积≥150cm²
	2905	148	C15010121207004	止血防粘连材料	止血材料	止血纱布	212	止血材料	07	淀粉类	004	预装/可吸收/非抑菌/面积＜50cm²
	2906	149	C15010121207005	止血防粘连材料	止血材料	止血纱布	212	止血材料	07	淀粉类	005	预装/可吸收/非抑菌/50cm²≤面积＜150cm²
	2907	150	C15010121207006	止血防粘连材料	止血材料	止血纱布	212	止血材料	07	淀粉类	006	预装/可吸收/非抑菌/面积≥150cm²
	2908	151	C15010121207007	止血防粘连材料	止血材料	止血纱布	212	止血材料	07	淀粉类	007	预装/不可吸收/抑菌/面积＜50cm²
	2909	152	C15010121207008	止血防粘连材料	止血材料	止血纱布	212	止血材料	07	淀粉类	008	预装/不可吸收/抑菌/50cm²≤面积＜150cm²
	2910	153	C15010121207009	止血防粘连材料	止血材料	止血纱布	212	止血材料	07	淀粉类	009	预装/不可吸收/抑菌/面积≥150cm²
	2911	154	C15010121207010	止血防粘连材料	止血材料	止血纱布	212	止血材料	07	淀粉类	010	预装/不可吸收/非抑菌/面积＜50cm²
	2912	155	C15010121207011	止血防粘连材料	止血材料	止血纱布	212	止血材料	07	淀粉类	011	预装/不可吸收/非抑菌/50cm²≤面积＜150cm²
	2913	156	C15010121207012	止血防粘连材料	止血材料	止血纱布	212	止血材料	07	淀粉类	012	预装/不可吸收/非抑菌/面积≥150cm²
	2914	157	C15010121207013	止血防粘连材料	止血材料	止血纱布	212	止血材料	07	淀粉类	013	非预装/可吸收/抑菌/面积＜50cm²
	2915	158	C15010121207014	止血防粘连材料	止血材料	止血纱布	212	止血材料	07	淀粉类	014	非预装/可吸收/抑菌/50cm²≤面积＜150cm²
	2916	159	C15010121207015	止血防粘连材料	止血材料	止血纱布	212	止血材料	07	淀粉类	015	非预装/可吸收/抑菌/面积≥150cm²
	2917	160	C15010121207016	止血防粘连材料	止血材料	止血纱布	212	止血材料	07	淀粉类	016	非预装/可吸收/非抑菌/面积＜50cm²
	2918	161	C15010121207017	止血防粘连材料	止血材料	止血纱布	212	止血材料	07	淀粉类	017	非预装/可吸收/非抑菌/50cm²≤面积＜150cm²
	2919	162	C15010121207018	止血防粘连材料	止血材料	止血纱布	212	止血材料	07	淀粉类	018	非预装/可吸收/非抑菌/面积≥150cm²
	2920	163	C15010121207019	止血防粘连材料	止血材料	止血纱布	212	止血材料	07	淀粉类	019	非预装/不可吸收/抑菌/面积＜50cm²
	2921	164	C15010121207020	止血防粘连材料	止血材料	止血纱布	212	止血材料	07	淀粉类	020	非预装/不可吸收/抑菌/50cm²≤面积＜150cm²
	2922	165	C15010121207021	止血防粘连材料	止血材料	止血纱布	212	止血材料	07	淀粉类	021	非预装/不可吸收/抑菌/面积≥150cm²
	2923	166	C15010121207022	止血防粘连材料	止血材料	止血纱布	212	止血材料	07	淀粉类	022	非预装/不可吸收/非抑菌/面积＜50cm²
	2924	167	C15010121207023	止血防粘连材料	止血材料	止血纱布	212	止血材料	07	淀粉类	023	非预装/不可吸收/非抑菌/50cm²≤面积＜150cm²
	2925	168	C15010121207024	止血防粘连材料	止血材料	止血纱布	212	止血材料	07	淀粉类	024	非预装/不可吸收/非抑菌/面积≥150cm²
	2926	169	C15010221201001	止血防粘连材料	止血材料	非织布	212	止血材料	01	再生氧化纤维素	001	预装/可吸收/抑菌/面积＜15cm²
	2927	170	C15010221201002	止血防粘连材料	止血材料	非织布	212	止血材料	01	再生氧化纤维素	002	预装/可吸收/抑菌/15cm²≤面积＜60cm²
	2928	171	C15010221201003	止血防粘连材料	止血材料	非织布	212	止血材料	01	再生氧化纤维素	003	预装/可吸收/抑菌/面积≥60cm²
	2929	172	C15010221201004	止血防粘连材料	止血材料	非织布	212	止血材料	01	再生氧化纤维素	004	预装/可吸收/非抑菌/面积＜15cm²
	2930	173	C15010221201005	止血防粘连材料	止血材料	非织布	212	止血材料	01	再生氧化纤维素	005	预装/可吸收/非抑菌/15cm²≤面积＜60cm²
	2931	174	C15010221201006	止血防粘连材料	止血材料	非织布	212	止血材料	01	再生氧化纤维素	006	预装/可吸收/非抑菌/面积≥60cm²
	2932	175	C15010221201007	止血防粘连材料	止血材料	非织布	212	止血材料	01	再生氧化纤维素	007	预装/不可吸收/抑菌/面积＜15cm²
	2933	176	C15010221201008	止血防粘连材料	止血材料	非织布	212	止血材料	01	再生氧化纤维素	008	预装/不可吸收/抑菌/15cm²≤面积＜60cm²
	2934	177	C15010221201009	止血防粘连材料	止血材料	非织布	212	止血材料	01	再生氧化纤维素	009	预装/不可吸收/抑菌/面积≥60cm²
	2935	178	C15010221201010	止血防粘连材料	止血材料	非织布	212	止血材料	01	再生氧化纤维素	010	预装/不可吸收/非抑菌/面积＜15cm²
	2936	179	C15010221201011	止血防粘连材料	止血材料	非织布	212	止血材料	01	再生氧化纤维素	011	预装/不可吸收/非抑菌/15cm²≤面积＜60cm²
	2937	180	C15010221201012	止血防粘连材料	止血材料	非织布	212	止血材料	01	再生氧化纤维素	012	预装/不可吸收/非抑菌/面积≥60cm²
	2938	181	C15010221201013	止血防粘连材料	止血材料	非织布	212	止血材料	01	再生氧化纤维素	013	非预装/可吸收/抑菌/面积＜15cm²
	2939	182	C15010221201014	止血防粘连材料	止血材料	非织布	212	止血材料	01	再生氧化纤维素	014	非预装/可吸收/抑菌/15cm²≤面积＜60cm²
	2940	183	C15010221201015	止血防粘连材料	止血材料	非织布	212	止血材料	01	再生氧化纤维素	015	非预装/可吸收/抑菌/面积≥60cm²
	2941	184	C15010221201016	止血防粘连材料	止血材料	非织布	212	止血材料	01	再生氧化纤维素	016	非预装/可吸收/非抑菌/面积＜15cm²
	2942	185	C15010221201017	止血防粘连材料	止血材料	非织布	212	止血材料	01	再生氧化纤维素	017	非预装/可吸收/非抑菌/15cm²≤面积＜60cm²
	2943	186	C15010221201018	止血防粘连材料	止血材料	非织布	212	止血材料	01	再生氧化纤维素	018	非预装/可吸收/非抑菌/面积≥60cm²
	2944	187	C15010221201019	止血防粘连材料	止血材料	非织布	212	止血材料	01	再生氧化纤维素	019	非预装/不可吸收/抑菌/面积＜15cm²
	2945	188	C15010221201020	止血防粘连材料	止血材料	非织布	212	止血材料	01	再生氧化纤维素	020	非预装/不可吸收/抑菌/15cm²≤面积＜60cm²
	2946	189	C15010221201021	止血防粘连材料	止血材料	非织布	212	止血材料	01	再生氧化纤维素	021	非预装/不可吸收/抑菌/面积≥60cm²
	2947	190	C15010221201022	止血防粘连材料	止血材料	非织布	212	止血材料	01	再生氧化纤维素	022	非预装/不可吸收/非抑菌/面积＜15cm²
	2948	191	C15010221201023	止血防粘连材料	止血材料	非织布	212	止血材料	01	再生氧化纤维素	023	非预装/不可吸收/非抑菌/15cm²≤面积＜60cm²
	2949	192	C15010221201024	止血防粘连材料	止血材料	非织布	212	止血材料	01	再生氧化纤维素	024	非预装/不可吸收/非抑菌/面积≥60cm²
	2950	193	C15010221202001	止血防粘连材料	止血材料	非织布	212	止血材料	02	氧化纤维素	001	预装/可吸收/抑菌/面积＜15cm²
	2951	194	C15010221202002	止血防粘连材料	止血材料	非织布	212	止血材料	02	氧化纤维素	002	预装/可吸收/抑菌/15cm²≤面积＜60cm²
	2952	195	C15010221202003	止血防粘连材料	止血材料	非织布	212	止血材料	02	氧化纤维素	003	预装/可吸收/抑菌/面积≥60cm²
	2953	196	C15010221202004	止血防粘连材料	止血材料	非织布	212	止血材料	02	氧化纤维素	004	预装/可吸收/非抑菌/面积＜15cm²
	2954	197	C15010221202005	止血防粘连材料	止血材料	非织布	212	止血材料	02	氧化纤维素	005	预装/可吸收/非抑菌/15cm²≤面积＜60cm²
	2955	198	C15010221202006	止血防粘连材料	止血材料	非织布	212	止血材料	02	氧化纤维素	006	预装/可吸收/非抑菌/面积≥60cm²
	2956	199	C15010221202007	止血防粘连材料	止血材料	非织布	212	止血材料	02	氧化纤维素	007	预装/不可吸收/抑菌/面积＜15cm²
	2957	200	C15010221202008	止血防粘连材料	止血材料	非织布	212	止血材料	02	氧化纤维素	008	预装/不可吸收/抑菌/15cm²≤面积＜60cm²
	2958	201	C15010221202009	止血防粘连材料	止血材料	非织布	212	止血材料	02	氧化纤维素	009	预装/不可吸收/抑菌/面积≥60cm²
	2959	202	C15010221202010	止血防粘连材料	止血材料	非织布	212	止血材料	02	氧化纤维素	010	预装/不可吸收/非抑菌/面积＜15cm²
	2960	203	C15010221202011	止血防粘连材料	止血材料	非织布	212	止血材料	02	氧化纤维素	011	预装/不可吸收/非抑菌/15cm²≤面积＜60cm²
	2961	204	C15010221202012	止血防粘连材料	止血材料	非织布	212	止血材料	02	氧化纤维素	012	预装/不可吸收/非抑菌/面积≥60cm²
	2962	205	C15010221202013	止血防粘连材料	止血材料	非织布	212	止血材料	02	氧化纤维素	013	非预装/可吸收/抑菌/面积＜15cm²
	2963	206	C15010221202014	止血防粘连材料	止血材料	非织布	212	止血材料	02	氧化纤维素	014	非预装/可吸收/抑菌/15cm²≤面积＜60cm²
	2964	207	C15010221202015	止血防粘连材料	止血材料	非织布	212	止血材料	02	氧化纤维素	015	非预装/可吸收/抑菌/面积≥60cm²
	2965	208	C15010221202016	止血防粘连材料	止血材料	非织布	212	止血材料	02	氧化纤维素	016	非预装/可吸收/非抑菌/面积＜15cm²
	2966	209	C15010221202017	止血防粘连材料	止血材料	非织布	212	止血材料	02	氧化纤维素	017	非预装/可吸收/非抑菌/15cm²≤面积＜60cm²
	2967	210	C15010221202018	止血防粘连材料	止血材料	非织布	212	止血材料	02	氧化纤维素	018	非预装/可吸收/非抑菌/面积≥60cm²
	2968	211	C15010221202019	止血防粘连材料	止血材料	非织布	212	止血材料	02	氧化纤维素	019	非预装/不可吸收/抑菌/面积＜15cm²
	2969	212	C15010221202020	止血防粘连材料	止血材料	非织布	212	止血材料	02	氧化纤维素	020	非预装/不可吸收/抑菌/15cm²≤面积＜60cm²
	2970	213	C15010221202021	止血防粘连材料	止血材料	非织布	212	止血材料	02	氧化纤维素	021	非预装/不可吸收/抑菌/面积≥60cm²
	2971	214	C15010221202022	止血防粘连材料	止血材料	非织布	212	止血材料	02	氧化纤维素	022	非预装/不可吸收/非抑菌/面积＜15cm²
	2972	215	C15010221202023	止血防粘连材料	止血材料	非织布	212	止血材料	02	氧化纤维素	023	非预装/不可吸收/非抑菌/15cm²≤面积＜60cm²
	2973	216	C15010221202024	止血防粘连材料	止血材料	非织布	212	止血材料	02	氧化纤维素	024	非预装/不可吸收/非抑菌/面积≥60cm²
	2974	217	C15010221203001	止血防粘连材料	止血材料	非织布	212	止血材料	03	壳聚糖	001	预装/可吸收/抑菌/面积＜15cm²
	2975	218	C15010221203002	止血防粘连材料	止血材料	非织布	212	止血材料	03	壳聚糖	002	预装/可吸收/抑菌/15cm²≤面积＜60cm²
	2976	219	C15010221203003	止血防粘连材料	止血材料	非织布	212	止血材料	03	壳聚糖	003	预装/可吸收/抑菌/面积≥60cm²
	2977	220	C15010221203004	止血防粘连材料	止血材料	非织布	212	止血材料	03	壳聚糖	004	预装/可吸收/非抑菌/面积＜15cm²
	2978	221	C15010221203005	止血防粘连材料	止血材料	非织布	212	止血材料	03	壳聚糖	005	预装/可吸收/非抑菌/15cm²≤面积＜60cm²
	2979	222	C15010221203006	止血防粘连材料	止血材料	非织布	212	止血材料	03	壳聚糖	006	预装/可吸收/非抑菌/面积≥60cm²
	2980	223	C15010221203007	止血防粘连材料	止血材料	非织布	212	止血材料	03	壳聚糖	007	预装/不可吸收/抑菌/面积＜15cm²
	2981	224	C15010221203008	止血防粘连材料	止血材料	非织布	212	止血材料	03	壳聚糖	008	预装/不可吸收/抑菌/15cm²≤面积＜60cm²
	2982	225	C15010221203009	止血防粘连材料	止血材料	非织布	212	止血材料	03	壳聚糖	009	预装/不可吸收/抑菌/面积≥60cm²
	2983	226	C15010221203010	止血防粘连材料	止血材料	非织布	212	止血材料	03	壳聚糖	010	预装/不可吸收/非抑菌/面积＜15cm²
	2984	227	C15010221203011	止血防粘连材料	止血材料	非织布	212	止血材料	03	壳聚糖	011	预装/不可吸收/非抑菌/15cm²≤面积＜60cm²
	2985	228	C15010221203012	止血防粘连材料	止血材料	非织布	212	止血材料	03	壳聚糖	012	预装/不可吸收/非抑菌/面积≥60cm²
	2986	229	C15010221203013	止血防粘连材料	止血材料	非织布	212	止血材料	03	壳聚糖	013	非预装/可吸收/抑菌/面积＜15cm²
	2987	230	C15010221203014	止血防粘连材料	止血材料	非织布	212	止血材料	03	壳聚糖	014	非预装/可吸收/抑菌/15cm²≤面积＜60cm²
	2988	231	C15010221203015	止血防粘连材料	止血材料	非织布	212	止血材料	03	壳聚糖	015	非预装/可吸收/抑菌/面积≥60cm²
	2989	232	C15010221203016	止血防粘连材料	止血材料	非织布	212	止血材料	03	壳聚糖	016	非预装/可吸收/非抑菌/面积＜15cm²
	2990	233	C15010221203017	止血防粘连材料	止血材料	非织布	212	止血材料	03	壳聚糖	017	非预装/可吸收/非抑菌/15cm²≤面积＜60cm²
	2991	234	C15010221203018	止血防粘连材料	止血材料	非织布	212	止血材料	03	壳聚糖	018	非预装/可吸收/非抑菌/面积≥60cm²
	2992	235	C15010221203019	止血防粘连材料	止血材料	非织布	212	止血材料	03	壳聚糖	019	非预装/不可吸收/抑菌/面积＜15cm²
	2993	236	C15010221203020	止血防粘连材料	止血材料	非织布	212	止血材料	03	壳聚糖	020	非预装/不可吸收/抑菌/15cm²≤面积＜60cm²
	2994	237	C15010221203021	止血防粘连材料	止血材料	非织布	212	止血材料	03	壳聚糖	021	非预装/不可吸收/抑菌/面积≥60cm²
	2995	238	C15010221203022	止血防粘连材料	止血材料	非织布	212	止血材料	03	壳聚糖	022	非预装/不可吸收/非抑菌/面积＜15cm²
	2996	239	C15010221203023	止血防粘连材料	止血材料	非织布	212	止血材料	03	壳聚糖	023	非预装/不可吸收/非抑菌/15cm²≤面积＜60cm²
	2997	240	C15010221203024	止血防粘连材料	止血材料	非织布	212	止血材料	03	壳聚糖	024	非预装/不可吸收/非抑菌/面积≥60cm²
	2998	241	C15010221204001	止血防粘连材料	止血材料	非织布	212	止血材料	04	羟乙基纤维素类	001	预装/可吸收/抑菌/面积＜15cm²
	2999	242	C15010221204002	止血防粘连材料	止血材料	非织布	212	止血材料	04	羟乙基纤维素类	002	预装/可吸收/抑菌/15cm²≤面积＜60cm²
	3000	243	C15010221204003	止血防粘连材料	止血材料	非织布	212	止血材料	04	羟乙基纤维素类	003	预装/可吸收/抑菌/面积≥60cm²
	3001	244	C15010221204004	止血防粘连材料	止血材料	非织布	212	止血材料	04	羟乙基纤维素类	004	预装/可吸收/非抑菌/面积＜15cm²
	3002	245	C15010221204005	止血防粘连材料	止血材料	非织布	212	止血材料	04	羟乙基纤维素类	005	预装/可吸收/非抑菌/15cm²≤面积＜60cm²
	3003	246	C15010221204006	止血防粘连材料	止血材料	非织布	212	止血材料	04	羟乙基纤维素类	006	预装/可吸收/非抑菌/面积≥60cm²
	3004	247	C15010221204007	止血防粘连材料	止血材料	非织布	212	止血材料	04	羟乙基纤维素类	007	预装/不可吸收/抑菌/面积＜15cm²
	3005	248	C15010221204008	止血防粘连材料	止血材料	非织布	212	止血材料	04	羟乙基纤维素类	008	预装/不可吸收/抑菌/15cm²≤面积＜60cm²
	3006	249	C15010221204009	止血防粘连材料	止血材料	非织布	212	止血材料	04	羟乙基纤维素类	009	预装/不可吸收/抑菌/面积≥60cm²
	3007	250	C15010221204010	止血防粘连材料	止血材料	非织布	212	止血材料	04	羟乙基纤维素类	010	预装/不可吸收/非抑菌/面积＜15cm²
	3008	251	C15010221204011	止血防粘连材料	止血材料	非织布	212	止血材料	04	羟乙基纤维素类	011	预装/不可吸收/非抑菌/15cm²≤面积＜60cm²
	3009	252	C15010221204012	止血防粘连材料	止血材料	非织布	212	止血材料	04	羟乙基纤维素类	012	预装/不可吸收/非抑菌/面积≥60cm²
	3010	253	C15010221204013	止血防粘连材料	止血材料	非织布	212	止血材料	04	羟乙基纤维素类	013	非预装/可吸收/抑菌/面积＜15cm²
	3011	254	C15010221204014	止血防粘连材料	止血材料	非织布	212	止血材料	04	羟乙基纤维素类	014	非预装/可吸收/抑菌/15cm²≤面积＜60cm²
	3012	255	C15010221204015	止血防粘连材料	止血材料	非织布	212	止血材料	04	羟乙基纤维素类	015	非预装/可吸收/抑菌/面积≥60cm²
	3013	256	C15010221204016	止血防粘连材料	止血材料	非织布	212	止血材料	04	羟乙基纤维素类	016	非预装/可吸收/非抑菌/面积＜15cm²
	3014	257	C15010221204017	止血防粘连材料	止血材料	非织布	212	止血材料	04	羟乙基纤维素类	017	非预装/可吸收/非抑菌/15cm²≤面积＜60cm²
	3015	258	C15010221204018	止血防粘连材料	止血材料	非织布	212	止血材料	04	羟乙基纤维素类	018	非预装/可吸收/非抑菌/面积≥60cm²
	3016	259	C15010221204019	止血防粘连材料	止血材料	非织布	212	止血材料	04	羟乙基纤维素类	019	非预装/不可吸收/抑菌/面积＜15cm²
	3017	260	C15010221204020	止血防粘连材料	止血材料	非织布	212	止血材料	04	羟乙基纤维素类	020	非预装/不可吸收/抑菌/15cm²≤面积＜60cm²
	3018	261	C15010221204021	止血防粘连材料	止血材料	非织布	212	止血材料	04	羟乙基纤维素类	021	非预装/不可吸收/抑菌/面积≥60cm²
	3019	262	C15010221204022	止血防粘连材料	止血材料	非织布	212	止血材料	04	羟乙基纤维素类	022	非预装/不可吸收/非抑菌/面积＜15cm²
	3020	263	C15010221204023	止血防粘连材料	止血材料	非织布	212	止血材料	04	羟乙基纤维素类	023	非预装/不可吸收/非抑菌/15cm²≤面积＜60cm²
	3021	264	C15010221204024	止血防粘连材料	止血材料	非织布	212	止血材料	04	羟乙基纤维素类	024	非预装/不可吸收/非抑菌/面积≥60cm²
	3022	265	C15010221205001	止血防粘连材料	止血材料	非织布	212	止血材料	05	胶原	001	预装/可吸收/抑菌/面积＜15cm²
	3023	266	C15010221205002	止血防粘连材料	止血材料	非织布	212	止血材料	05	胶原	002	预装/可吸收/抑菌/15cm²≤面积＜60cm²
	3024	267	C15010221205003	止血防粘连材料	止血材料	非织布	212	止血材料	05	胶原	003	预装/可吸收/抑菌/面积≥60cm²
	3025	268	C15010221205004	止血防粘连材料	止血材料	非织布	212	止血材料	05	胶原	004	预装/可吸收/非抑菌/面积＜15cm²
	3026	269	C15010221205005	止血防粘连材料	止血材料	非织布	212	止血材料	05	胶原	005	预装/可吸收/非抑菌/15cm²≤面积＜60cm²
	3027	270	C15010221205006	止血防粘连材料	止血材料	非织布	212	止血材料	05	胶原	006	预装/可吸收/非抑菌/面积≥60cm²
	3028	271	C15010221205007	止血防粘连材料	止血材料	非织布	212	止血材料	05	胶原	007	预装/不可吸收/抑菌/面积＜15cm²
	3029	272	C15010221205008	止血防粘连材料	止血材料	非织布	212	止血材料	05	胶原	008	预装/不可吸收/抑菌/15cm²≤面积＜60cm²
	3030	273	C15010221205009	止血防粘连材料	止血材料	非织布	212	止血材料	05	胶原	009	预装/不可吸收/抑菌/面积≥60cm²
	3031	274	C15010221205010	止血防粘连材料	止血材料	非织布	212	止血材料	05	胶原	010	预装/不可吸收/非抑菌/面积＜15cm²
	3032	275	C15010221205011	止血防粘连材料	止血材料	非织布	212	止血材料	05	胶原	011	预装/不可吸收/非抑菌/15cm²≤面积＜60cm²
	3033	276	C15010221205012	止血防粘连材料	止血材料	非织布	212	止血材料	05	胶原	012	预装/不可吸收/非抑菌/面积≥60cm²
	3034	277	C15010221205013	止血防粘连材料	止血材料	非织布	212	止血材料	05	胶原	013	非预装/可吸收/抑菌/面积＜15cm²
	3035	278	C15010221205014	止血防粘连材料	止血材料	非织布	212	止血材料	05	胶原	014	非预装/可吸收/抑菌/15cm²≤面积＜60cm²
	3036	279	C15010221205015	止血防粘连材料	止血材料	非织布	212	止血材料	05	胶原	015	非预装/可吸收/抑菌/面积≥60cm²
	3037	280	C15010221205016	止血防粘连材料	止血材料	非织布	212	止血材料	05	胶原	016	非预装/可吸收/非抑菌/面积＜15cm²
	3038	281	C15010221205017	止血防粘连材料	止血材料	非织布	212	止血材料	05	胶原	017	非预装/可吸收/非抑菌/15cm²≤面积＜60cm²
	3039	282	C15010221205018	止血防粘连材料	止血材料	非织布	212	止血材料	05	胶原	018	非预装/可吸收/非抑菌/面积≥60cm²
	3040	283	C15010221205019	止血防粘连材料	止血材料	非织布	212	止血材料	05	胶原	019	非预装/不可吸收/抑菌/面积＜15cm²
	3041	284	C15010221205020	止血防粘连材料	止血材料	非织布	212	止血材料	05	胶原	020	非预装/不可吸收/抑菌/15cm²≤面积＜60cm²
	3042	285	C15010221205021	止血防粘连材料	止血材料	非织布	212	止血材料	05	胶原	021	非预装/不可吸收/抑菌/面积≥60cm²
	3043	286	C15010221205022	止血防粘连材料	止血材料	非织布	212	止血材料	05	胶原	022	非预装/不可吸收/非抑菌/面积＜15cm²
	3044	287	C15010221205023	止血防粘连材料	止血材料	非织布	212	止血材料	05	胶原	023	非预装/不可吸收/非抑菌/15cm²≤面积＜60cm²
	3045	288	C15010221205024	止血防粘连材料	止血材料	非织布	212	止血材料	05	胶原	024	非预装/不可吸收/非抑菌/面积≥60cm²
	3046	289	C15010221206001	止血防粘连材料	止血材料	非织布	212	止血材料	06	透明质酸钠	001	预装/可吸收/抑菌/面积＜15cm²
	3047	290	C15010221206002	止血防粘连材料	止血材料	非织布	212	止血材料	06	透明质酸钠	002	预装/可吸收/抑菌/15cm²≤面积＜60cm²
	3048	291	C15010221206003	止血防粘连材料	止血材料	非织布	212	止血材料	06	透明质酸钠	003	预装/可吸收/抑菌/面积≥60cm²
	3049	292	C15010221206004	止血防粘连材料	止血材料	非织布	212	止血材料	06	透明质酸钠	004	预装/可吸收/非抑菌/面积＜15cm²
	3050	293	C15010221206005	止血防粘连材料	止血材料	非织布	212	止血材料	06	透明质酸钠	005	预装/可吸收/非抑菌/15cm²≤面积＜60cm²
	3051	294	C15010221206006	止血防粘连材料	止血材料	非织布	212	止血材料	06	透明质酸钠	006	预装/可吸收/非抑菌/面积≥60cm²
	3052	295	C15010221206007	止血防粘连材料	止血材料	非织布	212	止血材料	06	透明质酸钠	007	预装/不可吸收/抑菌/面积＜15cm²
	3053	296	C15010221206008	止血防粘连材料	止血材料	非织布	212	止血材料	06	透明质酸钠	008	预装/不可吸收/抑菌/15cm²≤面积＜60cm²
	3054	297	C15010221206009	止血防粘连材料	止血材料	非织布	212	止血材料	06	透明质酸钠	009	预装/不可吸收/抑菌/面积≥60cm²
	3055	298	C15010221206010	止血防粘连材料	止血材料	非织布	212	止血材料	06	透明质酸钠	010	预装/不可吸收/非抑菌/面积＜15cm²
	3056	299	C15010221206011	止血防粘连材料	止血材料	非织布	212	止血材料	06	透明质酸钠	011	预装/不可吸收/非抑菌/15cm²≤面积＜60cm²
	3057	300	C15010221206012	止血防粘连材料	止血材料	非织布	212	止血材料	06	透明质酸钠	012	预装/不可吸收/非抑菌/面积≥60cm²
	3058	301	C15010221206013	止血防粘连材料	止血材料	非织布	212	止血材料	06	透明质酸钠	013	非预装/可吸收/抑菌/面积＜15cm²
	3059	302	C15010221206014	止血防粘连材料	止血材料	非织布	212	止血材料	06	透明质酸钠	014	非预装/可吸收/抑菌/15cm²≤面积＜60cm²
	3060	303	C15010221206015	止血防粘连材料	止血材料	非织布	212	止血材料	06	透明质酸钠	015	非预装/可吸收/抑菌/面积≥60cm²
	3061	304	C15010221206016	止血防粘连材料	止血材料	非织布	212	止血材料	06	透明质酸钠	016	非预装/可吸收/非抑菌/面积＜15cm²
	3062	305	C15010221206017	止血防粘连材料	止血材料	非织布	212	止血材料	06	透明质酸钠	017	非预装/可吸收/非抑菌/15cm²≤面积＜60cm²
	3063	306	C15010221206018	止血防粘连材料	止血材料	非织布	212	止血材料	06	透明质酸钠	018	非预装/可吸收/非抑菌/面积≥60cm²
	3064	307	C15010221206019	止血防粘连材料	止血材料	非织布	212	止血材料	06	透明质酸钠	019	非预装/不可吸收/抑菌/面积＜15cm²
	3065	308	C15010221206020	止血防粘连材料	止血材料	非织布	212	止血材料	06	透明质酸钠	020	非预装/不可吸收/抑菌/15cm²≤面积＜60cm²
	3066	309	C15010221206021	止血防粘连材料	止血材料	非织布	212	止血材料	06	透明质酸钠	021	非预装/不可吸收/抑菌/面积≥60cm²
	3067	310	C15010221206022	止血防粘连材料	止血材料	非织布	212	止血材料	06	透明质酸钠	022	非预装/不可吸收/非抑菌/面积＜15cm²
	3068	311	C15010221206023	止血防粘连材料	止血材料	非织布	212	止血材料	06	透明质酸钠	023	非预装/不可吸收/非抑菌/15cm²≤面积＜60cm²
	3069	312	C15010221206024	止血防粘连材料	止血材料	非织布	212	止血材料	06	透明质酸钠	024	非预装/不可吸收/非抑菌/面积≥60cm²
	3070	313	C15010321201001	止血防粘连材料	止血材料	纤丝	212	止血材料	01	再生氧化纤维素	001	预装/可吸收/抑菌/面积＜15cm²
	3071	314	C15010321201002	止血防粘连材料	止血材料	纤丝	212	止血材料	01	再生氧化纤维素	002	预装/可吸收/抑菌/15cm²≤面积＜60cm²
	3072	315	C15010321201003	止血防粘连材料	止血材料	纤丝	212	止血材料	01	再生氧化纤维素	003	预装/可吸收/抑菌/面积≥60cm²
	3073	316	C15010321201004	止血防粘连材料	止血材料	纤丝	212	止血材料	01	再生氧化纤维素	004	预装/可吸收/非抑菌/面积＜15cm²
	3074	317	C15010321201005	止血防粘连材料	止血材料	纤丝	212	止血材料	01	再生氧化纤维素	005	预装/可吸收/非抑菌/15cm²≤面积＜60cm²
	3075	318	C15010321201006	止血防粘连材料	止血材料	纤丝	212	止血材料	01	再生氧化纤维素	006	预装/可吸收/非抑菌/面积≥60cm²
	3076	319	C15010321201007	止血防粘连材料	止血材料	纤丝	212	止血材料	01	再生氧化纤维素	007	预装/不可吸收/抑菌/面积＜15cm²
	3077	320	C15010321201008	止血防粘连材料	止血材料	纤丝	212	止血材料	01	再生氧化纤维素	008	预装/不可吸收/抑菌/15cm²≤面积＜60cm²
	3078	321	C15010321201009	止血防粘连材料	止血材料	纤丝	212	止血材料	01	再生氧化纤维素	009	预装/不可吸收/抑菌/面积≥60cm²
	3079	322	C15010321201010	止血防粘连材料	止血材料	纤丝	212	止血材料	01	再生氧化纤维素	010	预装/不可吸收/非抑菌/面积＜15cm²
	3080	323	C15010321201011	止血防粘连材料	止血材料	纤丝	212	止血材料	01	再生氧化纤维素	011	预装/不可吸收/非抑菌/15cm²≤面积＜60cm²
	3081	324	C15010321201012	止血防粘连材料	止血材料	纤丝	212	止血材料	01	再生氧化纤维素	012	预装/不可吸收/非抑菌/面积≥60cm²
	3082	325	C15010321201013	止血防粘连材料	止血材料	纤丝	212	止血材料	01	再生氧化纤维素	013	非预装/可吸收/抑菌/面积＜15cm²
	3083	326	C15010321201014	止血防粘连材料	止血材料	纤丝	212	止血材料	01	再生氧化纤维素	014	非预装/可吸收/抑菌/15cm²≤面积＜60cm²
	3084	327	C15010321201015	止血防粘连材料	止血材料	纤丝	212	止血材料	01	再生氧化纤维素	015	非预装/可吸收/抑菌/面积≥60cm²
	3085	328	C15010321201016	止血防粘连材料	止血材料	纤丝	212	止血材料	01	再生氧化纤维素	016	非预装/可吸收/非抑菌/面积＜15cm²
	3086	329	C15010321201017	止血防粘连材料	止血材料	纤丝	212	止血材料	01	再生氧化纤维素	017	非预装/可吸收/非抑菌/15cm²≤面积＜60cm²
	3087	330	C15010321201018	止血防粘连材料	止血材料	纤丝	212	止血材料	01	再生氧化纤维素	018	非预装/可吸收/非抑菌/面积≥60cm²
	3088	331	C15010321201019	止血防粘连材料	止血材料	纤丝	212	止血材料	01	再生氧化纤维素	019	非预装/不可吸收/抑菌/面积＜15cm²
	3089	332	C15010321201020	止血防粘连材料	止血材料	纤丝	212	止血材料	01	再生氧化纤维素	020	非预装/不可吸收/抑菌/15cm²≤面积＜60cm²
	3090	333	C15010321201021	止血防粘连材料	止血材料	纤丝	212	止血材料	01	再生氧化纤维素	021	非预装/不可吸收/抑菌/面积≥60cm²
	3091	334	C15010321201022	止血防粘连材料	止血材料	纤丝	212	止血材料	01	再生氧化纤维素	022	非预装/不可吸收/非抑菌/面积＜15cm²
	3092	335	C15010321201023	止血防粘连材料	止血材料	纤丝	212	止血材料	01	再生氧化纤维素	023	非预装/不可吸收/非抑菌/15cm²≤面积＜60cm²
	3093	336	C15010321201024	止血防粘连材料	止血材料	纤丝	212	止血材料	01	再生氧化纤维素	024	非预装/不可吸收/非抑菌/面积≥60cm²
	3094	337	C15010321202001	止血防粘连材料	止血材料	纤丝	212	止血材料	02	氧化纤维素	001	预装/可吸收/抑菌/面积＜15cm²
	3095	338	C15010321202002	止血防粘连材料	止血材料	纤丝	212	止血材料	02	氧化纤维素	002	预装/可吸收/抑菌/15cm²≤面积＜60cm²
	3096	339	C15010321202003	止血防粘连材料	止血材料	纤丝	212	止血材料	02	氧化纤维素	003	预装/可吸收/抑菌/面积≥60cm²
	3097	340	C15010321202004	止血防粘连材料	止血材料	纤丝	212	止血材料	02	氧化纤维素	004	预装/可吸收/非抑菌/面积＜15cm²
	3098	341	C15010321202005	止血防粘连材料	止血材料	纤丝	212	止血材料	02	氧化纤维素	005	预装/可吸收/非抑菌/15cm²≤面积＜60cm²
	3099	342	C15010321202006	止血防粘连材料	止血材料	纤丝	212	止血材料	02	氧化纤维素	006	预装/可吸收/非抑菌/面积≥60cm²
	3100	343	C15010321202007	止血防粘连材料	止血材料	纤丝	212	止血材料	02	氧化纤维素	007	预装/不可吸收/抑菌/面积＜15cm²
	3101	344	C15010321202008	止血防粘连材料	止血材料	纤丝	212	止血材料	02	氧化纤维素	008	预装/不可吸收/抑菌/15cm²≤面积＜60cm²
	3102	345	C15010321202009	止血防粘连材料	止血材料	纤丝	212	止血材料	02	氧化纤维素	009	预装/不可吸收/抑菌/面积≥60cm²
	3103	346	C15010321202010	止血防粘连材料	止血材料	纤丝	212	止血材料	02	氧化纤维素	010	预装/不可吸收/非抑菌/面积＜15cm²
	3104	347	C15010321202011	止血防粘连材料	止血材料	纤丝	212	止血材料	02	氧化纤维素	011	预装/不可吸收/非抑菌/15cm²≤面积＜60cm²
	3105	348	C15010321202012	止血防粘连材料	止血材料	纤丝	212	止血材料	02	氧化纤维素	012	预装/不可吸收/非抑菌/面积≥60cm²
	3106	349	C15010321202013	止血防粘连材料	止血材料	纤丝	212	止血材料	02	氧化纤维素	013	非预装/可吸收/抑菌/面积＜15cm²
	3107	350	C15010321202014	止血防粘连材料	止血材料	纤丝	212	止血材料	02	氧化纤维素	014	非预装/可吸收/抑菌/15cm²≤面积＜60cm²
	3108	351	C15010321202015	止血防粘连材料	止血材料	纤丝	212	止血材料	02	氧化纤维素	015	非预装/可吸收/抑菌/面积≥60cm²
	3109	352	C15010321202016	止血防粘连材料	止血材料	纤丝	212	止血材料	02	氧化纤维素	016	非预装/可吸收/非抑菌/面积＜15cm²
	3110	353	C15010321202017	止血防粘连材料	止血材料	纤丝	212	止血材料	02	氧化纤维素	017	非预装/可吸收/非抑菌/15cm²≤面积＜60cm²
	3111	354	C15010321202018	止血防粘连材料	止血材料	纤丝	212	止血材料	02	氧化纤维素	018	非预装/可吸收/非抑菌/面积≥60cm²
	3112	355	C15010321202019	止血防粘连材料	止血材料	纤丝	212	止血材料	02	氧化纤维素	019	非预装/不可吸收/抑菌/面积＜15cm²
	3113	356	C15010321202020	止血防粘连材料	止血材料	纤丝	212	止血材料	02	氧化纤维素	020	非预装/不可吸收/抑菌/15cm²≤面积＜60cm²
	3114	357	C15010321202021	止血防粘连材料	止血材料	纤丝	212	止血材料	02	氧化纤维素	021	非预装/不可吸收/抑菌/面积≥60cm²
	3115	358	C15010321202022	止血防粘连材料	止血材料	纤丝	212	止血材料	02	氧化纤维素	022	非预装/不可吸收/非抑菌/面积＜15cm²
	3116	359	C15010321202023	止血防粘连材料	止血材料	纤丝	212	止血材料	02	氧化纤维素	023	非预装/不可吸收/非抑菌/15cm²≤面积＜60cm²
	3117	360	C15010321202024	止血防粘连材料	止血材料	纤丝	212	止血材料	02	氧化纤维素	024	非预装/不可吸收/非抑菌/面积≥60cm²
	3118	361	C15010321203001	止血防粘连材料	止血材料	纤丝	212	止血材料	03	壳聚糖	001	预装/可吸收/抑菌/面积＜15cm²
	3119	362	C15010321203002	止血防粘连材料	止血材料	纤丝	212	止血材料	03	壳聚糖	002	预装/可吸收/抑菌/15cm²≤面积＜60cm²
	3120	363	C15010321203003	止血防粘连材料	止血材料	纤丝	212	止血材料	03	壳聚糖	003	预装/可吸收/抑菌/面积≥60cm²
	3121	364	C15010321203004	止血防粘连材料	止血材料	纤丝	212	止血材料	03	壳聚糖	004	预装/可吸收/非抑菌/面积＜15cm²
	3122	365	C15010321203005	止血防粘连材料	止血材料	纤丝	212	止血材料	03	壳聚糖	005	预装/可吸收/非抑菌/15cm²≤面积＜60cm²
	3123	366	C15010321203006	止血防粘连材料	止血材料	纤丝	212	止血材料	03	壳聚糖	006	预装/可吸收/非抑菌/面积≥60cm²
	3124	367	C15010321203007	止血防粘连材料	止血材料	纤丝	212	止血材料	03	壳聚糖	007	预装/不可吸收/抑菌/面积＜15cm²
	3125	368	C15010321203008	止血防粘连材料	止血材料	纤丝	212	止血材料	03	壳聚糖	008	预装/不可吸收/抑菌/15cm²≤面积＜60cm²
	3126	369	C15010321203009	止血防粘连材料	止血材料	纤丝	212	止血材料	03	壳聚糖	009	预装/不可吸收/抑菌/面积≥60cm²
	3127	370	C15010321203010	止血防粘连材料	止血材料	纤丝	212	止血材料	03	壳聚糖	010	预装/不可吸收/非抑菌/面积＜15cm²
	3128	371	C15010321203011	止血防粘连材料	止血材料	纤丝	212	止血材料	03	壳聚糖	011	预装/不可吸收/非抑菌/15cm²≤面积＜60cm²
	3129	372	C15010321203012	止血防粘连材料	止血材料	纤丝	212	止血材料	03	壳聚糖	012	预装/不可吸收/非抑菌/面积≥60cm²
	3130	373	C15010321203013	止血防粘连材料	止血材料	纤丝	212	止血材料	03	壳聚糖	013	非预装/可吸收/抑菌/面积＜15cm²
	3131	374	C15010321203014	止血防粘连材料	止血材料	纤丝	212	止血材料	03	壳聚糖	014	非预装/可吸收/抑菌/15cm²≤面积＜60cm²
	3132	375	C15010321203015	止血防粘连材料	止血材料	纤丝	212	止血材料	03	壳聚糖	015	非预装/可吸收/抑菌/面积≥60cm²
	3133	376	C15010321203016	止血防粘连材料	止血材料	纤丝	212	止血材料	03	壳聚糖	016	非预装/可吸收/非抑菌/面积＜15cm²
	3134	377	C15010321203017	止血防粘连材料	止血材料	纤丝	212	止血材料	03	壳聚糖	017	非预装/可吸收/非抑菌/15cm²≤面积＜60cm²
	3135	378	C15010321203018	止血防粘连材料	止血材料	纤丝	212	止血材料	03	壳聚糖	018	非预装/可吸收/非抑菌/面积≥60cm²
	3136	379	C15010321203019	止血防粘连材料	止血材料	纤丝	212	止血材料	03	壳聚糖	019	非预装/不可吸收/抑菌/面积＜15cm²
	3137	380	C15010321203020	止血防粘连材料	止血材料	纤丝	212	止血材料	03	壳聚糖	020	非预装/不可吸收/抑菌/15cm²≤面积＜60cm²
	3138	381	C15010321203021	止血防粘连材料	止血材料	纤丝	212	止血材料	03	壳聚糖	021	非预装/不可吸收/抑菌/面积≥60cm²
	3139	382	C15010321203022	止血防粘连材料	止血材料	纤丝	212	止血材料	03	壳聚糖	022	非预装/不可吸收/非抑菌/面积＜15cm²
	3140	383	C15010321203023	止血防粘连材料	止血材料	纤丝	212	止血材料	03	壳聚糖	023	非预装/不可吸收/非抑菌/15cm²≤面积＜60cm²
	3141	384	C15010321203024	止血防粘连材料	止血材料	纤丝	212	止血材料	03	壳聚糖	024	非预装/不可吸收/非抑菌/面积≥60cm²
	3142	385	C15010321204001	止血防粘连材料	止血材料	纤丝	212	止血材料	04	羟乙基纤维素类	001	预装/可吸收/抑菌/面积＜15cm²
	3143	386	C15010321204002	止血防粘连材料	止血材料	纤丝	212	止血材料	04	羟乙基纤维素类	002	预装/可吸收/抑菌/15cm²≤面积＜60cm²
	3144	387	C15010321204003	止血防粘连材料	止血材料	纤丝	212	止血材料	04	羟乙基纤维素类	003	预装/可吸收/抑菌/面积≥60cm²
	3145	388	C15010321204004	止血防粘连材料	止血材料	纤丝	212	止血材料	04	羟乙基纤维素类	004	预装/可吸收/非抑菌/面积＜15cm²
	3146	389	C15010321204005	止血防粘连材料	止血材料	纤丝	212	止血材料	04	羟乙基纤维素类	005	预装/可吸收/非抑菌/15cm²≤面积＜60cm²
	3147	390	C15010321204006	止血防粘连材料	止血材料	纤丝	212	止血材料	04	羟乙基纤维素类	006	预装/可吸收/非抑菌/面积≥60cm²
	3148	391	C15010321204007	止血防粘连材料	止血材料	纤丝	212	止血材料	04	羟乙基纤维素类	007	预装/不可吸收/抑菌/面积＜15cm²
	3149	392	C15010321204008	止血防粘连材料	止血材料	纤丝	212	止血材料	04	羟乙基纤维素类	008	预装/不可吸收/抑菌/15cm²≤面积＜60cm²
	3150	393	C15010321204009	止血防粘连材料	止血材料	纤丝	212	止血材料	04	羟乙基纤维素类	009	预装/不可吸收/抑菌/面积≥60cm²
	3151	394	C15010321204010	止血防粘连材料	止血材料	纤丝	212	止血材料	04	羟乙基纤维素类	010	预装/不可吸收/非抑菌/面积＜15cm²
	3152	395	C15010321204011	止血防粘连材料	止血材料	纤丝	212	止血材料	04	羟乙基纤维素类	011	预装/不可吸收/非抑菌/15cm²≤面积＜60cm²
	3153	396	C15010321204012	止血防粘连材料	止血材料	纤丝	212	止血材料	04	羟乙基纤维素类	012	预装/不可吸收/非抑菌/面积≥60cm²
	3154	397	C15010321204013	止血防粘连材料	止血材料	纤丝	212	止血材料	04	羟乙基纤维素类	013	非预装/可吸收/抑菌/面积＜15cm²
	3155	398	C15010321204014	止血防粘连材料	止血材料	纤丝	212	止血材料	04	羟乙基纤维素类	014	非预装/可吸收/抑菌/15cm²≤面积＜60cm²
	3156	399	C15010321204015	止血防粘连材料	止血材料	纤丝	212	止血材料	04	羟乙基纤维素类	015	非预装/可吸收/抑菌/面积≥60cm²
	3157	400	C15010321204016	止血防粘连材料	止血材料	纤丝	212	止血材料	04	羟乙基纤维素类	016	非预装/可吸收/非抑菌/面积＜15cm²
	3158	401	C15010321204017	止血防粘连材料	止血材料	纤丝	212	止血材料	04	羟乙基纤维素类	017	非预装/可吸收/非抑菌/15cm²≤面积＜60cm²
	3159	402	C15010321204018	止血防粘连材料	止血材料	纤丝	212	止血材料	04	羟乙基纤维素类	018	非预装/可吸收/非抑菌/面积≥60cm²
	3160	403	C15010321204019	止血防粘连材料	止血材料	纤丝	212	止血材料	04	羟乙基纤维素类	019	非预装/不可吸收/抑菌/面积＜15cm²
	3161	404	C15010321204020	止血防粘连材料	止血材料	纤丝	212	止血材料	04	羟乙基纤维素类	020	非预装/不可吸收/抑菌/15cm²≤面积＜60cm²
	3162	405	C15010321204021	止血防粘连材料	止血材料	纤丝	212	止血材料	04	羟乙基纤维素类	021	非预装/不可吸收/抑菌/面积≥60cm²
	3163	406	C15010321204022	止血防粘连材料	止血材料	纤丝	212	止血材料	04	羟乙基纤维素类	022	非预装/不可吸收/非抑菌/面积＜15cm²
	3164	407	C15010321204023	止血防粘连材料	止血材料	纤丝	212	止血材料	04	羟乙基纤维素类	023	非预装/不可吸收/非抑菌/15cm²≤面积＜60cm²
	3165	408	C15010321204024	止血防粘连材料	止血材料	纤丝	212	止血材料	04	羟乙基纤维素类	024	非预装/不可吸收/非抑菌/面积≥60cm²
	3166	409	C15010321205001	止血防粘连材料	止血材料	纤丝	212	止血材料	05	胶原	001	预装/可吸收/抑菌/面积＜15cm²
	3167	410	C15010321205002	止血防粘连材料	止血材料	纤丝	212	止血材料	05	胶原	002	预装/可吸收/抑菌/15cm²≤面积＜60cm²
	3168	411	C15010321205003	止血防粘连材料	止血材料	纤丝	212	止血材料	05	胶原	003	预装/可吸收/抑菌/面积≥60cm²
	3169	412	C15010321205004	止血防粘连材料	止血材料	纤丝	212	止血材料	05	胶原	004	预装/可吸收/非抑菌/面积＜15cm²
	3170	413	C15010321205005	止血防粘连材料	止血材料	纤丝	212	止血材料	05	胶原	005	预装/可吸收/非抑菌/15cm²≤面积＜60cm²
	3171	414	C15010321205006	止血防粘连材料	止血材料	纤丝	212	止血材料	05	胶原	006	预装/可吸收/非抑菌/面积≥60cm²
	3172	415	C15010321205007	止血防粘连材料	止血材料	纤丝	212	止血材料	05	胶原	007	预装/不可吸收/抑菌/面积＜15cm²
	3173	416	C15010321205008	止血防粘连材料	止血材料	纤丝	212	止血材料	05	胶原	008	预装/不可吸收/抑菌/15cm²≤面积＜60cm²
	3174	417	C15010321205009	止血防粘连材料	止血材料	纤丝	212	止血材料	05	胶原	009	预装/不可吸收/抑菌/面积≥60cm²
	3175	418	C15010321205010	止血防粘连材料	止血材料	纤丝	212	止血材料	05	胶原	010	预装/不可吸收/非抑菌/面积＜15cm²
	3176	419	C15010321205011	止血防粘连材料	止血材料	纤丝	212	止血材料	05	胶原	011	预装/不可吸收/非抑菌/15cm²≤面积＜60cm²
	3177	420	C15010321205012	止血防粘连材料	止血材料	纤丝	212	止血材料	05	胶原	012	预装/不可吸收/非抑菌/面积≥60cm²
	3178	421	C15010321205013	止血防粘连材料	止血材料	纤丝	212	止血材料	05	胶原	013	非预装/可吸收/抑菌/面积＜15cm²
	3179	422	C15010321205014	止血防粘连材料	止血材料	纤丝	212	止血材料	05	胶原	014	非预装/可吸收/抑菌/15cm²≤面积＜60cm²
	3180	423	C15010321205015	止血防粘连材料	止血材料	纤丝	212	止血材料	05	胶原	015	非预装/可吸收/抑菌/面积≥60cm²
	3181	424	C15010321205016	止血防粘连材料	止血材料	纤丝	212	止血材料	05	胶原	016	非预装/可吸收/非抑菌/面积＜15cm²
	3182	425	C15010321205017	止血防粘连材料	止血材料	纤丝	212	止血材料	05	胶原	017	非预装/可吸收/非抑菌/15cm²≤面积＜60cm²
	3183	426	C15010321205018	止血防粘连材料	止血材料	纤丝	212	止血材料	05	胶原	018	非预装/可吸收/非抑菌/面积≥60cm²
	3184	427	C15010321205019	止血防粘连材料	止血材料	纤丝	212	止血材料	05	胶原	019	非预装/不可吸收/抑菌/面积＜15cm²
	3185	428	C15010321205020	止血防粘连材料	止血材料	纤丝	212	止血材料	05	胶原	020	非预装/不可吸收/抑菌/15cm²≤面积＜60cm²
	3186	429	C15010321205021	止血防粘连材料	止血材料	纤丝	212	止血材料	05	胶原	021	非预装/不可吸收/抑菌/面积≥60cm²
	3187	430	C15010321205022	止血防粘连材料	止血材料	纤丝	212	止血材料	05	胶原	022	非预装/不可吸收/非抑菌/面积＜15cm²
	3188	431	C15010321205023	止血防粘连材料	止血材料	纤丝	212	止血材料	05	胶原	023	非预装/不可吸收/非抑菌/15cm²≤面积＜60cm²
	3189	432	C15010321205024	止血防粘连材料	止血材料	纤丝	212	止血材料	05	胶原	024	非预装/不可吸收/非抑菌/面积≥60cm²
	3190	433	C15010421201001	止血防粘连材料	止血材料	粉	212	止血材料	01	再生氧化纤维素	001	预装/抑菌/质量＜2g
	3191	434	C15010421201002	止血防粘连材料	止血材料	粉	212	止血材料	01	再生氧化纤维素	002	预装/抑菌/2g≤质量＜3g
	3192	435	C15010421201003	止血防粘连材料	止血材料	粉	212	止血材料	01	再生氧化纤维素	003	预装/抑菌/质量≥3g
	3193	436	C15010421201004	止血防粘连材料	止血材料	粉	212	止血材料	01	再生氧化纤维素	004	预装/非抑菌/质量＜2g
	3194	437	C15010421201005	止血防粘连材料	止血材料	粉	212	止血材料	01	再生氧化纤维素	005	预装/非抑菌/2g≤质量＜3g
	3195	438	C15010421201006	止血防粘连材料	止血材料	粉	212	止血材料	01	再生氧化纤维素	006	预装/非抑菌/质量≥3g
	3196	439	C15010421201007	止血防粘连材料	止血材料	粉	212	止血材料	01	再生氧化纤维素	007	非预装/抑菌/质量＜2g
	3197	440	C15010421201008	止血防粘连材料	止血材料	粉	212	止血材料	01	再生氧化纤维素	008	非预装/抑菌/2g≤质量＜3g
	3198	441	C15010421201009	止血防粘连材料	止血材料	粉	212	止血材料	01	再生氧化纤维素	009	非预装/抑菌/质量≥3g
	3199	442	C15010421201010	止血防粘连材料	止血材料	粉	212	止血材料	01	再生氧化纤维素	010	非预装/非抑菌/质量＜2g
	3200	443	C15010421201011	止血防粘连材料	止血材料	粉	212	止血材料	01	再生氧化纤维素	011	非预装/非抑菌/2g≤质量＜3g
	3201	444	C15010421201012	止血防粘连材料	止血材料	粉	212	止血材料	01	再生氧化纤维素	012	非预装/非抑菌/质量≥3g
	3202	445	C15010421202001	止血防粘连材料	止血材料	粉	212	止血材料	02	淀粉（多聚糖）	001	预装/抑菌/质量＜2g
	3203	446	C15010421202002	止血防粘连材料	止血材料	粉	212	止血材料	02	淀粉（多聚糖）	002	预装/抑菌/2g≤质量＜3g
	3204	447	C15010421202003	止血防粘连材料	止血材料	粉	212	止血材料	02	淀粉（多聚糖）	003	预装/抑菌/质量≥3g
	3205	448	C15010421202004	止血防粘连材料	止血材料	粉	212	止血材料	02	淀粉（多聚糖）	004	预装/非抑菌/质量＜2g
	3206	449	C15010421202005	止血防粘连材料	止血材料	粉	212	止血材料	02	淀粉（多聚糖）	005	预装/非抑菌/2g≤质量＜3g
	3207	450	C15010421202006	止血防粘连材料	止血材料	粉	212	止血材料	02	淀粉（多聚糖）	006	预装/非抑菌/质量≥3g
	3208	451	C15010421202007	止血防粘连材料	止血材料	粉	212	止血材料	02	淀粉（多聚糖）	007	非预装/抑菌/质量＜2g
	3209	452	C15010421202008	止血防粘连材料	止血材料	粉	212	止血材料	02	淀粉（多聚糖）	008	非预装/抑菌/2g≤质量＜3g
	3210	453	C15010421202009	止血防粘连材料	止血材料	粉	212	止血材料	02	淀粉（多聚糖）	009	非预装/抑菌/质量≥3g
	3211	454	C15010421202010	止血防粘连材料	止血材料	粉	212	止血材料	02	淀粉（多聚糖）	010	非预装/非抑菌/质量＜2g
	3212	455	C15010421202011	止血防粘连材料	止血材料	粉	212	止血材料	02	淀粉（多聚糖）	011	非预装/非抑菌/2g≤质量＜3g
	3213	456	C15010421202012	止血防粘连材料	止血材料	粉	212	止血材料	02	淀粉（多聚糖）	012	非预装/非抑菌/质量≥3g
	3214	457	C15010421203001	止血防粘连材料	止血材料	粉	212	止血材料	03	羧甲基多聚糖	001	预装/抑菌/质量＜2g
	3215	458	C15010421203002	止血防粘连材料	止血材料	粉	212	止血材料	03	羧甲基多聚糖	002	预装/抑菌/2g≤质量＜3g
	3216	459	C15010421203003	止血防粘连材料	止血材料	粉	212	止血材料	03	羧甲基多聚糖	003	预装/抑菌/质量≥3g
	3217	460	C15010421203004	止血防粘连材料	止血材料	粉	212	止血材料	03	羧甲基多聚糖	004	预装/非抑菌/质量＜2g
	3218	461	C15010421203005	止血防粘连材料	止血材料	粉	212	止血材料	03	羧甲基多聚糖	005	预装/非抑菌/2g≤质量＜3g
	3219	462	C15010421203006	止血防粘连材料	止血材料	粉	212	止血材料	03	羧甲基多聚糖	006	预装/非抑菌/质量≥3g
	3220	463	C15010421203007	止血防粘连材料	止血材料	粉	212	止血材料	03	羧甲基多聚糖	007	非预装/抑菌/质量＜2g
	3221	464	C15010421203008	止血防粘连材料	止血材料	粉	212	止血材料	03	羧甲基多聚糖	008	非预装/抑菌/2g≤质量＜3g
	3222	465	C15010421203009	止血防粘连材料	止血材料	粉	212	止血材料	03	羧甲基多聚糖	009	非预装/抑菌/质量≥3g
	3223	466	C15010421203010	止血防粘连材料	止血材料	粉	212	止血材料	03	羧甲基多聚糖	010	非预装/非抑菌/质量＜2g
	3224	467	C15010421203011	止血防粘连材料	止血材料	粉	212	止血材料	03	羧甲基多聚糖	011	非预装/非抑菌/2g≤质量＜3g
	3225	468	C15010421203012	止血防粘连材料	止血材料	粉	212	止血材料	03	羧甲基多聚糖	012	非预装/非抑菌/质量≥3g
	3226	469	C15010421204001	止血防粘连材料	止血材料	粉	212	止血材料	04	胶原	001	预装/抑菌/质量＜2g
	3227	470	C15010421204002	止血防粘连材料	止血材料	粉	212	止血材料	04	胶原	002	预装/抑菌/2g≤质量＜3g
	3228	471	C15010421204003	止血防粘连材料	止血材料	粉	212	止血材料	04	胶原	003	预装/抑菌/质量≥3g
	3229	472	C15010421204004	止血防粘连材料	止血材料	粉	212	止血材料	04	胶原	004	预装/非抑菌/质量＜2g
	3230	473	C15010421204005	止血防粘连材料	止血材料	粉	212	止血材料	04	胶原	005	预装/非抑菌/2g≤质量＜3g
	3231	474	C15010421204006	止血防粘连材料	止血材料	粉	212	止血材料	04	胶原	006	预装/非抑菌/质量≥3g
	3232	475	C15010421204007	止血防粘连材料	止血材料	粉	212	止血材料	04	胶原	007	非预装/抑菌/质量＜2g
	3233	476	C15010421204008	止血防粘连材料	止血材料	粉	212	止血材料	04	胶原	008	非预装/抑菌/2g≤质量＜3g
	3234	477	C15010421204009	止血防粘连材料	止血材料	粉	212	止血材料	04	胶原	009	非预装/抑菌/质量≥3g
	3235	478	C15010421204010	止血防粘连材料	止血材料	粉	212	止血材料	04	胶原	010	非预装/非抑菌/质量＜2g
	3236	479	C15010421204011	止血防粘连材料	止血材料	粉	212	止血材料	04	胶原	011	非预装/非抑菌/2g≤质量＜3g
	3237	480	C15010421204012	止血防粘连材料	止血材料	粉	212	止血材料	04	胶原	012	非预装/非抑菌/质量≥3g
	3238	481	C15010421205001	止血防粘连材料	止血材料	粉	212	止血材料	05	壳聚糖	001	预装/抑菌/质量＜2g
	3239	482	C15010421205002	止血防粘连材料	止血材料	粉	212	止血材料	05	壳聚糖	002	预装/抑菌/2g≤质量＜3g
	3240	483	C15010421205003	止血防粘连材料	止血材料	粉	212	止血材料	05	壳聚糖	003	预装/抑菌/质量≥3g
	3241	484	C15010421205004	止血防粘连材料	止血材料	粉	212	止血材料	05	壳聚糖	004	预装/非抑菌/质量＜2g
	3242	485	C15010421205005	止血防粘连材料	止血材料	粉	212	止血材料	05	壳聚糖	005	预装/非抑菌/2g≤质量＜3g
	3243	486	C15010421205006	止血防粘连材料	止血材料	粉	212	止血材料	05	壳聚糖	006	预装/非抑菌/质量≥3g
	3244	487	C15010421205007	止血防粘连材料	止血材料	粉	212	止血材料	05	壳聚糖	007	非预装/抑菌/质量＜2g
	3245	488	C15010421205008	止血防粘连材料	止血材料	粉	212	止血材料	05	壳聚糖	008	非预装/抑菌/2g≤质量＜3g
	3246	489	C15010421205009	止血防粘连材料	止血材料	粉	212	止血材料	05	壳聚糖	009	非预装/抑菌/质量≥3g
	3247	490	C15010421205010	止血防粘连材料	止血材料	粉	212	止血材料	05	壳聚糖	010	非预装/非抑菌/质量＜2g
	3248	491	C15010421205011	止血防粘连材料	止血材料	粉	212	止血材料	05	壳聚糖	011	非预装/非抑菌/2g≤质量＜3g
	3249	492	C15010421205012	止血防粘连材料	止血材料	粉	212	止血材料	05	壳聚糖	012	非预装/非抑菌/质量≥3g
	3250	493	C15010421206001	止血防粘连材料	止血材料	粉	212	止血材料	06	明胶	001	预装/抑菌/质量＜2g
	3251	494	C15010421206002	止血防粘连材料	止血材料	粉	212	止血材料	06	明胶	002	预装/抑菌/2g≤质量＜3g
	3252	495	C15010421206003	止血防粘连材料	止血材料	粉	212	止血材料	06	明胶	003	预装/抑菌/质量≥3g
	3253	496	C15010421206004	止血防粘连材料	止血材料	粉	212	止血材料	06	明胶	004	预装/非抑菌/质量＜2g
	3254	497	C15010421206005	止血防粘连材料	止血材料	粉	212	止血材料	06	明胶	005	预装/非抑菌/2g≤质量＜3g
	3255	498	C15010421206006	止血防粘连材料	止血材料	粉	212	止血材料	06	明胶	006	预装/非抑菌/质量≥3g
	3256	499	C15010421206007	止血防粘连材料	止血材料	粉	212	止血材料	06	明胶	007	非预装/抑菌/质量＜2g
	3257	500	C15010421206008	止血防粘连材料	止血材料	粉	212	止血材料	06	明胶	008	非预装/抑菌/2g≤质量＜3g
	3258	501	C15010421206009	止血防粘连材料	止血材料	粉	212	止血材料	06	明胶	009	非预装/抑菌/质量≥3g
	3259	502	C15010421206010	止血防粘连材料	止血材料	粉	212	止血材料	06	明胶	010	非预装/非抑菌/质量＜2g
	3260	503	C15010421206011	止血防粘连材料	止血材料	粉	212	止血材料	06	明胶	011	非预装/非抑菌/2g≤质量＜3g
	3261	504	C15010421206012	止血防粘连材料	止血材料	粉	212	止血材料	06	明胶	012	非预装/非抑菌/质量≥3g
	3262	505	C15010521201001	止血防粘连材料	止血材料	海绵	212	止血材料	01	明胶	001	预装/可吸收/专用/体积<1cm³
	3263	506	C15010521201002	止血防粘连材料	止血材料	海绵	212	止血材料	01	明胶	002	预装/可吸收/专用/1cm³≤体积<10cm³
	3264	507	C15010521201003	止血防粘连材料	止血材料	海绵	212	止血材料	01	明胶	003	预装/可吸收/专用/体积≥10cm³
	3265	508	C15010521201004	止血防粘连材料	止血材料	海绵	212	止血材料	01	明胶	004	预装/可吸收/通用/体积<1cm³
	3266	509	C15010521201005	止血防粘连材料	止血材料	海绵	212	止血材料	01	明胶	005	预装/可吸收/通用/1cm³≤体积<10cm³
	3267	510	C15010521201006	止血防粘连材料	止血材料	海绵	212	止血材料	01	明胶	006	预装/可吸收/通用/体积≥10cm³
	3268	511	C15010521201007	止血防粘连材料	止血材料	海绵	212	止血材料	01	明胶	007	预装/不可吸收/专用/体积<1cm³
	3269	512	C15010521201008	止血防粘连材料	止血材料	海绵	212	止血材料	01	明胶	008	预装/不可吸收/专用/1cm³≤体积<10cm³
	3270	513	C15010521201009	止血防粘连材料	止血材料	海绵	212	止血材料	01	明胶	009	预装/不可吸收/专用/体积≥10cm³
	3271	514	C15010521201010	止血防粘连材料	止血材料	海绵	212	止血材料	01	明胶	010	预装/不可吸收/通用/体积<1cm³
	3272	515	C15010521201011	止血防粘连材料	止血材料	海绵	212	止血材料	01	明胶	011	预装/不可吸收/通用/1cm³≤体积<10cm³
	3273	516	C15010521201012	止血防粘连材料	止血材料	海绵	212	止血材料	01	明胶	012	预装/不可吸收/通用/体积≥10cm³
	3274	517	C15010521201013	止血防粘连材料	止血材料	海绵	212	止血材料	01	明胶	013	非预装/可吸收/专用/体积<1cm³
	3275	518	C15010521201014	止血防粘连材料	止血材料	海绵	212	止血材料	01	明胶	014	非预装/可吸收/专用/1cm³≤体积<10cm³
	3276	519	C15010521201015	止血防粘连材料	止血材料	海绵	212	止血材料	01	明胶	015	非预装/可吸收/专用/体积≥10cm³
	3277	520	C15010521201016	止血防粘连材料	止血材料	海绵	212	止血材料	01	明胶	016	非预装/可吸收/通用/体积<1cm³
	3278	521	C15010521201017	止血防粘连材料	止血材料	海绵	212	止血材料	01	明胶	017	非预装/可吸收/通用/1cm³≤体积<10cm³
	3279	522	C15010521201018	止血防粘连材料	止血材料	海绵	212	止血材料	01	明胶	018	非预装/可吸收/通用/体积≥10cm³
	3280	523	C15010521201019	止血防粘连材料	止血材料	海绵	212	止血材料	01	明胶	019	非预装/不可吸收/专用/体积<1cm³
	3281	524	C15010521201020	止血防粘连材料	止血材料	海绵	212	止血材料	01	明胶	020	非预装/不可吸收/专用/1cm³≤体积<10cm³
	3282	525	C15010521201021	止血防粘连材料	止血材料	海绵	212	止血材料	01	明胶	021	非预装/不可吸收/专用/体积≥10cm³
	3283	526	C15010521201022	止血防粘连材料	止血材料	海绵	212	止血材料	01	明胶	022	非预装/不可吸收/通用/体积<1cm³
	3284	527	C15010521201023	止血防粘连材料	止血材料	海绵	212	止血材料	01	明胶	023	非预装/不可吸收/通用/1cm³≤体积<10cm³
	3285	528	C15010521201024	止血防粘连材料	止血材料	海绵	212	止血材料	01	明胶	024	非预装/不可吸收/通用/体积≥10cm³
	3286	529	C15010521202001	止血防粘连材料	止血材料	海绵	212	止血材料	02	胶原	001	预装/可吸收/专用/体积<1cm³
	3287	530	C15010521202002	止血防粘连材料	止血材料	海绵	212	止血材料	02	胶原	002	预装/可吸收/专用/1cm³≤体积<10cm³
	3288	531	C15010521202003	止血防粘连材料	止血材料	海绵	212	止血材料	02	胶原	003	预装/可吸收/专用/体积≥10cm³
	3289	532	C15010521202004	止血防粘连材料	止血材料	海绵	212	止血材料	02	胶原	004	预装/可吸收/通用/体积<1cm³
	3290	533	C15010521202005	止血防粘连材料	止血材料	海绵	212	止血材料	02	胶原	005	预装/可吸收/通用/1cm³≤体积<10cm³
	3291	534	C15010521202006	止血防粘连材料	止血材料	海绵	212	止血材料	02	胶原	006	预装/可吸收/通用/体积≥10cm³
	3292	535	C15010521202007	止血防粘连材料	止血材料	海绵	212	止血材料	02	胶原	007	预装/不可吸收/专用/体积<1cm³
	3293	536	C15010521202008	止血防粘连材料	止血材料	海绵	212	止血材料	02	胶原	008	预装/不可吸收/专用/1cm³≤体积<10cm³
	3294	537	C15010521202009	止血防粘连材料	止血材料	海绵	212	止血材料	02	胶原	009	预装/不可吸收/专用/体积≥10cm³
	3295	538	C15010521202010	止血防粘连材料	止血材料	海绵	212	止血材料	02	胶原	010	预装/不可吸收/通用/体积<1cm³
	3296	539	C15010521202011	止血防粘连材料	止血材料	海绵	212	止血材料	02	胶原	011	预装/不可吸收/通用/1cm³≤体积<10cm³
	3297	540	C15010521202012	止血防粘连材料	止血材料	海绵	212	止血材料	02	胶原	012	预装/不可吸收/通用/体积≥10cm³
	3298	541	C15010521202013	止血防粘连材料	止血材料	海绵	212	止血材料	02	胶原	013	非预装/可吸收/专用/体积<1cm³
	3299	542	C15010521202014	止血防粘连材料	止血材料	海绵	212	止血材料	02	胶原	014	非预装/可吸收/专用/1cm³≤体积<10cm³
	3300	543	C15010521202015	止血防粘连材料	止血材料	海绵	212	止血材料	02	胶原	015	非预装/可吸收/专用/体积≥10cm³
	3301	544	C15010521202016	止血防粘连材料	止血材料	海绵	212	止血材料	02	胶原	016	非预装/可吸收/通用/体积<1cm³
	3302	545	C15010521202017	止血防粘连材料	止血材料	海绵	212	止血材料	02	胶原	017	非预装/可吸收/通用/1cm³≤体积<10cm³
	3303	546	C15010521202018	止血防粘连材料	止血材料	海绵	212	止血材料	02	胶原	018	非预装/可吸收/通用/体积≥10cm³
	3304	547	C15010521202019	止血防粘连材料	止血材料	海绵	212	止血材料	02	胶原	019	非预装/不可吸收/专用/体积<1cm³
	3305	548	C15010521202020	止血防粘连材料	止血材料	海绵	212	止血材料	02	胶原	020	非预装/不可吸收/专用/1cm³≤体积<10cm³
	3306	549	C15010521202021	止血防粘连材料	止血材料	海绵	212	止血材料	02	胶原	021	非预装/不可吸收/专用/体积≥10cm³
	3307	550	C15010521202022	止血防粘连材料	止血材料	海绵	212	止血材料	02	胶原	022	非预装/不可吸收/通用/体积<1cm³
	3308	551	C15010521202023	止血防粘连材料	止血材料	海绵	212	止血材料	02	胶原	023	非预装/不可吸收/通用/1cm³≤体积<10cm³
	3309	552	C15010521202024	止血防粘连材料	止血材料	海绵	212	止血材料	02	胶原	024	非预装/不可吸收/通用/体积≥10cm³
	3310	553	C15010521203001	止血防粘连材料	止血材料	海绵	212	止血材料	03	壳聚糖	001	预装/可吸收/专用/体积<1cm³
	3311	554	C15010521203002	止血防粘连材料	止血材料	海绵	212	止血材料	03	壳聚糖	002	预装/可吸收/专用/1cm³≤体积<10cm³
	3312	555	C15010521203003	止血防粘连材料	止血材料	海绵	212	止血材料	03	壳聚糖	003	预装/可吸收/专用/体积≥10cm³
	3313	556	C15010521203004	止血防粘连材料	止血材料	海绵	212	止血材料	03	壳聚糖	004	预装/可吸收/通用/体积<1cm³
	3314	557	C15010521203005	止血防粘连材料	止血材料	海绵	212	止血材料	03	壳聚糖	005	预装/可吸收/通用/1cm³≤体积<10cm³
	3315	558	C15010521203006	止血防粘连材料	止血材料	海绵	212	止血材料	03	壳聚糖	006	预装/可吸收/通用/体积≥10cm³
	3316	559	C15010521203007	止血防粘连材料	止血材料	海绵	212	止血材料	03	壳聚糖	007	预装/不可吸收/专用/体积<1cm³
	3317	560	C15010521203008	止血防粘连材料	止血材料	海绵	212	止血材料	03	壳聚糖	008	预装/不可吸收/专用/1cm³≤体积<10cm³
	3318	561	C15010521203009	止血防粘连材料	止血材料	海绵	212	止血材料	03	壳聚糖	009	预装/不可吸收/专用/体积≥10cm³
	3319	562	C15010521203010	止血防粘连材料	止血材料	海绵	212	止血材料	03	壳聚糖	010	预装/不可吸收/通用/体积<1cm³
	3320	563	C15010521203011	止血防粘连材料	止血材料	海绵	212	止血材料	03	壳聚糖	011	预装/不可吸收/通用/1cm³≤体积<10cm³
	3321	564	C15010521203012	止血防粘连材料	止血材料	海绵	212	止血材料	03	壳聚糖	012	预装/不可吸收/通用/体积≥10cm³
	3322	565	C15010521203013	止血防粘连材料	止血材料	海绵	212	止血材料	03	壳聚糖	013	非预装/可吸收/专用/体积<1cm³
	3323	566	C15010521203014	止血防粘连材料	止血材料	海绵	212	止血材料	03	壳聚糖	014	非预装/可吸收/专用/1cm³≤体积<10cm³
	3324	567	C15010521203015	止血防粘连材料	止血材料	海绵	212	止血材料	03	壳聚糖	015	非预装/可吸收/专用/体积≥10cm³
	3325	568	C15010521203016	止血防粘连材料	止血材料	海绵	212	止血材料	03	壳聚糖	016	非预装/可吸收/通用/体积<1cm³
	3326	569	C15010521203017	止血防粘连材料	止血材料	海绵	212	止血材料	03	壳聚糖	017	非预装/可吸收/通用/1cm³≤体积<10cm³
	3327	570	C15010521203018	止血防粘连材料	止血材料	海绵	212	止血材料	03	壳聚糖	018	非预装/可吸收/通用/体积≥10cm³
	3328	571	C15010521203019	止血防粘连材料	止血材料	海绵	212	止血材料	03	壳聚糖	019	非预装/不可吸收/专用/体积<1cm³
	3329	572	C15010521203020	止血防粘连材料	止血材料	海绵	212	止血材料	03	壳聚糖	020	非预装/不可吸收/专用/1cm³≤体积<10cm³
	3330	573	C15010521203021	止血防粘连材料	止血材料	海绵	212	止血材料	03	壳聚糖	021	非预装/不可吸收/专用/体积≥10cm³
	3331	574	C15010521203022	止血防粘连材料	止血材料	海绵	212	止血材料	03	壳聚糖	022	非预装/不可吸收/通用/体积<1cm³
	3332	575	C15010521203023	止血防粘连材料	止血材料	海绵	212	止血材料	03	壳聚糖	023	非预装/不可吸收/通用/1cm³≤体积<10cm³
	3333	576	C15010521203024	止血防粘连材料	止血材料	海绵	212	止血材料	03	壳聚糖	024	非预装/不可吸收/通用/体积≥10cm³
	3334	577	C15010521204001	止血防粘连材料	止血材料	海绵	212	止血材料	04	聚乙烯醇	001	预装/可吸收/专用/体积<1cm³
	3335	578	C15010521204002	止血防粘连材料	止血材料	海绵	212	止血材料	04	聚乙烯醇	002	预装/可吸收/专用/1cm³≤体积<10cm³
	3336	579	C15010521204003	止血防粘连材料	止血材料	海绵	212	止血材料	04	聚乙烯醇	003	预装/可吸收/专用/体积≥10cm³
	3337	580	C15010521204004	止血防粘连材料	止血材料	海绵	212	止血材料	04	聚乙烯醇	004	预装/可吸收/通用/体积<1cm³
	3338	581	C15010521204005	止血防粘连材料	止血材料	海绵	212	止血材料	04	聚乙烯醇	005	预装/可吸收/通用/1cm³≤体积<10cm³
	3339	582	C15010521204006	止血防粘连材料	止血材料	海绵	212	止血材料	04	聚乙烯醇	006	预装/可吸收/通用/体积≥10cm³
	3340	583	C15010521204007	止血防粘连材料	止血材料	海绵	212	止血材料	04	聚乙烯醇	007	预装/不可吸收/专用/体积<1cm³
	3341	584	C15010521204008	止血防粘连材料	止血材料	海绵	212	止血材料	04	聚乙烯醇	008	预装/不可吸收/专用/1cm³≤体积<10cm³
	3342	585	C15010521204009	止血防粘连材料	止血材料	海绵	212	止血材料	04	聚乙烯醇	009	预装/不可吸收/专用/体积≥10cm³
	3343	586	C15010521204010	止血防粘连材料	止血材料	海绵	212	止血材料	04	聚乙烯醇	010	预装/不可吸收/通用/体积<1cm³
	3344	587	C15010521204011	止血防粘连材料	止血材料	海绵	212	止血材料	04	聚乙烯醇	011	预装/不可吸收/通用/1cm³≤体积<10cm³
	3345	588	C15010521204012	止血防粘连材料	止血材料	海绵	212	止血材料	04	聚乙烯醇	012	预装/不可吸收/通用/体积≥10cm³
	3346	589	C15010521204013	止血防粘连材料	止血材料	海绵	212	止血材料	04	聚乙烯醇	013	非预装/可吸收/专用/体积<1cm³
	3347	590	C15010521204014	止血防粘连材料	止血材料	海绵	212	止血材料	04	聚乙烯醇	014	非预装/可吸收/专用/1cm³≤体积<10cm³
	3348	591	C15010521204015	止血防粘连材料	止血材料	海绵	212	止血材料	04	聚乙烯醇	015	非预装/可吸收/专用/体积≥10cm³
	3349	592	C15010521204016	止血防粘连材料	止血材料	海绵	212	止血材料	04	聚乙烯醇	016	非预装/可吸收/通用/体积<1cm³
	3350	593	C15010521204017	止血防粘连材料	止血材料	海绵	212	止血材料	04	聚乙烯醇	017	非预装/可吸收/通用/1cm³≤体积<10cm³
	3351	594	C15010521204018	止血防粘连材料	止血材料	海绵	212	止血材料	04	聚乙烯醇	018	非预装/可吸收/通用/体积≥10cm³
	3352	595	C15010521204019	止血防粘连材料	止血材料	海绵	212	止血材料	04	聚乙烯醇	019	非预装/不可吸收/专用/体积<1cm³
	3353	596	C15010521204020	止血防粘连材料	止血材料	海绵	212	止血材料	04	聚乙烯醇	020	非预装/不可吸收/专用/1cm³≤体积<10cm³
	3354	597	C15010521204021	止血防粘连材料	止血材料	海绵	212	止血材料	04	聚乙烯醇	021	非预装/不可吸收/专用/体积≥10cm³
	3355	598	C15010521204022	止血防粘连材料	止血材料	海绵	212	止血材料	04	聚乙烯醇	022	非预装/不可吸收/通用/体积<1cm³
	3356	599	C15010521204023	止血防粘连材料	止血材料	海绵	212	止血材料	04	聚乙烯醇	023	非预装/不可吸收/通用/1cm³≤体积<10cm³
	3357	600	C15010521204024	止血防粘连材料	止血材料	海绵	212	止血材料	04	聚乙烯醇	024	非预装/不可吸收/通用/体积≥10cm³
	3358	601	C15010521205001	止血防粘连材料	止血材料	海绵	212	止血材料	05	淀粉（多聚糖）	001	预装/可吸收/专用/体积<1cm³
	3359	602	C15010521205002	止血防粘连材料	止血材料	海绵	212	止血材料	05	淀粉（多聚糖）	002	预装/可吸收/专用/1cm³≤体积<10cm³
	3360	603	C15010521205003	止血防粘连材料	止血材料	海绵	212	止血材料	05	淀粉（多聚糖）	003	预装/可吸收/专用/体积≥10cm³
	3361	604	C15010521205004	止血防粘连材料	止血材料	海绵	212	止血材料	05	淀粉（多聚糖）	004	预装/可吸收/通用/体积<1cm³
	3362	605	C15010521205005	止血防粘连材料	止血材料	海绵	212	止血材料	05	淀粉（多聚糖）	005	预装/可吸收/通用/1cm³≤体积<10cm³
	3363	606	C15010521205006	止血防粘连材料	止血材料	海绵	212	止血材料	05	淀粉（多聚糖）	006	预装/可吸收/通用/体积≥10cm³
	3364	607	C15010521205007	止血防粘连材料	止血材料	海绵	212	止血材料	05	淀粉（多聚糖）	007	预装/不可吸收/专用/体积<1cm³
	3365	608	C15010521205008	止血防粘连材料	止血材料	海绵	212	止血材料	05	淀粉（多聚糖）	008	预装/不可吸收/专用/1cm³≤体积<10cm³
	3366	609	C15010521205009	止血防粘连材料	止血材料	海绵	212	止血材料	05	淀粉（多聚糖）	009	预装/不可吸收/专用/体积≥10cm³
	3367	610	C15010521205010	止血防粘连材料	止血材料	海绵	212	止血材料	05	淀粉（多聚糖）	010	预装/不可吸收/通用/体积<1cm³
	3368	611	C15010521205011	止血防粘连材料	止血材料	海绵	212	止血材料	05	淀粉（多聚糖）	011	预装/不可吸收/通用/1cm³≤体积<10cm³
	3369	612	C15010521205012	止血防粘连材料	止血材料	海绵	212	止血材料	05	淀粉（多聚糖）	012	预装/不可吸收/通用/体积≥10cm³
	3370	613	C15010521205013	止血防粘连材料	止血材料	海绵	212	止血材料	05	淀粉（多聚糖）	013	非预装/可吸收/专用/体积<1cm³
	3371	614	C15010521205014	止血防粘连材料	止血材料	海绵	212	止血材料	05	淀粉（多聚糖）	014	非预装/可吸收/专用/1cm³≤体积<10cm³
	3372	615	C15010521205015	止血防粘连材料	止血材料	海绵	212	止血材料	05	淀粉（多聚糖）	015	非预装/可吸收/专用/体积≥10cm³
	3373	616	C15010521205016	止血防粘连材料	止血材料	海绵	212	止血材料	05	淀粉（多聚糖）	016	非预装/可吸收/通用/体积<1cm³
	3374	617	C15010521205017	止血防粘连材料	止血材料	海绵	212	止血材料	05	淀粉（多聚糖）	017	非预装/可吸收/通用/1cm³≤体积<10cm³
	3375	618	C15010521205018	止血防粘连材料	止血材料	海绵	212	止血材料	05	淀粉（多聚糖）	018	非预装/可吸收/通用/体积≥10cm³
	3376	619	C15010521205019	止血防粘连材料	止血材料	海绵	212	止血材料	05	淀粉（多聚糖）	019	非预装/不可吸收/专用/体积<1cm³
	3377	620	C15010521205020	止血防粘连材料	止血材料	海绵	212	止血材料	05	淀粉（多聚糖）	020	非预装/不可吸收/专用/1cm³≤体积<10cm³
	3378	621	C15010521205021	止血防粘连材料	止血材料	海绵	212	止血材料	05	淀粉（多聚糖）	021	非预装/不可吸收/专用/体积≥10cm³
	3379	622	C15010521205022	止血防粘连材料	止血材料	海绵	212	止血材料	05	淀粉（多聚糖）	022	非预装/不可吸收/通用/体积<1cm³
	3380	623	C15010521205023	止血防粘连材料	止血材料	海绵	212	止血材料	05	淀粉（多聚糖）	023	非预装/不可吸收/通用/1cm³≤体积<10cm³
	3381	624	C15010521205024	止血防粘连材料	止血材料	海绵	212	止血材料	05	淀粉（多聚糖）	024	非预装/不可吸收/通用/体积≥10cm³
	3382	625	C15010521206001	止血防粘连材料	止血材料	海绵	212	止血材料	06	聚醚酯	001	预装/可吸收/专用/体积<1cm³
	3383	626	C15010521206002	止血防粘连材料	止血材料	海绵	212	止血材料	06	聚醚酯	002	预装/可吸收/专用/1cm³≤体积<10cm³
	3384	627	C15010521206003	止血防粘连材料	止血材料	海绵	212	止血材料	06	聚醚酯	003	预装/可吸收/专用/体积≥10cm³
	3385	628	C15010521206004	止血防粘连材料	止血材料	海绵	212	止血材料	06	聚醚酯	004	预装/可吸收/通用/体积<1cm³
	3386	629	C15010521206005	止血防粘连材料	止血材料	海绵	212	止血材料	06	聚醚酯	005	预装/可吸收/通用/1cm³≤体积<10cm³
	3387	630	C15010521206006	止血防粘连材料	止血材料	海绵	212	止血材料	06	聚醚酯	006	预装/可吸收/通用/体积≥10cm³
	3388	631	C15010521206007	止血防粘连材料	止血材料	海绵	212	止血材料	06	聚醚酯	007	预装/不可吸收/专用/体积<1cm³
	3389	632	C15010521206008	止血防粘连材料	止血材料	海绵	212	止血材料	06	聚醚酯	008	预装/不可吸收/专用/1cm³≤体积<10cm³
	3390	633	C15010521206009	止血防粘连材料	止血材料	海绵	212	止血材料	06	聚醚酯	009	预装/不可吸收/专用/体积≥10cm³
	3391	634	C15010521206010	止血防粘连材料	止血材料	海绵	212	止血材料	06	聚醚酯	010	预装/不可吸收/通用/体积<1cm³
	3392	635	C15010521206011	止血防粘连材料	止血材料	海绵	212	止血材料	06	聚醚酯	011	预装/不可吸收/通用/1cm³≤体积<10cm³
	3393	636	C15010521206012	止血防粘连材料	止血材料	海绵	212	止血材料	06	聚醚酯	012	预装/不可吸收/通用/体积≥10cm³
	3394	637	C15010521206013	止血防粘连材料	止血材料	海绵	212	止血材料	06	聚醚酯	013	非预装/可吸收/专用/体积<1cm³
	3395	638	C15010521206014	止血防粘连材料	止血材料	海绵	212	止血材料	06	聚醚酯	014	非预装/可吸收/专用/1cm³≤体积<10cm³
	3396	639	C15010521206015	止血防粘连材料	止血材料	海绵	212	止血材料	06	聚醚酯	015	非预装/可吸收/专用/体积≥10cm³
	3397	640	C15010521206016	止血防粘连材料	止血材料	海绵	212	止血材料	06	聚醚酯	016	非预装/可吸收/通用/体积<1cm³
	3398	641	C15010521206017	止血防粘连材料	止血材料	海绵	212	止血材料	06	聚醚酯	017	非预装/可吸收/通用/1cm³≤体积<10cm³
	3399	642	C15010521206018	止血防粘连材料	止血材料	海绵	212	止血材料	06	聚醚酯	018	非预装/可吸收/通用/体积≥10cm³
	3400	643	C15010521206019	止血防粘连材料	止血材料	海绵	212	止血材料	06	聚醚酯	019	非预装/不可吸收/专用/体积<1cm³
	3401	644	C15010521206020	止血防粘连材料	止血材料	海绵	212	止血材料	06	聚醚酯	020	非预装/不可吸收/专用/1cm³≤体积<10cm³
	3402	645	C15010521206021	止血防粘连材料	止血材料	海绵	212	止血材料	06	聚醚酯	021	非预装/不可吸收/专用/体积≥10cm³
	3403	646	C15010521206022	止血防粘连材料	止血材料	海绵	212	止血材料	06	聚醚酯	022	非预装/不可吸收/通用/体积<1cm³
	3404	647	C15010521206023	止血防粘连材料	止血材料	海绵	212	止血材料	06	聚醚酯	023	非预装/不可吸收/通用/1cm³≤体积<10cm³
	3405	648	C15010521206024	止血防粘连材料	止血材料	海绵	212	止血材料	06	聚醚酯	024	非预装/不可吸收/通用/体积≥10cm³
	3406	649	C15010521207001	止血防粘连材料	止血材料	海绵	212	止血材料	07	聚氨酯	001	预装/可吸收/专用/体积<1cm³
	3407	650	C15010521207002	止血防粘连材料	止血材料	海绵	212	止血材料	07	聚氨酯	002	预装/可吸收/专用/1cm³≤体积<10cm³
	3408	651	C15010521207003	止血防粘连材料	止血材料	海绵	212	止血材料	07	聚氨酯	003	预装/可吸收/专用/体积≥10cm³
	3409	652	C15010521207004	止血防粘连材料	止血材料	海绵	212	止血材料	07	聚氨酯	004	预装/可吸收/通用/体积<1cm³
	3410	653	C15010521207005	止血防粘连材料	止血材料	海绵	212	止血材料	07	聚氨酯	005	预装/可吸收/通用/1cm³≤体积<10cm³
	3411	654	C15010521207006	止血防粘连材料	止血材料	海绵	212	止血材料	07	聚氨酯	006	预装/可吸收/通用/体积≥10cm³
	3412	655	C15010521207007	止血防粘连材料	止血材料	海绵	212	止血材料	07	聚氨酯	007	预装/不可吸收/专用/体积<1cm³
	3413	656	C15010521207008	止血防粘连材料	止血材料	海绵	212	止血材料	07	聚氨酯	008	预装/不可吸收/专用/1cm³≤体积<10cm³
	3414	657	C15010521207009	止血防粘连材料	止血材料	海绵	212	止血材料	07	聚氨酯	009	预装/不可吸收/专用/体积≥10cm³
	3415	658	C15010521207010	止血防粘连材料	止血材料	海绵	212	止血材料	07	聚氨酯	010	预装/不可吸收/通用/体积<1cm³
	3416	659	C15010521207011	止血防粘连材料	止血材料	海绵	212	止血材料	07	聚氨酯	011	预装/不可吸收/通用/1cm³≤体积<10cm³
	3417	660	C15010521207012	止血防粘连材料	止血材料	海绵	212	止血材料	07	聚氨酯	012	预装/不可吸收/通用/体积≥10cm³
	3418	661	C15010521207013	止血防粘连材料	止血材料	海绵	212	止血材料	07	聚氨酯	013	非预装/可吸收/专用/体积<1cm³
	3419	662	C15010521207014	止血防粘连材料	止血材料	海绵	212	止血材料	07	聚氨酯	014	非预装/可吸收/专用/1cm³≤体积<10cm³
	3420	663	C15010521207015	止血防粘连材料	止血材料	海绵	212	止血材料	07	聚氨酯	015	非预装/可吸收/专用/体积≥10cm³
	3421	664	C15010521207016	止血防粘连材料	止血材料	海绵	212	止血材料	07	聚氨酯	016	非预装/可吸收/通用/体积<1cm³
	3422	665	C15010521207017	止血防粘连材料	止血材料	海绵	212	止血材料	07	聚氨酯	017	非预装/可吸收/通用/1cm³≤体积<10cm³
	3423	666	C15010521207018	止血防粘连材料	止血材料	海绵	212	止血材料	07	聚氨酯	018	非预装/可吸收/通用/体积≥10cm³
	3424	667	C15010521207019	止血防粘连材料	止血材料	海绵	212	止血材料	07	聚氨酯	019	非预装/不可吸收/专用/体积<1cm³
	3425	668	C15010521207020	止血防粘连材料	止血材料	海绵	212	止血材料	07	聚氨酯	020	非预装/不可吸收/专用/1cm³≤体积<10cm³
	3426	669	C15010521207021	止血防粘连材料	止血材料	海绵	212	止血材料	07	聚氨酯	021	非预装/不可吸收/专用/体积≥10cm³
	3427	670	C15010521207022	止血防粘连材料	止血材料	海绵	212	止血材料	07	聚氨酯	022	非预装/不可吸收/通用/体积<1cm³
	3428	671	C15010521207023	止血防粘连材料	止血材料	海绵	212	止血材料	07	聚氨酯	023	非预装/不可吸收/通用/1cm³≤体积<10cm³
	3429	672	C15010521207024	止血防粘连材料	止血材料	海绵	212	止血材料	07	聚氨酯	024	非预装/不可吸收/通用/体积≥10cm³
	3430	673	C15010621201001	止血防粘连材料	止血材料	膜	212	止血材料	01	透明质酸钠及其他	001	预装/面积<30cm²
	3431	674	C15010621201002	止血防粘连材料	止血材料	膜	212	止血材料	01	透明质酸钠及其他	002	预装/30cm²≤面积<100cm²
	3432	675	C15010621201003	止血防粘连材料	止血材料	膜	212	止血材料	01	透明质酸钠及其他	003	预装/面积≥100cm²
	3433	676	C15010621201004	止血防粘连材料	止血材料	膜	212	止血材料	01	透明质酸钠及其他	004	非预装/面积<30cm²
	3434	677	C15010621201005	止血防粘连材料	止血材料	膜	212	止血材料	01	透明质酸钠及其他	005	非预装/30cm²≤面积<100cm²
	3435	678	C15010621201006	止血防粘连材料	止血材料	膜	212	止血材料	01	透明质酸钠及其他	006	非预装/面积≥100cm²
	3436	679	C15010621202001	止血防粘连材料	止血材料	膜	212	止血材料	02	胶原蛋白	001	预装/面积<30cm²
	3437	680	C15010621202002	止血防粘连材料	止血材料	膜	212	止血材料	02	胶原蛋白	002	预装/30cm²≤面积<100cm²
	3438	681	C15010621202003	止血防粘连材料	止血材料	膜	212	止血材料	02	胶原蛋白	003	预装/面积≥100cm²
	3439	682	C15010621202004	止血防粘连材料	止血材料	膜	212	止血材料	02	胶原蛋白	004	非预装/面积<30cm²
	3440	683	C15010621202005	止血防粘连材料	止血材料	膜	212	止血材料	02	胶原蛋白	005	非预装/30cm²≤面积<100cm²
	3441	684	C15010621202006	止血防粘连材料	止血材料	膜	212	止血材料	02	胶原蛋白	006	非预装/面积≥100cm²
	3442	685	C15010721200001	止血防粘连材料	止血材料	流体明胶	212	止血材料	00	不区分	001	预装/可吸收/体积<5ml
	3443	686	C15010721200002	止血防粘连材料	止血材料	流体明胶	212	止血材料	00	不区分	002	预装/可吸收/5ml≤体积<10ml
	3444	687	C15010721200003	止血防粘连材料	止血材料	流体明胶	212	止血材料	00	不区分	003	预装/可吸收/体积≥10ml
	3445	688	C15010721200004	止血防粘连材料	止血材料	流体明胶	212	止血材料	00	不区分	004	预装/不可吸收/体积<5ml
	3446	689	C15010721200005	止血防粘连材料	止血材料	流体明胶	212	止血材料	00	不区分	005	预装/不可吸收/5ml≤体积<10ml
	3447	690	C15010721200006	止血防粘连材料	止血材料	流体明胶	212	止血材料	00	不区分	006	预装/不可吸收/体积≥10ml
	3448	691	C15010721200007	止血防粘连材料	止血材料	流体明胶	212	止血材料	00	不区分	007	非预装/可吸收/体积<5ml
	3449	692	C15010721200008	止血防粘连材料	止血材料	流体明胶	212	止血材料	00	不区分	008	非预装/可吸收/5ml≤体积<10ml
	3450	693	C15010721200009	止血防粘连材料	止血材料	流体明胶	212	止血材料	00	不区分	009	非预装/可吸收/体积≥10ml
	3451	694	C15010721200010	止血防粘连材料	止血材料	流体明胶	212	止血材料	00	不区分	010	非预装/不可吸收/体积<5ml
	3452	695	C15010721200011	止血防粘连材料	止血材料	流体明胶	212	止血材料	00	不区分	011	非预装/不可吸收/5ml≤体积<10ml
	3453	696	C15010721200012	止血防粘连材料	止血材料	流体明胶	212	止血材料	00	不区分	012	非预装/不可吸收/体积≥10ml
	3454	697	C15010821200000	止血防粘连材料	止血材料	生物胶	212	止血材料	00	不区分	000	常规
	3455	698	C15010921200001	止血防粘连材料	止血材料	化学胶	212	止血材料	00	不区分	001	预装/体积<1ml
	3456	699	C15010921200002	止血防粘连材料	止血材料	化学胶	212	止血材料	00	不区分	002	预装/1ml<体积<2ml
	3457	700	C15010921200003	止血防粘连材料	止血材料	化学胶	212	止血材料	00	不区分	003	预装/体积≥2ml
	3458	701	C15010921200004	止血防粘连材料	止血材料	化学胶	212	止血材料	00	不区分	004	非预装/体积<1ml
	3459	702	C15010921200005	止血防粘连材料	止血材料	化学胶	212	止血材料	00	不区分	005	非预装/1ml<体积<2ml
	3460	703	C15010921200006	止血防粘连材料	止血材料	化学胶	212	止血材料	00	不区分	006	非预装/体积≥2ml
	3461	704	C15011021200001	止血防粘连材料	止血材料	蜡	212	止血材料	00	不区分	001	预装/规格≤2.5g
	3462	705	C15011021200002	止血防粘连材料	止血材料	蜡	212	止血材料	00	不区分	002	预装/规格>2.5g
	3463	706	C15011021200003	止血防粘连材料	止血材料	蜡	212	止血材料	00	不区分	003	非预装/规格≤2.5g
	3464	707	C15011021200004	止血防粘连材料	止血材料	蜡	212	止血材料	00	不区分	004	非预装/规格>2.5g
	3465	708	C15011121200000	止血防粘连材料	止血材料	其他止血材料	212	止血材料	00	不区分	000	常规
髋关节假体	3466	1	C03440110706010	骨科材料	初次髋关节	组配式股骨柄	107	人工关节	06	钽金属	010	袖套/双喷涂层/远端
	3467	2	C03440110706011	骨科材料	初次髋关节	组配式股骨柄	107	人工关节	06	钽金属	011	袖套/无涂层/近端
	3468	3	C03440110706012	骨科材料	初次髋关节	组配式股骨柄	107	人工关节	06	钽金属	012	袖套/无涂层/远端
	3469	4	C03440210701001	骨科材料	初次髋关节	一体式股骨柄	107	人工关节	01	钴铬合金	001	有领型/单喷涂层/骨水泥型
	3470	5	C03440210701002	骨科材料	初次髋关节	一体式股骨柄	107	人工关节	01	钴铬合金	002	有领型/单喷涂层/生物型
	3471	6	C03440210701003	骨科材料	初次髋关节	一体式股骨柄	107	人工关节	01	钴铬合金	003	有领型/双喷涂层/骨水泥型
	3472	7	C03440210701004	骨科材料	初次髋关节	一体式股骨柄	107	人工关节	01	钴铬合金	004	有领型/双喷涂层/生物型
	3473	8	C03440210701005	骨科材料	初次髋关节	一体式股骨柄	107	人工关节	01	钴铬合金	005	有领型/无涂层/骨水泥型
	3474	9	C03440210701006	骨科材料	初次髋关节	一体式股骨柄	107	人工关节	01	钴铬合金	006	有领型/无涂层/生物型
	3475	10	C03440210701007	骨科材料	初次髋关节	一体式股骨柄	107	人工关节	01	钴铬合金	007	无领型/单喷涂层/骨水泥型
	3476	11	C03440210701008	骨科材料	初次髋关节	一体式股骨柄	107	人工关节	01	钴铬合金	008	无领型/单喷涂层/生物型
	3477	12	C03440210701009	骨科材料	初次髋关节	一体式股骨柄	107	人工关节	01	钴铬合金	009	无领型/双喷涂层/骨水泥型
	3478	13	C03440210701010	骨科材料	初次髋关节	一体式股骨柄	107	人工关节	01	钴铬合金	010	无领型/双喷涂层/生物型
	3479	14	C03440210701011	骨科材料	初次髋关节	一体式股骨柄	107	人工关节	01	钴铬合金	011	无领型/无涂层/骨水泥型
	3480	15	C03440210701012	骨科材料	初次髋关节	一体式股骨柄	107	人工关节	01	钴铬合金	012	无领型/无涂层/生物型
	3481	16	C03440210702001	骨科材料	初次髋关节	一体式股骨柄	107	人工关节	02	钛合金	001	有领型/单喷涂层/骨水泥型
	3482	17	C03440210702002	骨科材料	初次髋关节	一体式股骨柄	107	人工关节	02	钛合金	002	有领型/单喷涂层/生物型
	3483	18	C03440210702003	骨科材料	初次髋关节	一体式股骨柄	107	人工关节	02	钛合金	003	有领型/双喷涂层/骨水泥型
	3484	19	C03440210702004	骨科材料	初次髋关节	一体式股骨柄	107	人工关节	02	钛合金	004	有领型/双喷涂层/生物型
	3485	20	C03440210702005	骨科材料	初次髋关节	一体式股骨柄	107	人工关节	02	钛合金	005	有领型/无涂层/骨水泥型
	3486	21	C03440210702006	骨科材料	初次髋关节	一体式股骨柄	107	人工关节	02	钛合金	006	有领型/无涂层/生物型
	3487	22	C03440210702007	骨科材料	初次髋关节	一体式股骨柄	107	人工关节	02	钛合金	007	无领型/单喷涂层/骨水泥型
	3488	23	C03440210702008	骨科材料	初次髋关节	一体式股骨柄	107	人工关节	02	钛合金	008	无领型/单喷涂层/生物型
	3489	24	C03440210702009	骨科材料	初次髋关节	一体式股骨柄	107	人工关节	02	钛合金	009	无领型/双喷涂层/骨水泥型
	3490	25	C03440210702010	骨科材料	初次髋关节	一体式股骨柄	107	人工关节	02	钛合金	010	无领型/双喷涂层/生物型
	3491	26	C03440210702011	骨科材料	初次髋关节	一体式股骨柄	107	人工关节	02	钛合金	011	无领型/无涂层/骨水泥型
	3492	27	C03440210702012	骨科材料	初次髋关节	一体式股骨柄	107	人工关节	02	钛合金	012	无领型/无涂层/生物型
	3493	28	C03440210703001	骨科材料	初次髋关节	一体式股骨柄	107	人工关节	03	不锈钢	001	有领型/单喷涂层/骨水泥型
	3494	29	C03440210703002	骨科材料	初次髋关节	一体式股骨柄	107	人工关节	03	不锈钢	002	有领型/单喷涂层/生物型
	3495	30	C03440210703003	骨科材料	初次髋关节	一体式股骨柄	107	人工关节	03	不锈钢	003	有领型/双喷涂层/骨水泥型
	3496	31	C03440210703004	骨科材料	初次髋关节	一体式股骨柄	107	人工关节	03	不锈钢	004	有领型/双喷涂层/生物型
	3497	32	C03440210703005	骨科材料	初次髋关节	一体式股骨柄	107	人工关节	03	不锈钢	005	有领型/无涂层/骨水泥型
	3498	33	C03440210703006	骨科材料	初次髋关节	一体式股骨柄	107	人工关节	03	不锈钢	006	有领型/无涂层/生物型
	3499	34	C03440210703007	骨科材料	初次髋关节	一体式股骨柄	107	人工关节	03	不锈钢	007	无领型/单喷涂层/骨水泥型
	3500	35	C03440210703008	骨科材料	初次髋关节	一体式股骨柄	107	人工关节	03	不锈钢	008	无领型/单喷涂层/生物型
	3501	36	C03440210703009	骨科材料	初次髋关节	一体式股骨柄	107	人工关节	03	不锈钢	009	无领型/双喷涂层/骨水泥型
	3502	37	C03440210703010	骨科材料	初次髋关节	一体式股骨柄	107	人工关节	03	不锈钢	010	无领型/双喷涂层/生物型
	3503	38	C03440210703011	骨科材料	初次髋关节	一体式股骨柄	107	人工关节	03	不锈钢	011	无领型/无涂层/骨水泥型
	3504	39	C03440210703012	骨科材料	初次髋关节	一体式股骨柄	107	人工关节	03	不锈钢	012	无领型/无涂层/生物型
	3505	40	C03440210706001	骨科材料	初次髋关节	一体式股骨柄	107	人工关节	06	钽金属	001	有领型/单喷涂层/骨水泥型
	3506	41	C03440210706002	骨科材料	初次髋关节	一体式股骨柄	107	人工关节	06	钽金属	002	有领型/单喷涂层/生物型
	3507	42	C03440210706003	骨科材料	初次髋关节	一体式股骨柄	107	人工关节	06	钽金属	003	有领型/双喷涂层/骨水泥型
	3508	43	C03440210706004	骨科材料	初次髋关节	一体式股骨柄	107	人工关节	06	钽金属	004	有领型/双喷涂层/生物型
	3509	44	C03440210706005	骨科材料	初次髋关节	一体式股骨柄	107	人工关节	06	钽金属	005	有领型/无涂层/骨水泥型
	3510	45	C03440210706006	骨科材料	初次髋关节	一体式股骨柄	107	人工关节	06	钽金属	006	有领型/无涂层/生物型
	3511	46	C03440210706007	骨科材料	初次髋关节	一体式股骨柄	107	人工关节	06	钽金属	007	无领型/单喷涂层/骨水泥型
	3512	47	C03440210706008	骨科材料	初次髋关节	一体式股骨柄	107	人工关节	06	钽金属	008	无领型/单喷涂层/生物型
	3513	48	C03440210706009	骨科材料	初次髋关节	一体式股骨柄	107	人工关节	06	钽金属	009	无领型/双喷涂层/骨水泥型
	3514	49	C03440210706010	骨科材料	初次髋关节	一体式股骨柄	107	人工关节	06	钽金属	010	无领型/双喷涂层/生物型
	3515	50	C03440210706011	骨科材料	初次髋关节	一体式股骨柄	107	人工关节	06	钽金属	011	无领型/无涂层/骨水泥型
	3516	51	C03440210706012	骨科材料	初次髋关节	一体式股骨柄	107	人工关节	06	钽金属	012	无领型/无涂层/生物型
	3517	52	C03440310701001	骨科材料	初次髋关节	金属髋臼杯	107	人工关节	01	钛合金	001	涂层/通用型/三孔
	3518	53	C03440310701002	骨科材料	初次髋关节	金属髋臼杯	107	人工关节	01	钛合金	002	涂层/通用型/无孔
	3519	54	C03440310701003	骨科材料	初次髋关节	金属髋臼杯	107	人工关节	01	钛合金	003	涂层/通用型/多孔
	3520	55	C03440310701004	骨科材料	初次髋关节	金属髋臼杯	107	人工关节	01	钛合金	004	涂层/专用型/三孔
	3521	56	C03440310701005	骨科材料	初次髋关节	金属髋臼杯	107	人工关节	01	钛合金	005	涂层/专用型/无孔
	3522	57	C03440310701006	骨科材料	初次髋关节	金属髋臼杯	107	人工关节	01	钛合金	006	涂层/专用型/多孔
	3523	58	C03440310701007	骨科材料	初次髋关节	金属髋臼杯	107	人工关节	01	钛合金	007	无涂层/通用型/三孔
	3524	59	C03440310701008	骨科材料	初次髋关节	金属髋臼杯	107	人工关节	01	钛合金	008	无涂层/通用型/无孔
	3525	60	C03440310701009	骨科材料	初次髋关节	金属髋臼杯	107	人工关节	01	钛合金	009	无涂层/通用型/多孔
	3526	61	C03440310701010	骨科材料	初次髋关节	金属髋臼杯	107	人工关节	01	钛合金	010	无涂层/专用型/三孔
	3527	62	C03440310701011	骨科材料	初次髋关节	金属髋臼杯	107	人工关节	01	钛合金	011	无涂层/专用型/无孔
	3528	63	C03440310701012	骨科材料	初次髋关节	金属髋臼杯	107	人工关节	01	钛合金	012	无涂层/专用型/多孔
	3529	64	C03440310701013	骨科材料	初次髋关节	金属髋臼杯	107	人工关节	01	钛合金	013	3D打印/通用型/三孔
	3530	65	C03440310701014	骨科材料	初次髋关节	金属髋臼杯	107	人工关节	01	钛合金	014	3D打印/通用型/无孔
	3531	66	C03440310701015	骨科材料	初次髋关节	金属髋臼杯	107	人工关节	01	钛合金	015	3D打印/通用型/多孔
	3532	67	C03440310701016	骨科材料	初次髋关节	金属髋臼杯	107	人工关节	01	钛合金	016	3D打印/专用型/三孔
	3533	68	C03440310701017	骨科材料	初次髋关节	金属髋臼杯	107	人工关节	01	钛合金	017	3D打印/专用型/无孔
	3534	69	C03440310701018	骨科材料	初次髋关节	金属髋臼杯	107	人工关节	01	钛合金	018	3D打印/专用型/多孔
	3535	70	C03440310702001	骨科材料	初次髋关节	金属髋臼杯	107	人工关节	02	纯钛	001	涂层/通用型/三孔
	3536	71	C03440310702002	骨科材料	初次髋关节	金属髋臼杯	107	人工关节	02	纯钛	002	涂层/通用型/无孔
	3537	72	C03440310702003	骨科材料	初次髋关节	金属髋臼杯	107	人工关节	02	纯钛	003	涂层/通用型/多孔
	3538	73	C03440310702004	骨科材料	初次髋关节	金属髋臼杯	107	人工关节	02	纯钛	004	涂层/专用型/三孔
	3539	74	C03440310702005	骨科材料	初次髋关节	金属髋臼杯	107	人工关节	02	纯钛	005	涂层/专用型/无孔
	3540	75	C03440310702006	骨科材料	初次髋关节	金属髋臼杯	107	人工关节	02	纯钛	006	涂层/专用型/多孔
	3541	76	C03440310702007	骨科材料	初次髋关节	金属髋臼杯	107	人工关节	02	纯钛	007	无涂层/通用型/三孔
	3542	77	C03440310702008	骨科材料	初次髋关节	金属髋臼杯	107	人工关节	02	纯钛	008	无涂层/通用型/无孔
	3543	78	C03440310702009	骨科材料	初次髋关节	金属髋臼杯	107	人工关节	02	纯钛	009	无涂层/通用型/多孔
	3544	79	C03440310702010	骨科材料	初次髋关节	金属髋臼杯	107	人工关节	02	纯钛	010	无涂层/专用型/三孔
	3545	80	C03440310702011	骨科材料	初次髋关节	金属髋臼杯	107	人工关节	02	纯钛	011	无涂层/专用型/无孔
	3546	81	C03440310702012	骨科材料	初次髋关节	金属髋臼杯	107	人工关节	02	纯钛	012	无涂层/专用型/多孔
	3547	82	C03440310702013	骨科材料	初次髋关节	金属髋臼杯	107	人工关节	02	纯钛	013	3D打印/通用型/三孔
	3548	83	C03440310702014	骨科材料	初次髋关节	金属髋臼杯	107	人工关节	02	纯钛	014	3D打印/通用型/无孔
	3549	84	C03440310702015	骨科材料	初次髋关节	金属髋臼杯	107	人工关节	02	纯钛	015	3D打印/通用型/多孔
	3550	85	C03440310702016	骨科材料	初次髋关节	金属髋臼杯	107	人工关节	02	纯钛	016	3D打印/专用型/三孔
	3551	86	C03440310702017	骨科材料	初次髋关节	金属髋臼杯	107	人工关节	02	纯钛	017	3D打印/专用型/无孔
	3552	87	C03440310702018	骨科材料	初次髋关节	金属髋臼杯	107	人工关节	02	纯钛	018	3D打印/专用型/多孔
	3553	88	C03440310703001	骨科材料	初次髋关节	金属髋臼杯	107	人工关节	03	钽金属	001	涂层/通用型/三孔
	3554	89	C03440310703002	骨科材料	初次髋关节	金属髋臼杯	107	人工关节	03	钽金属	002	涂层/通用型/无孔
	3555	90	C03440310703003	骨科材料	初次髋关节	金属髋臼杯	107	人工关节	03	钽金属	003	涂层/通用型/多孔
	3556	91	C03440310703004	骨科材料	初次髋关节	金属髋臼杯	107	人工关节	03	钽金属	004	涂层/专用型/三孔
	3557	92	C03440310703005	骨科材料	初次髋关节	金属髋臼杯	107	人工关节	03	钽金属	005	涂层/专用型/无孔
	3558	93	C03440310703006	骨科材料	初次髋关节	金属髋臼杯	107	人工关节	03	钽金属	006	涂层/专用型/多孔
	3559	94	C03440310703007	骨科材料	初次髋关节	金属髋臼杯	107	人工关节	03	钽金属	007	无涂层/通用型/三孔
	3560	95	C03440310703008	骨科材料	初次髋关节	金属髋臼杯	107	人工关节	03	钽金属	008	无涂层/通用型/无孔
	3561	96	C03440310703009	骨科材料	初次髋关节	金属髋臼杯	107	人工关节	03	钽金属	009	无涂层/通用型/多孔
	3562	97	C03440310703010	骨科材料	初次髋关节	金属髋臼杯	107	人工关节	03	钽金属	010	无涂层/专用型/三孔
	3563	98	C03440310703011	骨科材料	初次髋关节	金属髋臼杯	107	人工关节	03	钽金属	011	无涂层/专用型/无孔
	3564	99	C03440310703012	骨科材料	初次髋关节	金属髋臼杯	107	人工关节	03	钽金属	012	无涂层/专用型/多孔
	3565	100	C03440310703013	骨科材料	初次髋关节	金属髋臼杯	107	人工关节	03	钽金属	013	3D打印/通用型/三孔
	3566	101	C03440310703014	骨科材料	初次髋关节	金属髋臼杯	107	人工关节	03	钽金属	014	3D打印/通用型/无孔
	3567	102	C03440310703015	骨科材料	初次髋关节	金属髋臼杯	107	人工关节	03	钽金属	015	3D打印/通用型/多孔
	3568	103	C03440310703016	骨科材料	初次髋关节	金属髋臼杯	107	人工关节	03	钽金属	016	3D打印/专用型/三孔
	3569	104	C03440310703017	骨科材料	初次髋关节	金属髋臼杯	107	人工关节	03	钽金属	017	3D打印/专用型/无孔
	3570	105	C03440310703018	骨科材料	初次髋关节	金属髋臼杯	107	人工关节	03	钽金属	018	3D打印/专用型/多孔
	3571	106	C03440310704001	骨科材料	初次髋关节	金属髋臼杯	107	人工关节	04	钴铬钼合金及其他	001	涂层/通用型/三孔
	3572	107	C03440310704002	骨科材料	初次髋关节	金属髋臼杯	107	人工关节	04	钴铬钼合金及其他	002	涂层/通用型/无孔
	3573	108	C03440310704003	骨科材料	初次髋关节	金属髋臼杯	107	人工关节	04	钴铬钼合金及其他	003	涂层/通用型/多孔
	3574	109	C03440310704004	骨科材料	初次髋关节	金属髋臼杯	107	人工关节	04	钴铬钼合金及其他	004	涂层/专用型/三孔
	3575	110	C03440310704005	骨科材料	初次髋关节	金属髋臼杯	107	人工关节	04	钴铬钼合金及其他	005	涂层/专用型/无孔
	3576	111	C03440310704006	骨科材料	初次髋关节	金属髋臼杯	107	人工关节	04	钴铬钼合金及其他	006	涂层/专用型/多孔
	3577	112	C03440310704007	骨科材料	初次髋关节	金属髋臼杯	107	人工关节	04	钴铬钼合金及其他	007	无涂层/通用型/三孔
	3578	113	C03440310704008	骨科材料	初次髋关节	金属髋臼杯	107	人工关节	04	钴铬钼合金及其他	008	无涂层/通用型/无孔
	3579	114	C03440310704009	骨科材料	初次髋关节	金属髋臼杯	107	人工关节	04	钴铬钼合金及其他	009	无涂层/通用型/多孔
	3580	115	C03440310704010	骨科材料	初次髋关节	金属髋臼杯	107	人工关节	04	钴铬钼合金及其他	010	无涂层/专用型/三孔
	3581	116	C03440310704011	骨科材料	初次髋关节	金属髋臼杯	107	人工关节	04	钴铬钼合金及其他	011	无涂层/专用型/无孔
	3582	117	C03440310704012	骨科材料	初次髋关节	金属髋臼杯	107	人工关节	04	钴铬钼合金及其他	012	无涂层/专用型/多孔
	3583	118	C03440310704013	骨科材料	初次髋关节	金属髋臼杯	107	人工关节	04	钴铬钼合金及其他	013	3D打印/通用型/三孔
	3584	119	C03440310704014	骨科材料	初次髋关节	金属髋臼杯	107	人工关节	04	钴铬钼合金及其他	014	3D打印/通用型/无孔
	3585	120	C03440310704015	骨科材料	初次髋关节	金属髋臼杯	107	人工关节	04	钴铬钼合金及其他	015	3D打印/通用型/多孔
	3586	121	C03440310704016	骨科材料	初次髋关节	金属髋臼杯	107	人工关节	04	钴铬钼合金及其他	016	3D打印/专用型/三孔
	3587	122	C03440310704017	骨科材料	初次髋关节	金属髋臼杯	107	人工关节	04	钴铬钼合金及其他	017	3D打印/专用型/无孔
	3588	123	C03440310704018	骨科材料	初次髋关节	金属髋臼杯	107	人工关节	04	钴铬钼合金及其他	018	3D打印/专用型/多孔
	3589	124	C03440410701001	骨科材料	初次髋关节	非金属髋臼杯	107	人工关节	01	高交联聚乙烯	001	含抗氧化剂
	3590	125	C03440410701002	骨科材料	初次髋关节	非金属髋臼杯	107	人工关节	01	高交联聚乙烯	002	不含抗氧化剂
	3591	126	C03440410702001	骨科材料	初次髋关节	非金属髋臼杯	107	人工关节	02	中交联聚乙烯	001	含抗氧化剂
	3592	127	C03440410702002	骨科材料	初次髋关节	非金属髋臼杯	107	人工关节	02	中交联聚乙烯	002	不含抗氧化剂
	3593	128	C03440410703001	骨科材料	初次髋关节	非金属髋臼杯	107	人工关节	03	超高分子量聚乙烯	001	含抗氧化剂
	3594	129	C03440410703002	骨科材料	初次髋关节	非金属髋臼杯	107	人工关节	03	超高分子量聚乙烯	002	不含抗氧化剂
	3595	130	C03440510701000	骨科材料	初次髋关节	股骨头	107	人工关节	01	不锈钢	000	常规
	3596	131	C03440510702000	骨科材料	初次髋关节	股骨头	107	人工关节	02	钴铬钼合金	000	常规
	3597	132	C03440510703000	骨科材料	初次髋关节	股骨头	107	人工关节	03	锆铌合金	000	常规
	3598	133	C03440510704000	骨科材料	初次髋关节	股骨头	107	人工关节	04	三代陶瓷	000	常规
	3599	134	C03440510705000	骨科材料	初次髋关节	股骨头	107	人工关节	05	四代陶瓷	000	常规
	3600	135	C03440510706000	骨科材料	初次髋关节	股骨头	107	人工关节	06	复合材质	000	常规
	3601	136	C03440610701001	骨科材料	初次髋关节	髋臼内衬	107	人工关节	01	锆铌合金	001	锥度锁定及其他/普通型
	3602	137	C03440610701002	骨科材料	初次髋关节	髋臼内衬	107	人工关节	01	锆铌合金	002	锥度锁定及其他/偏心型
	3603	138	C03440610701003	骨科材料	初次髋关节	髋臼内衬	107	人工关节	01	锆铌合金	003	锥度锁定及其他/限制型
	3604	139	C03440610701004	骨科材料	初次髋关节	髋臼内衬	107	人工关节	01	锆铌合金	004	卡环锁定/普通型
	3605	140	C03440610701005	骨科材料	初次髋关节	髋臼内衬	107	人工关节	01	锆铌合金	005	卡环锁定/偏心型
	3606	141	C03440610701006	骨科材料	初次髋关节	髋臼内衬	107	人工关节	01	锆铌合金	006	卡环锁定/限制型
	3607	142	C03440610702001	骨科材料	初次髋关节	髋臼内衬	107	人工关节	02	高交联聚乙烯	001	锥度锁定及其他/普通型
	3608	143	C03440610702002	骨科材料	初次髋关节	髋臼内衬	107	人工关节	02	高交联聚乙烯	002	锥度锁定及其他/偏心型
	3609	144	C03440610702003	骨科材料	初次髋关节	髋臼内衬	107	人工关节	02	高交联聚乙烯	003	锥度锁定及其他/限制型
	3610	145	C03440610702004	骨科材料	初次髋关节	髋臼内衬	107	人工关节	02	高交联聚乙烯	004	卡环锁定/普通型
	3611	146	C03440610702005	骨科材料	初次髋关节	髋臼内衬	107	人工关节	02	高交联聚乙烯	005	卡环锁定/偏心型
	3612	147	C03440610702006	骨科材料	初次髋关节	髋臼内衬	107	人工关节	02	高交联聚乙烯	006	卡环锁定/限制型
	3613	148	C03440610703001	骨科材料	初次髋关节	髋臼内衬	107	人工关节	03	抗氧化聚乙烯	001	锥度锁定及其他/普通型
	3614	149	C03440610703002	骨科材料	初次髋关节	髋臼内衬	107	人工关节	03	抗氧化聚乙烯	002	锥度锁定及其他/偏心型
	3615	150	C03440610703003	骨科材料	初次髋关节	髋臼内衬	107	人工关节	03	抗氧化聚乙烯	003	锥度锁定及其他/限制型
	3616	151	C03440610703004	骨科材料	初次髋关节	髋臼内衬	107	人工关节	03	抗氧化聚乙烯	004	卡环锁定/普通型
	3617	152	C03440610703005	骨科材料	初次髋关节	髋臼内衬	107	人工关节	03	抗氧化聚乙烯	005	卡环锁定/偏心型
	3618	153	C03440610703006	骨科材料	初次髋关节	髋臼内衬	107	人工关节	03	抗氧化聚乙烯	006	卡环锁定/限制型
	3619	154	C03440610704001	骨科材料	初次髋关节	髋臼内衬	107	人工关节	04	普通聚乙烯	001	锥度锁定及其他/普通型
	3620	155	C03440610704002	骨科材料	初次髋关节	髋臼内衬	107	人工关节	04	普通聚乙烯	002	锥度锁定及其他/偏心型
	3621	156	C03440610704003	骨科材料	初次髋关节	髋臼内衬	107	人工关节	04	普通聚乙烯	003	锥度锁定及其他/限制型
	3622	157	C03440610704004	骨科材料	初次髋关节	髋臼内衬	107	人工关节	04	普通聚乙烯	004	卡环锁定/普通型
	3623	158	C03440610704005	骨科材料	初次髋关节	髋臼内衬	107	人工关节	04	普通聚乙烯	005	卡环锁定/偏心型
	3624	159	C03440610704006	骨科材料	初次髋关节	髋臼内衬	107	人工关节	04	普通聚乙烯	006	卡环锁定/限制型
	3625	160	C03440610705001	骨科材料	初次髋关节	髋臼内衬	107	人工关节	05	三代陶瓷	001	锥度锁定及其他/普通型
	3626	161	C03440610705002	骨科材料	初次髋关节	髋臼内衬	107	人工关节	05	三代陶瓷	002	锥度锁定及其他/偏心型
	3627	162	C03440610705003	骨科材料	初次髋关节	髋臼内衬	107	人工关节	05	三代陶瓷	003	锥度锁定及其他/限制型
	3628	163	C03440610705004	骨科材料	初次髋关节	髋臼内衬	107	人工关节	05	三代陶瓷	004	卡环锁定/普通型
	3629	164	C03440610705005	骨科材料	初次髋关节	髋臼内衬	107	人工关节	05	三代陶瓷	005	卡环锁定/偏心型
	3630	165	C03440610705006	骨科材料	初次髋关节	髋臼内衬	107	人工关节	05	三代陶瓷	006	卡环锁定/限制型
	3631	166	C03440610706001	骨科材料	初次髋关节	髋臼内衬	107	人工关节	06	四代陶瓷	001	锥度锁定及其他/普通型
	3632	167	C03440610706002	骨科材料	初次髋关节	髋臼内衬	107	人工关节	06	四代陶瓷	002	锥度锁定及其他/偏心型
	3633	168	C03440610706003	骨科材料	初次髋关节	髋臼内衬	107	人工关节	06	四代陶瓷	003	锥度锁定及其他/限制型
	3634	169	C03440610706004	骨科材料	初次髋关节	髋臼内衬	107	人工关节	06	四代陶瓷	004	卡环锁定/普通型
	3635	170	C03440610706005	骨科材料	初次髋关节	髋臼内衬	107	人工关节	06	四代陶瓷	005	卡环锁定/偏心型
	3636	171	C03440610706006	骨科材料	初次髋关节	髋臼内衬	107	人工关节	06	四代陶瓷	006	卡环锁定/限制型
	3637	172	C03440710701000	骨科材料	初次髋关节	股骨颈	107	人工关节	01	钛合金	000	常规
	3638	173	C03440710702000	骨科材料	初次髋关节	股骨颈	107	人工关节	02	钴铬钼合金	000	常规
	3639	174	C03440810700001	骨科材料	初次髋关节	髋臼螺钉	107	人工关节	00	不区分	001	灭菌
	3640	175	C03440810700002	骨科材料	初次髋关节	髋臼螺钉	107	人工关节	00	不区分	002	非灭菌
	3641	176	C03440910700001	骨科材料	初次髋关节	初次置换人工髋关节其他部件	107	人工关节	00	不区分	001	锥度转换套筒
	3642	177	C03450110701001	骨科材料	翻修髋关节	组配式股骨柄	107	人工关节	01	钴铬合金	001	近端/普通型/单喷涂层
	3643	178	C03450110701002	骨科材料	翻修髋关节	组配式股骨柄	107	人工关节	01	钴铬合金	002	近端/普通型/双喷涂层
	3644	179	C03450110701003	骨科材料	翻修髋关节	组配式股骨柄	107	人工关节	01	钴铬合金	003	近端/替代型/单喷涂层
	3645	180	C03450110701004	骨科材料	翻修髋关节	组配式股骨柄	107	人工关节	01	钴铬合金	004	近端/替代型/双喷涂层
	3646	181	C03450110701005	骨科材料	翻修髋关节	组配式股骨柄	107	人工关节	01	钴铬合金	005	近端/锥型/单喷涂层
	3647	182	C03450110701006	骨科材料	翻修髋关节	组配式股骨柄	107	人工关节	01	钴铬合金	006	近端/锥型/双喷涂层
	3648	183	C03450110701007	骨科材料	翻修髋关节	组配式股骨柄	107	人工关节	01	钴铬合金	007	近端/柱型/单喷涂层
	3649	184	C03450110701008	骨科材料	翻修髋关节	组配式股骨柄	107	人工关节	01	钴铬合金	008	近端/柱型/双喷涂层
	3650	185	C03450110701009	骨科材料	翻修髋关节	组配式股骨柄	107	人工关节	01	钴铬合金	009	远端/普通型/单喷涂层
	3651	186	C03450110701010	骨科材料	翻修髋关节	组配式股骨柄	107	人工关节	01	钴铬合金	010	远端/普通型/双喷涂层
	3652	187	C03450110701011	骨科材料	翻修髋关节	组配式股骨柄	107	人工关节	01	钴铬合金	011	远端/替代型/单喷涂层
	3653	188	C03450110701012	骨科材料	翻修髋关节	组配式股骨柄	107	人工关节	01	钴铬合金	012	远端/替代型/双喷涂层
	3654	189	C03450110701013	骨科材料	翻修髋关节	组配式股骨柄	107	人工关节	01	钴铬合金	013	远端/锥型/单喷涂层
	3655	190	C03450110701014	骨科材料	翻修髋关节	组配式股骨柄	107	人工关节	01	钴铬合金	014	远端/锥型/双喷涂层
	3656	191	C03450110701015	骨科材料	翻修髋关节	组配式股骨柄	107	人工关节	01	钴铬合金	015	远端/柱型/单喷涂层
	3657	192	C03450110701016	骨科材料	翻修髋关节	组配式股骨柄	107	人工关节	01	钴铬合金	016	远端/柱型/双喷涂层
	3658	193	C03450110701017	骨科材料	翻修髋关节	组配式股骨柄	107	人工关节	01	钴铬合金	017	螺栓/普通型/单喷涂层
	3659	194	C03450110701018	骨科材料	翻修髋关节	组配式股骨柄	107	人工关节	01	钴铬合金	018	螺栓/普通型/双喷涂层
	3660	195	C03450110701019	骨科材料	翻修髋关节	组配式股骨柄	107	人工关节	01	钴铬合金	019	螺栓/替代型/单喷涂层
	3661	196	C03450110701020	骨科材料	翻修髋关节	组配式股骨柄	107	人工关节	01	钴铬合金	020	螺栓/替代型/双喷涂层
	3662	197	C03450110701021	骨科材料	翻修髋关节	组配式股骨柄	107	人工关节	01	钴铬合金	021	螺栓/锥型/单喷涂层
	3663	198	C03450110701022	骨科材料	翻修髋关节	组配式股骨柄	107	人工关节	01	钴铬合金	022	螺栓/锥型/双喷涂层
	3664	199	C03450110701023	骨科材料	翻修髋关节	组配式股骨柄	107	人工关节	01	钴铬合金	023	螺栓/柱型/单喷涂层
	3665	200	C03450110701024	骨科材料	翻修髋关节	组配式股骨柄	107	人工关节	01	钴铬合金	024	螺栓/柱型/双喷涂层
	3666	201	C03450110702001	骨科材料	翻修髋关节	组配式股骨柄	107	人工关节	02	钛合金	001	近端/普通型/单喷涂层
	3667	202	C03450110702002	骨科材料	翻修髋关节	组配式股骨柄	107	人工关节	02	钛合金	002	近端/普通型/双喷涂层
	3668	203	C03450110702003	骨科材料	翻修髋关节	组配式股骨柄	107	人工关节	02	钛合金	003	近端/替代型/单喷涂层
	3669	204	C03450110702004	骨科材料	翻修髋关节	组配式股骨柄	107	人工关节	02	钛合金	004	近端/替代型/双喷涂层
	3670	205	C03450110702005	骨科材料	翻修髋关节	组配式股骨柄	107	人工关节	02	钛合金	005	近端/锥型/单喷涂层
	3671	206	C03450110702006	骨科材料	翻修髋关节	组配式股骨柄	107	人工关节	02	钛合金	006	近端/锥型/双喷涂层
	3672	207	C03450110702007	骨科材料	翻修髋关节	组配式股骨柄	107	人工关节	02	钛合金	007	近端/柱型/单喷涂层
	3673	208	C03450110702008	骨科材料	翻修髋关节	组配式股骨柄	107	人工关节	02	钛合金	008	近端/柱型/双喷涂层
	3674	209	C03450110702009	骨科材料	翻修髋关节	组配式股骨柄	107	人工关节	02	钛合金	009	远端/普通型/单喷涂层
	3675	210	C03450110702010	骨科材料	翻修髋关节	组配式股骨柄	107	人工关节	02	钛合金	010	远端/普通型/双喷涂层
	3676	211	C03450110702011	骨科材料	翻修髋关节	组配式股骨柄	107	人工关节	02	钛合金	011	远端/替代型/单喷涂层
	3677	212	C03450110702012	骨科材料	翻修髋关节	组配式股骨柄	107	人工关节	02	钛合金	012	远端/替代型/双喷涂层
	3678	213	C03450110702013	骨科材料	翻修髋关节	组配式股骨柄	107	人工关节	02	钛合金	013	远端/锥型/单喷涂层
	3679	214	C03450110702014	骨科材料	翻修髋关节	组配式股骨柄	107	人工关节	02	钛合金	014	远端/锥型/双喷涂层
	3680	215	C03450110702015	骨科材料	翻修髋关节	组配式股骨柄	107	人工关节	02	钛合金	015	远端/柱型/单喷涂层
	3681	216	C03450110702016	骨科材料	翻修髋关节	组配式股骨柄	107	人工关节	02	钛合金	016	远端/柱型/双喷涂层
	3682	217	C03450110702017	骨科材料	翻修髋关节	组配式股骨柄	107	人工关节	02	钛合金	017	螺栓/普通型/单喷涂层
	3683	218	C03450110702018	骨科材料	翻修髋关节	组配式股骨柄	107	人工关节	02	钛合金	018	螺栓/普通型/双喷涂层
	3684	219	C03450110702019	骨科材料	翻修髋关节	组配式股骨柄	107	人工关节	02	钛合金	019	螺栓/替代型/单喷涂层
	3685	220	C03450110702020	骨科材料	翻修髋关节	组配式股骨柄	107	人工关节	02	钛合金	020	螺栓/替代型/双喷涂层
	3686	221	C03450110702021	骨科材料	翻修髋关节	组配式股骨柄	107	人工关节	02	钛合金	021	螺栓/锥型/单喷涂层
	3687	222	C03450110702022	骨科材料	翻修髋关节	组配式股骨柄	107	人工关节	02	钛合金	022	螺栓/锥型/双喷涂层
	3688	223	C03450110702023	骨科材料	翻修髋关节	组配式股骨柄	107	人工关节	02	钛合金	023	螺栓/柱型/单喷涂层
	3689	224	C03450110702024	骨科材料	翻修髋关节	组配式股骨柄	107	人工关节	02	钛合金	024	螺栓/柱型/双喷涂层
	3690	225	C03450110703001	骨科材料	翻修髋关节	组配式股骨柄	107	人工关节	03	不锈钢	001	近端/普通型/单喷涂层
	3691	226	C03450110703002	骨科材料	翻修髋关节	组配式股骨柄	107	人工关节	03	不锈钢	002	近端/普通型/双喷涂层
	3692	227	C03450110703003	骨科材料	翻修髋关节	组配式股骨柄	107	人工关节	03	不锈钢	003	近端/替代型/单喷涂层
	3693	228	C03450110703004	骨科材料	翻修髋关节	组配式股骨柄	107	人工关节	03	不锈钢	004	近端/替代型/双喷涂层
	3694	229	C03450110703005	骨科材料	翻修髋关节	组配式股骨柄	107	人工关节	03	不锈钢	005	近端/锥型/单喷涂层
	3695	230	C03450110703006	骨科材料	翻修髋关节	组配式股骨柄	107	人工关节	03	不锈钢	006	近端/锥型/双喷涂层
	3696	231	C03450110703007	骨科材料	翻修髋关节	组配式股骨柄	107	人工关节	03	不锈钢	007	近端/柱型/单喷涂层
	3697	232	C03450110703008	骨科材料	翻修髋关节	组配式股骨柄	107	人工关节	03	不锈钢	008	近端/柱型/双喷涂层
	3698	233	C03450110703009	骨科材料	翻修髋关节	组配式股骨柄	107	人工关节	03	不锈钢	009	远端/普通型/单喷涂层
	3699	234	C03450110703010	骨科材料	翻修髋关节	组配式股骨柄	107	人工关节	03	不锈钢	010	远端/普通型/双喷涂层
	3700	235	C03450110703011	骨科材料	翻修髋关节	组配式股骨柄	107	人工关节	03	不锈钢	011	远端/替代型/单喷涂层
	3701	236	C03450110703012	骨科材料	翻修髋关节	组配式股骨柄	107	人工关节	03	不锈钢	012	远端/替代型/双喷涂层
	3702	237	C03450110703013	骨科材料	翻修髋关节	组配式股骨柄	107	人工关节	03	不锈钢	013	远端/锥型/单喷涂层
	3703	238	C03450110703014	骨科材料	翻修髋关节	组配式股骨柄	107	人工关节	03	不锈钢	014	远端/锥型/双喷涂层
	3704	239	C03450110703015	骨科材料	翻修髋关节	组配式股骨柄	107	人工关节	03	不锈钢	015	远端/柱型/单喷涂层
	3705	240	C03450110703016	骨科材料	翻修髋关节	组配式股骨柄	107	人工关节	03	不锈钢	016	远端/柱型/双喷涂层
	3706	241	C03450110703017	骨科材料	翻修髋关节	组配式股骨柄	107	人工关节	03	不锈钢	017	螺栓/普通型/单喷涂层
	3707	242	C03450110703018	骨科材料	翻修髋关节	组配式股骨柄	107	人工关节	03	不锈钢	018	螺栓/普通型/双喷涂层
	3708	243	C03450110703019	骨科材料	翻修髋关节	组配式股骨柄	107	人工关节	03	不锈钢	019	螺栓/替代型/单喷涂层
	3709	244	C03450110703020	骨科材料	翻修髋关节	组配式股骨柄	107	人工关节	03	不锈钢	020	螺栓/替代型/双喷涂层
	3710	245	C03450110703021	骨科材料	翻修髋关节	组配式股骨柄	107	人工关节	03	不锈钢	021	螺栓/锥型/单喷涂层
	3711	246	C03450110703022	骨科材料	翻修髋关节	组配式股骨柄	107	人工关节	03	不锈钢	022	螺栓/锥型/双喷涂层
	3712	247	C03450110703023	骨科材料	翻修髋关节	组配式股骨柄	107	人工关节	03	不锈钢	023	螺栓/柱型/单喷涂层
	3713	248	C03450110703024	骨科材料	翻修髋关节	组配式股骨柄	107	人工关节	03	不锈钢	024	螺栓/柱型/双喷涂层
	3714	249	C03450110706001	骨科材料	翻修髋关节	组配式股骨柄	107	人工关节	06	钽金属	001	近端/普通型/单喷涂层
	3715	250	C03450110706002	骨科材料	翻修髋关节	组配式股骨柄	107	人工关节	06	钽金属	002	近端/普通型/双喷涂层
	3716	251	C03450110706003	骨科材料	翻修髋关节	组配式股骨柄	107	人工关节	06	钽金属	003	近端/替代型/单喷涂层
	3717	252	C03450110706004	骨科材料	翻修髋关节	组配式股骨柄	107	人工关节	06	钽金属	004	近端/替代型/双喷涂层
	3718	253	C03450110706005	骨科材料	翻修髋关节	组配式股骨柄	107	人工关节	06	钽金属	005	近端/锥型/单喷涂层
	3719	254	C03450110706006	骨科材料	翻修髋关节	组配式股骨柄	107	人工关节	06	钽金属	006	近端/锥型/双喷涂层
	3720	255	C03450110706007	骨科材料	翻修髋关节	组配式股骨柄	107	人工关节	06	钽金属	007	近端/柱型/单喷涂层
	3721	256	C03450110706008	骨科材料	翻修髋关节	组配式股骨柄	107	人工关节	06	钽金属	008	近端/柱型/双喷涂层
	3722	257	C03450110706009	骨科材料	翻修髋关节	组配式股骨柄	107	人工关节	06	钽金属	009	远端/普通型/单喷涂层
	3723	258	C03450110706010	骨科材料	翻修髋关节	组配式股骨柄	107	人工关节	06	钽金属	010	远端/普通型/双喷涂层
	3724	259	C03450110706011	骨科材料	翻修髋关节	组配式股骨柄	107	人工关节	06	钽金属	011	远端/替代型/单喷涂层
	3725	260	C03450110706012	骨科材料	翻修髋关节	组配式股骨柄	107	人工关节	06	钽金属	012	远端/替代型/双喷涂层
	3726	261	C03450110706013	骨科材料	翻修髋关节	组配式股骨柄	107	人工关节	06	钽金属	013	远端/锥型/单喷涂层
	3727	262	C03450110706014	骨科材料	翻修髋关节	组配式股骨柄	107	人工关节	06	钽金属	014	远端/锥型/双喷涂层
	3728	263	C03450110706015	骨科材料	翻修髋关节	组配式股骨柄	107	人工关节	06	钽金属	015	远端/柱型/单喷涂层
	3729	264	C03450110706016	骨科材料	翻修髋关节	组配式股骨柄	107	人工关节	06	钽金属	016	远端/柱型/双喷涂层
	3730	265	C03450110706017	骨科材料	翻修髋关节	组配式股骨柄	107	人工关节	06	钽金属	017	螺栓/普通型/单喷涂层
	3731	266	C03450110706018	骨科材料	翻修髋关节	组配式股骨柄	107	人工关节	06	钽金属	018	螺栓/普通型/双喷涂层
	3732	267	C03450110706019	骨科材料	翻修髋关节	组配式股骨柄	107	人工关节	06	钽金属	019	螺栓/替代型/单喷涂层
	3733	268	C03450110706020	骨科材料	翻修髋关节	组配式股骨柄	107	人工关节	06	钽金属	020	螺栓/替代型/双喷涂层
	3734	269	C03450110706021	骨科材料	翻修髋关节	组配式股骨柄	107	人工关节	06	钽金属	021	螺栓/锥型/单喷涂层
	3735	270	C03450110706022	骨科材料	翻修髋关节	组配式股骨柄	107	人工关节	06	钽金属	022	螺栓/锥型/双喷涂层
	3736	271	C03450110706023	骨科材料	翻修髋关节	组配式股骨柄	107	人工关节	06	钽金属	023	螺栓/柱型/单喷涂层
	3737	272	C03450110706024	骨科材料	翻修髋关节	组配式股骨柄	107	人工关节	06	钽金属	024	螺栓/柱型/双喷涂层
	3738	273	C03450210701001	骨科材料	翻修髋关节	一体式股骨柄	107	人工关节	01	钴铬合金	001	有领型/骨水泥型
	3739	274	C03450210701002	骨科材料	翻修髋关节	一体式股骨柄	107	人工关节	01	钴铬合金	002	有领型/生物型
	3740	275	C03450210701003	骨科材料	翻修髋关节	一体式股骨柄	107	人工关节	01	钴铬合金	003	无领型/骨水泥型
	3741	276	C03450210701004	骨科材料	翻修髋关节	一体式股骨柄	107	人工关节	01	钴铬合金	004	无领型/生物型
	3742	277	C03450210702001	骨科材料	翻修髋关节	一体式股骨柄	107	人工关节	02	钛合金	001	有领型/骨水泥型
	3743	278	C03450210702002	骨科材料	翻修髋关节	一体式股骨柄	107	人工关节	02	钛合金	002	有领型/生物型
	3744	279	C03450210702003	骨科材料	翻修髋关节	一体式股骨柄	107	人工关节	02	钛合金	003	无领型/骨水泥型
	3745	280	C03450210702004	骨科材料	翻修髋关节	一体式股骨柄	107	人工关节	02	钛合金	004	无领型/生物型
	3746	281	C03450210703001	骨科材料	翻修髋关节	一体式股骨柄	107	人工关节	03	不锈钢	001	有领型/骨水泥型
	3747	282	C03450210703002	骨科材料	翻修髋关节	一体式股骨柄	107	人工关节	03	不锈钢	002	有领型/生物型
	3748	283	C03450210703003	骨科材料	翻修髋关节	一体式股骨柄	107	人工关节	03	不锈钢	003	无领型/骨水泥型
	3749	284	C03450210703004	骨科材料	翻修髋关节	一体式股骨柄	107	人工关节	03	不锈钢	004	无领型/生物型
	3750	285	C03450210706001	骨科材料	翻修髋关节	一体式股骨柄	107	人工关节	06	钽金属	001	有领型/骨水泥型
	3751	286	C03450210706002	骨科材料	翻修髋关节	一体式股骨柄	107	人工关节	06	钽金属	002	有领型/生物型
	3752	287	C03450210706003	骨科材料	翻修髋关节	一体式股骨柄	107	人工关节	06	钽金属	003	无领型/骨水泥型
	3753	288	C03450210706004	骨科材料	翻修髋关节	一体式股骨柄	107	人工关节	06	钽金属	004	无领型/生物型
	3754	289	C03450310701000	骨科材料	翻修髋关节	股骨头	107	人工关节	01	不锈钢	000	常规
	3755	290	C03450310702000	骨科材料	翻修髋关节	股骨头	107	人工关节	02	钴铬钼合金	000	常规
	3756	291	C03450310703000	骨科材料	翻修髋关节	股骨头	107	人工关节	03	锆铌合金	000	常规
	3757	292	C03450310704000	骨科材料	翻修髋关节	股骨头	107	人工关节	04	陶瓷三代陶瓷	000	常规
	3758	293	C03450310705000	骨科材料	翻修髋关节	股骨头	107	人工关节	05	四代陶瓷	000	常规
	3759	294	C03450410701000	骨科材料	翻修髋关节	髋臼网架	107	人工关节	01	钛合金	000	常规
	3760	295	C03450410702000	骨科材料	翻修髋关节	髋臼网架	107	人工关节	02	钴铬钼合金	000	常规
	3761	296	C03450410703000	骨科材料	翻修髋关节	髋臼网架	107	人工关节	03	纯钛	000	常规
	3762	297	C03450510701001	骨科材料	翻修髋关节	金属髋臼杯	107	人工关节	01	钛合金	001	涂层/通用型/三孔
	3763	298	C03450510701002	骨科材料	翻修髋关节	金属髋臼杯	107	人工关节	01	钛合金	002	涂层/通用型/无孔
	3764	299	C03450510701003	骨科材料	翻修髋关节	金属髋臼杯	107	人工关节	01	钛合金	003	涂层/通用型/多孔
	3765	300	C03450510701004	骨科材料	翻修髋关节	金属髋臼杯	107	人工关节	01	钛合金	004	涂层/专用型/三孔
	3766	301	C03450510701005	骨科材料	翻修髋关节	金属髋臼杯	107	人工关节	01	钛合金	005	涂层/专用型/无孔
	3767	302	C03450510701006	骨科材料	翻修髋关节	金属髋臼杯	107	人工关节	01	钛合金	006	涂层/专用型/多孔
	3768	303	C03450510701007	骨科材料	翻修髋关节	金属髋臼杯	107	人工关节	01	钛合金	007	无涂层/通用型/三孔
	3769	304	C03450510701008	骨科材料	翻修髋关节	金属髋臼杯	107	人工关节	01	钛合金	008	无涂层/通用型/无孔
	3770	305	C03450510701009	骨科材料	翻修髋关节	金属髋臼杯	107	人工关节	01	钛合金	009	无涂层/通用型/多孔
	3771	306	C03450510701010	骨科材料	翻修髋关节	金属髋臼杯	107	人工关节	01	钛合金	010	无涂层/专用型/三孔
	3772	307	C03450510701011	骨科材料	翻修髋关节	金属髋臼杯	107	人工关节	01	钛合金	011	无涂层/专用型/无孔
	3773	308	C03450510701012	骨科材料	翻修髋关节	金属髋臼杯	107	人工关节	01	钛合金	012	无涂层/专用型/多孔
	3774	309	C03450510701013	骨科材料	翻修髋关节	金属髋臼杯	107	人工关节	01	钛合金	013	3D打印/通用型/三孔
	3775	310	C03450510701014	骨科材料	翻修髋关节	金属髋臼杯	107	人工关节	01	钛合金	014	3D打印/通用型/无孔
	3776	311	C03450510701015	骨科材料	翻修髋关节	金属髋臼杯	107	人工关节	01	钛合金	015	3D打印/通用型/多孔
	3777	312	C03450510701016	骨科材料	翻修髋关节	金属髋臼杯	107	人工关节	01	钛合金	016	3D打印/专用型/三孔
	3778	313	C03450510701017	骨科材料	翻修髋关节	金属髋臼杯	107	人工关节	01	钛合金	017	3D打印/专用型/无孔
	3779	314	C03450510701018	骨科材料	翻修髋关节	金属髋臼杯	107	人工关节	01	钛合金	018	3D打印/专用型/多孔
	3780	315	C03450510702001	骨科材料	翻修髋关节	金属髋臼杯	107	人工关节	02	纯钛	001	涂层/通用型/三孔
	3781	316	C03450510702002	骨科材料	翻修髋关节	金属髋臼杯	107	人工关节	02	纯钛	002	涂层/通用型/无孔
	3782	317	C03450510702003	骨科材料	翻修髋关节	金属髋臼杯	107	人工关节	02	纯钛	003	涂层/通用型/多孔
	3783	318	C03450510702004	骨科材料	翻修髋关节	金属髋臼杯	107	人工关节	02	纯钛	004	涂层/专用型/三孔
	3784	319	C03450510702005	骨科材料	翻修髋关节	金属髋臼杯	107	人工关节	02	纯钛	005	涂层/专用型/无孔
	3785	320	C03450510702006	骨科材料	翻修髋关节	金属髋臼杯	107	人工关节	02	纯钛	006	涂层/专用型/多孔
	3786	321	C03450510702007	骨科材料	翻修髋关节	金属髋臼杯	107	人工关节	02	纯钛	007	无涂层/通用型/三孔
	3787	322	C03450510702008	骨科材料	翻修髋关节	金属髋臼杯	107	人工关节	02	纯钛	008	无涂层/通用型/无孔
	3788	323	C03450510702009	骨科材料	翻修髋关节	金属髋臼杯	107	人工关节	02	纯钛	009	无涂层/通用型/多孔
	3789	324	C03450510702010	骨科材料	翻修髋关节	金属髋臼杯	107	人工关节	02	纯钛	010	无涂层/专用型/三孔
	3790	325	C03450510702011	骨科材料	翻修髋关节	金属髋臼杯	107	人工关节	02	纯钛	011	无涂层/专用型/无孔
	3791	326	C03450510702012	骨科材料	翻修髋关节	金属髋臼杯	107	人工关节	02	纯钛	012	无涂层/专用型/多孔
	3792	327	C03450510702013	骨科材料	翻修髋关节	金属髋臼杯	107	人工关节	02	纯钛	013	3D打印/通用型/三孔
	3793	328	C03450510702014	骨科材料	翻修髋关节	金属髋臼杯	107	人工关节	02	纯钛	014	3D打印/通用型/无孔
	3794	329	C03450510702015	骨科材料	翻修髋关节	金属髋臼杯	107	人工关节	02	纯钛	015	3D打印/通用型/多孔
	3795	330	C03450510702016	骨科材料	翻修髋关节	金属髋臼杯	107	人工关节	02	纯钛	016	3D打印/专用型/三孔
	3796	331	C03450510702017	骨科材料	翻修髋关节	金属髋臼杯	107	人工关节	02	纯钛	017	3D打印/专用型/无孔
	3797	332	C03450510702018	骨科材料	翻修髋关节	金属髋臼杯	107	人工关节	02	纯钛	018	3D打印/专用型/多孔
	3798	333	C03450510703001	骨科材料	翻修髋关节	金属髋臼杯	107	人工关节	03	钽金属	001	涂层/通用型/三孔
	3799	334	C03450510703002	骨科材料	翻修髋关节	金属髋臼杯	107	人工关节	03	钽金属	002	涂层/通用型/无孔
	3800	335	C03450510703003	骨科材料	翻修髋关节	金属髋臼杯	107	人工关节	03	钽金属	003	涂层/通用型/多孔
	3801	336	C03450510703004	骨科材料	翻修髋关节	金属髋臼杯	107	人工关节	03	钽金属	004	涂层/专用型/三孔
	3802	337	C03450510703005	骨科材料	翻修髋关节	金属髋臼杯	107	人工关节	03	钽金属	005	涂层/专用型/无孔
	3803	338	C03450510703006	骨科材料	翻修髋关节	金属髋臼杯	107	人工关节	03	钽金属	006	涂层/专用型/多孔
	3804	339	C03450510703007	骨科材料	翻修髋关节	金属髋臼杯	107	人工关节	03	钽金属	007	无涂层/通用型/三孔
	3805	340	C03450510703008	骨科材料	翻修髋关节	金属髋臼杯	107	人工关节	03	钽金属	008	无涂层/通用型/无孔
	3806	341	C03450510703009	骨科材料	翻修髋关节	金属髋臼杯	107	人工关节	03	钽金属	009	无涂层/通用型/多孔
	3807	342	C03450510703010	骨科材料	翻修髋关节	金属髋臼杯	107	人工关节	03	钽金属	010	无涂层/专用型/三孔
	3808	343	C03450510703011	骨科材料	翻修髋关节	金属髋臼杯	107	人工关节	03	钽金属	011	无涂层/专用型/无孔
	3809	344	C03450510703012	骨科材料	翻修髋关节	金属髋臼杯	107	人工关节	03	钽金属	012	无涂层/专用型/多孔
	3810	345	C03450510703013	骨科材料	翻修髋关节	金属髋臼杯	107	人工关节	03	钽金属	013	3D打印/通用型/三孔
	3811	346	C03450510703014	骨科材料	翻修髋关节	金属髋臼杯	107	人工关节	03	钽金属	014	3D打印/通用型/无孔
	3812	347	C03450510703015	骨科材料	翻修髋关节	金属髋臼杯	107	人工关节	03	钽金属	015	3D打印/通用型/多孔
	3813	348	C03450510703016	骨科材料	翻修髋关节	金属髋臼杯	107	人工关节	03	钽金属	016	3D打印/专用型/三孔
	3814	349	C03450510703017	骨科材料	翻修髋关节	金属髋臼杯	107	人工关节	03	钽金属	017	3D打印/专用型/无孔
	3815	350	C03450510703018	骨科材料	翻修髋关节	金属髋臼杯	107	人工关节	03	钽金属	018	3D打印/专用型/多孔
	3816	351	C03450510704001	骨科材料	翻修髋关节	金属髋臼杯	107	人工关节	04	钴铬钼合金及其他	001	涂层/通用型/三孔
	3817	352	C03450510704002	骨科材料	翻修髋关节	金属髋臼杯	107	人工关节	04	钴铬钼合金及其他	002	涂层/通用型/无孔
	3818	353	C03450510704003	骨科材料	翻修髋关节	金属髋臼杯	107	人工关节	04	钴铬钼合金及其他	003	涂层/通用型/多孔
	3819	354	C03450510704004	骨科材料	翻修髋关节	金属髋臼杯	107	人工关节	04	钴铬钼合金及其他	004	涂层/专用型/三孔
	3820	355	C03450510704005	骨科材料	翻修髋关节	金属髋臼杯	107	人工关节	04	钴铬钼合金及其他	005	涂层/专用型/无孔
	3821	356	C03450510704006	骨科材料	翻修髋关节	金属髋臼杯	107	人工关节	04	钴铬钼合金及其他	006	涂层/专用型/多孔
	3822	357	C03450510704007	骨科材料	翻修髋关节	金属髋臼杯	107	人工关节	04	钴铬钼合金及其他	007	无涂层/通用型/三孔
	3823	358	C03450510704008	骨科材料	翻修髋关节	金属髋臼杯	107	人工关节	04	钴铬钼合金及其他	008	无涂层/通用型/无孔
	3824	359	C03450510704009	骨科材料	翻修髋关节	金属髋臼杯	107	人工关节	04	钴铬钼合金及其他	009	无涂层/通用型/多孔
	3825	360	C03450510704010	骨科材料	翻修髋关节	金属髋臼杯	107	人工关节	04	钴铬钼合金及其他	010	无涂层/专用型/三孔
	3826	361	C03450510704011	骨科材料	翻修髋关节	金属髋臼杯	107	人工关节	04	钴铬钼合金及其他	011	无涂层/专用型/无孔
	3827	362	C03450510704012	骨科材料	翻修髋关节	金属髋臼杯	107	人工关节	04	钴铬钼合金及其他	012	无涂层/专用型/多孔
	3828	363	C03450510704013	骨科材料	翻修髋关节	金属髋臼杯	107	人工关节	04	钴铬钼合金及其他	013	3D打印/通用型/三孔
	3829	364	C03450510704014	骨科材料	翻修髋关节	金属髋臼杯	107	人工关节	04	钴铬钼合金及其他	014	3D打印/通用型/无孔
	3830	365	C03450510704015	骨科材料	翻修髋关节	金属髋臼杯	107	人工关节	04	钴铬钼合金及其他	015	3D打印/通用型/多孔
	3831	366	C03450510704016	骨科材料	翻修髋关节	金属髋臼杯	107	人工关节	04	钴铬钼合金及其他	016	3D打印/专用型/三孔
	3832	367	C03450510704017	骨科材料	翻修髋关节	金属髋臼杯	107	人工关节	04	钴铬钼合金及其他	017	3D打印/专用型/无孔
	3833	368	C03450510704018	骨科材料	翻修髋关节	金属髋臼杯	107	人工关节	04	钴铬钼合金及其他	018	3D打印/专用型/多孔
	3834	369	C03450610701001	骨科材料	翻修髋关节	非金属髋臼杯	107	人工关节	01	高交联聚乙烯	001	含抗氧化剂
	3835	370	C03450610701002	骨科材料	翻修髋关节	非金属髋臼杯	107	人工关节	01	高交联聚乙烯	002	不含抗氧化剂
	3836	371	C03450610702001	骨科材料	翻修髋关节	非金属髋臼杯	107	人工关节	02	中交联聚乙烯	001	含抗氧化剂
	3837	372	C03450610702002	骨科材料	翻修髋关节	非金属髋臼杯	107	人工关节	02	中交联聚乙烯	002	不含抗氧化剂
	3838	373	C03450710701001	骨科材料	翻修髋关节	髋臼垫块	107	人工关节	01	钛合金	001	实心/普通工艺
	3839	374	C03450710701002	骨科材料	翻修髋关节	髋臼垫块	107	人工关节	01	钛合金	002	实心/3D打印
	3840	375	C03450710701003	骨科材料	翻修髋关节	髋臼垫块	107	人工关节	01	钛合金	003	空心/普通工艺
	3841	376	C03450710701004	骨科材料	翻修髋关节	髋臼垫块	107	人工关节	01	钛合金	004	空心/3D打印
	3842	377	C03450710702001	骨科材料	翻修髋关节	髋臼垫块	107	人工关节	02	钴铬钼合金	001	实心/普通工艺
	3843	378	C03450710702002	骨科材料	翻修髋关节	髋臼垫块	107	人工关节	02	钴铬钼合金	002	实心/3D打印
	3844	379	C03450710702003	骨科材料	翻修髋关节	髋臼垫块	107	人工关节	02	钴铬钼合金	003	空心/普通工艺
	3845	380	C03450710702004	骨科材料	翻修髋关节	髋臼垫块	107	人工关节	02	钴铬钼合金	004	空心/3D打印
	3846	381	C03450710703001	骨科材料	翻修髋关节	髋臼垫块	107	人工关节	03	钽金属	001	实心/普通工艺
	3847	382	C03450710703002	骨科材料	翻修髋关节	髋臼垫块	107	人工关节	03	钽金属	002	实心/3D打印
	3848	383	C03450710703003	骨科材料	翻修髋关节	髋臼垫块	107	人工关节	03	钽金属	003	空心/普通工艺
	3849	384	C03450710703004	骨科材料	翻修髋关节	髋臼垫块	107	人工关节	03	钽金属	004	空心/3D打印
	3850	385	C03450710704001	骨科材料	翻修髋关节	髋臼垫块	107	人工关节	04	纯钛	001	实心/普通工艺
	3851	386	C03450710704002	骨科材料	翻修髋关节	髋臼垫块	107	人工关节	04	纯钛	002	实心/3D打印
	3852	387	C03450710704003	骨科材料	翻修髋关节	髋臼垫块	107	人工关节	04	纯钛	003	空心/普通工艺
	3853	388	C03450710704004	骨科材料	翻修髋关节	髋臼垫块	107	人工关节	04	纯钛	004	空心/3D打印
	3854	389	C03450810700001	骨科材料	翻修髋关节	髋臼螺钉	107	人工关节	00	不区分	001	锁定
	3855	390	C03450810700002	骨科材料	翻修髋关节	髋臼螺钉	107	人工关节	00	不区分	002	非锁定
	3856	391	C03450910700000	骨科材料	翻修髋关节	垫块螺钉	107	人工关节	00	不区分	000	常规
	3857	392	C03451010701001	骨科材料	翻修髋关节	髋臼内衬	107	人工关节	01	锆铌合金	001	锥度锁定/普通型
	3858	393	C03451010701002	骨科材料	翻修髋关节	髋臼内衬	107	人工关节	01	锆铌合金	002	锥度锁定/偏心型
	3859	394	C03451010701003	骨科材料	翻修髋关节	髋臼内衬	107	人工关节	01	锆铌合金	003	锥度锁定/限制型
	3860	395	C03451010701004	骨科材料	翻修髋关节	髋臼内衬	107	人工关节	01	锆铌合金	004	卡环锁定/普通型
	3861	396	C03451010701005	骨科材料	翻修髋关节	髋臼内衬	107	人工关节	01	锆铌合金	005	卡环锁定/偏心型
	3862	397	C03451010701006	骨科材料	翻修髋关节	髋臼内衬	107	人工关节	01	锆铌合金	006	卡环锁定/限制型
	3863	398	C03451010702001	骨科材料	翻修髋关节	髋臼内衬	107	人工关节	02	高交联聚乙烯	001	锥度锁定/普通型
	3864	399	C03451010702002	骨科材料	翻修髋关节	髋臼内衬	107	人工关节	02	高交联聚乙烯	002	锥度锁定/偏心型
	3865	400	C03451010702003	骨科材料	翻修髋关节	髋臼内衬	107	人工关节	02	高交联聚乙烯	003	锥度锁定/限制型
	3866	401	C03451010702004	骨科材料	翻修髋关节	髋臼内衬	107	人工关节	02	高交联聚乙烯	004	卡环锁定/普通型
	3867	402	C03451010702005	骨科材料	翻修髋关节	髋臼内衬	107	人工关节	02	高交联聚乙烯	005	卡环锁定/偏心型
	3868	403	C03451010702006	骨科材料	翻修髋关节	髋臼内衬	107	人工关节	02	高交联聚乙烯	006	卡环锁定/限制型
	3869	404	C03451010703001	骨科材料	翻修髋关节	髋臼内衬	107	人工关节	03	抗氧化聚乙烯	001	锥度锁定/普通型
	3870	405	C03451010703002	骨科材料	翻修髋关节	髋臼内衬	107	人工关节	03	抗氧化聚乙烯	002	锥度锁定/偏心型
	3871	406	C03451010703003	骨科材料	翻修髋关节	髋臼内衬	107	人工关节	03	抗氧化聚乙烯	003	锥度锁定/限制型
	3872	407	C03451010703004	骨科材料	翻修髋关节	髋臼内衬	107	人工关节	03	抗氧化聚乙烯	004	卡环锁定/普通型
	3873	408	C03451010703005	骨科材料	翻修髋关节	髋臼内衬	107	人工关节	03	抗氧化聚乙烯	005	卡环锁定/偏心型
	3874	409	C03451010703006	骨科材料	翻修髋关节	髋臼内衬	107	人工关节	03	抗氧化聚乙烯	006	卡环锁定/限制型
	3875	410	C03451010704001	骨科材料	翻修髋关节	髋臼内衬	107	人工关节	04	普通聚乙烯	001	锥度锁定/普通型
	3876	411	C03451010704002	骨科材料	翻修髋关节	髋臼内衬	107	人工关节	04	普通聚乙烯	002	锥度锁定/偏心型
	3877	412	C03451010704003	骨科材料	翻修髋关节	髋臼内衬	107	人工关节	04	普通聚乙烯	003	锥度锁定/限制型
	3878	413	C03451010704004	骨科材料	翻修髋关节	髋臼内衬	107	人工关节	04	普通聚乙烯	004	卡环锁定/普通型
	3879	414	C03451010704005	骨科材料	翻修髋关节	髋臼内衬	107	人工关节	04	普通聚乙烯	005	卡环锁定/偏心型
	3880	415	C03451010704006	骨科材料	翻修髋关节	髋臼内衬	107	人工关节	04	普通聚乙烯	006	卡环锁定/限制型
	3881	416	C03451010705001	骨科材料	翻修髋关节	髋臼内衬	107	人工关节	05	三代陶瓷	001	锥度锁定/普通型
	3882	417	C03451010705002	骨科材料	翻修髋关节	髋臼内衬	107	人工关节	05	三代陶瓷	002	锥度锁定/偏心型
	3883	418	C03451010705003	骨科材料	翻修髋关节	髋臼内衬	107	人工关节	05	三代陶瓷	003	锥度锁定/限制型
	3884	419	C03451010705004	骨科材料	翻修髋关节	髋臼内衬	107	人工关节	05	三代陶瓷	004	卡环锁定/普通型
	3885	420	C03451010705005	骨科材料	翻修髋关节	髋臼内衬	107	人工关节	05	三代陶瓷	005	卡环锁定/偏心型
	3886	421	C03451010705006	骨科材料	翻修髋关节	髋臼内衬	107	人工关节	05	三代陶瓷	006	卡环锁定/限制型
	3887	422	C03451010706001	骨科材料	翻修髋关节	髋臼内衬	107	人工关节	06	四代陶瓷	001	锥度锁定/普通型
	3888	423	C03451010706002	骨科材料	翻修髋关节	髋臼内衬	107	人工关节	06	四代陶瓷	002	锥度锁定/偏心型
	3889	424	C03451010706003	骨科材料	翻修髋关节	髋臼内衬	107	人工关节	06	四代陶瓷	003	锥度锁定/限制型
	3890	425	C03451010706004	骨科材料	翻修髋关节	髋臼内衬	107	人工关节	06	四代陶瓷	004	卡环锁定/普通型
	3891	426	C03451010706005	骨科材料	翻修髋关节	髋臼内衬	107	人工关节	06	四代陶瓷	005	卡环锁定/偏心型
	3892	427	C03451010706006	骨科材料	翻修髋关节	髋臼内衬	107	人工关节	06	四代陶瓷	006	卡环锁定/限制型
	3893	428	C03451110701000	骨科材料	翻修髋关节	股骨颈	107	人工关节	01	钛合金	000	常规
	3894	429	C03451110702000	骨科材料	翻修髋关节	股骨颈	107	人工关节	02	钴铬钼合金	000	常规
	3895	430	C03451210701000	骨科材料	翻修髋关节	链接螺栓	107	人工关节	01	钴铬钼合金	000	常规
	3896	431	C03451210702000	骨科材料	翻修髋关节	链接螺栓	107	人工关节	02	钛合金	000	常规
	3897	432	C03451310700001	骨科材料	翻修髋关节	翻修置换人工髋关节其他部件	107	人工关节	00	不区分	001	粗隆爪螺钉
	3898	433	C03460110701001	骨科材料	半髋关节	双极头	107	人工关节	01	钴铬钼合金	001	组配式
	3899	434	C03460110701002	骨科材料	半髋关节	双极头	107	人工关节	01	钴铬钼合金	002	一体式
	3900	435	C03460110702001	骨科材料	半髋关节	双极头	107	人工关节	02	钛合金	001	组配式
	3901	436	C03460110702002	骨科材料	半髋关节	双极头	107	人工关节	02	钛合金	002	一体式
	3902	437	C03460110703001	骨科材料	半髋关节	双极头	107	人工关节	03	聚乙烯	001	组配式
	3903	438	C03460110703002	骨科材料	半髋关节	双极头	107	人工关节	03	聚乙烯	002	一体式
	3904	439	C03460110704001	骨科材料	半髋关节	双极头	107	人工关节	04	不锈钢	001	组配式
	3905	440	C03460110704002	骨科材料	半髋关节	双极头	107	人工关节	04	不锈钢	002	一体式
颅骨矫形器械	3906	1	C04010511800000	神经外科材料	颅骨固定/修补材料	其他颅骨固定/修补材料	118	修补材料	00	不区分	000	其他
	3907	2	C04010511800001	神经外科材料	颅骨固定/修补材料	其他颅骨固定/修补材料	118	修补材料	00	不区分	001	颅骨填充
刨骨器	3908	1	C03480511500000	骨科材料	动力系统	刨刀	115	刨刀	00	不区分	000	常规
球囊扩张导管	3909	1	C01010200201001	非血管介入治疗类材料	呼吸介入材料	气道球囊	002	球囊	01	嵌段聚醚酰胺树脂（Pebax）	001	止血球囊/单级球囊/普通
	3910	2	C01010200201002	非血管介入治疗类材料	呼吸介入材料	气道球囊	002	球囊	01	嵌段聚醚酰胺树脂（Pebax）	002	止血球囊/单级球囊/可过导丝
	3911	3	C01010200201003	非血管介入治疗类材料	呼吸介入材料	气道球囊	002	球囊	01	嵌段聚醚酰胺树脂（Pebax）	003	止血球囊/多级球囊/普通
	3912	4	C01010200201004	非血管介入治疗类材料	呼吸介入材料	气道球囊	002	球囊	01	嵌段聚醚酰胺树脂（Pebax）	004	止血球囊/多级球囊/可过导丝
	3913	5	C01010200201005	非血管介入治疗类材料	呼吸介入材料	气道球囊	002	球囊	01	嵌段聚醚酰胺树脂（Pebax）	005	扩张球囊/单级球囊/普通
	3914	6	C01010200201006	非血管介入治疗类材料	呼吸介入材料	气道球囊	002	球囊	01	嵌段聚醚酰胺树脂（Pebax）	006	扩张球囊/单级球囊/可过导丝
	3915	7	C01010200201007	非血管介入治疗类材料	呼吸介入材料	气道球囊	002	球囊	01	嵌段聚醚酰胺树脂（Pebax）	007	扩张球囊/多级球囊/普通
	3916	8	C01010200201008	非血管介入治疗类材料	呼吸介入材料	气道球囊	002	球囊	01	嵌段聚醚酰胺树脂（Pebax）	008	扩张球囊/多级球囊/可过导丝
	3917	9	C01010200202001	非血管介入治疗类材料	呼吸介入材料	气道球囊	002	球囊	02	聚对苯二甲酸乙二醇脂（PET）	001	止血球囊/单级球囊/普通
	3918	10	C01010200202002	非血管介入治疗类材料	呼吸介入材料	气道球囊	002	球囊	02	聚对苯二甲酸乙二醇脂（PET）	002	止血球囊/单级球囊/可过导丝
	3919	11	C01010200202003	非血管介入治疗类材料	呼吸介入材料	气道球囊	002	球囊	02	聚对苯二甲酸乙二醇脂（PET）	003	止血球囊/多级球囊/普通
	3920	12	C01010200202004	非血管介入治疗类材料	呼吸介入材料	气道球囊	002	球囊	02	聚对苯二甲酸乙二醇脂（PET）	004	止血球囊/多级球囊/可过导丝
	3921	13	C01010200202005	非血管介入治疗类材料	呼吸介入材料	气道球囊	002	球囊	02	聚对苯二甲酸乙二醇脂（PET）	005	扩张球囊/单级球囊/普通
	3922	14	C01010200202006	非血管介入治疗类材料	呼吸介入材料	气道球囊	002	球囊	02	聚对苯二甲酸乙二醇脂（PET）	006	扩张球囊/单级球囊/可过导丝
	3923	15	C01010200202007	非血管介入治疗类材料	呼吸介入材料	气道球囊	002	球囊	02	聚对苯二甲酸乙二醇脂（PET）	007	扩张球囊/多级球囊/普通
	3924	16	C01010200202008	非血管介入治疗类材料	呼吸介入材料	气道球囊	002	球囊	02	聚对苯二甲酸乙二醇脂（PET）	008	扩张球囊/多级球囊/可过导丝
	3925	17	C01020100200001	非血管介入治疗类材料	消化介入材料	贲门球囊	002	球囊	00	不区分	001	注气体/带导丝
	3926	18	C01020100200002	非血管介入治疗类材料	消化介入材料	贲门球囊	002	球囊	00	不区分	002	注气体/不带导丝
	3927	19	C01020100200003	非血管介入治疗类材料	消化介入材料	贲门球囊	002	球囊	00	不区分	003	注液体/带导丝
	3928	20	C01020100200004	非血管介入治疗类材料	消化介入材料	贲门球囊	002	球囊	00	不区分	004	注液体/不带导丝
	3929	21	C01020200201001	非血管介入治疗类材料	消化介入材料	食道球囊	002	球囊	01	嵌段聚醚酰胺树脂（Pebax）	001	单级扩张球囊/不带导丝
	3930	22	C01020200201002	非血管介入治疗类材料	消化介入材料	食道球囊	002	球囊	01	嵌段聚醚酰胺树脂（Pebax）	002	单级扩张球囊/带导丝
	3931	23	C01020200201003	非血管介入治疗类材料	消化介入材料	食道球囊	002	球囊	01	嵌段聚醚酰胺树脂（Pebax）	003	多级扩张球囊/不带导丝
	3932	24	C01020200201004	非血管介入治疗类材料	消化介入材料	食道球囊	002	球囊	01	嵌段聚醚酰胺树脂（Pebax）	004	多级扩张球囊/带导丝
	3933	25	C01020200202001	非血管介入治疗类材料	消化介入材料	食道球囊	002	球囊	02	聚对苯二甲酸乙二醇脂（PET）	001	单级扩张球囊/不带导丝
	3934	26	C01020200202002	非血管介入治疗类材料	消化介入材料	食道球囊	002	球囊	02	聚对苯二甲酸乙二醇脂（PET）	002	单级扩张球囊/带导丝
	3935	27	C01020200202003	非血管介入治疗类材料	消化介入材料	食道球囊	002	球囊	02	聚对苯二甲酸乙二醇脂（PET）	003	多级扩张球囊/不带导丝
	3936	28	C01020200202004	非血管介入治疗类材料	消化介入材料	食道球囊	002	球囊	02	聚对苯二甲酸乙二醇脂（PET）	004	多级扩张球囊/带导丝
	3937	29	C01020300201001	非血管介入治疗类材料	消化介入材料	肠道扩张球囊	002	球囊	01	嵌段聚醚酰胺树脂（Pebax）	001	单级扩张球囊/带导丝
	3938	30	C01020300201002	非血管介入治疗类材料	消化介入材料	肠道扩张球囊	002	球囊	01	嵌段聚醚酰胺树脂（Pebax）	002	单级扩张球囊/不带导丝
	3939	31	C01020300201003	非血管介入治疗类材料	消化介入材料	肠道扩张球囊	002	球囊	01	嵌段聚醚酰胺树脂（Pebax）	003	多级扩张球囊/带导丝
	3940	32	C01020300201004	非血管介入治疗类材料	消化介入材料	肠道扩张球囊	002	球囊	01	嵌段聚醚酰胺树脂（Pebax）	004	多级扩张球囊/不带导丝
	3941	33	C01020300202001	非血管介入治疗类材料	消化介入材料	肠道扩张球囊	002	球囊	02	聚对苯二甲酸乙二醇脂（PET）	001	单级扩张球囊/带导丝
	3942	34	C01020300202002	非血管介入治疗类材料	消化介入材料	肠道扩张球囊	002	球囊	02	聚对苯二甲酸乙二醇脂（PET）	002	单级扩张球囊/不带导丝
	3943	35	C01020300202003	非血管介入治疗类材料	消化介入材料	肠道扩张球囊	002	球囊	02	聚对苯二甲酸乙二醇脂（PET）	003	多级扩张球囊/带导丝
	3944	36	C01020300202004	非血管介入治疗类材料	消化介入材料	肠道扩张球囊	002	球囊	02	聚对苯二甲酸乙二醇脂（PET）	004	多级扩张球囊/不带导丝
	3945	37	C01020400201001	非血管介入治疗类材料	消化介入材料	胆胰扩张球囊	002	球囊	01	嵌段聚醚酰胺树脂（Pebax）	001	扩张胆管/传统长交换方式/单出水口球囊
	3946	38	C01020400201002	非血管介入治疗类材料	消化介入材料	胆胰扩张球囊	002	球囊	01	嵌段聚醚酰胺树脂（Pebax）	002	扩张胆管/传统长交换方式/双出水口球囊
	3947	39	C01020400201003	非血管介入治疗类材料	消化介入材料	胆胰扩张球囊	002	球囊	01	嵌段聚醚酰胺树脂（Pebax）	003	扩张胆管/快速短交换方式/单出水口球囊
	3948	40	C01020400201004	非血管介入治疗类材料	消化介入材料	胆胰扩张球囊	002	球囊	01	嵌段聚醚酰胺树脂（Pebax）	004	扩张胆管/快速短交换方式/双出水口球囊
	3949	41	C01020400201005	非血管介入治疗类材料	消化介入材料	胆胰扩张球囊	002	球囊	01	嵌段聚醚酰胺树脂（Pebax）	005	扩张乳头/传统长交换方式/单出水口球囊
	3950	42	C01020400201006	非血管介入治疗类材料	消化介入材料	胆胰扩张球囊	002	球囊	01	嵌段聚醚酰胺树脂（Pebax）	006	扩张乳头/传统长交换方式/双出水口球囊
	3951	43	C01020400201007	非血管介入治疗类材料	消化介入材料	胆胰扩张球囊	002	球囊	01	嵌段聚醚酰胺树脂（Pebax）	007	扩张乳头/快速短交换方式/单出水口球囊
	3952	44	C01020400201008	非血管介入治疗类材料	消化介入材料	胆胰扩张球囊	002	球囊	01	嵌段聚醚酰胺树脂（Pebax）	008	扩张乳头/快速短交换方式/双出水口球囊
	3953	45	C01020400201009	非血管介入治疗类材料	消化介入材料	胆胰扩张球囊	002	球囊	01	嵌段聚醚酰胺树脂（Pebax）	009	扩张胰管/传统长交换方式/单出水口球囊
	3954	46	C01020400201010	非血管介入治疗类材料	消化介入材料	胆胰扩张球囊	002	球囊	01	嵌段聚醚酰胺树脂（Pebax）	010	扩张胰管/传统长交换方式/双出水口球囊
	3955	47	C01020400201011	非血管介入治疗类材料	消化介入材料	胆胰扩张球囊	002	球囊	01	嵌段聚醚酰胺树脂（Pebax）	011	扩张胰管/快速短交换方式/单出水口球囊
	3956	48	C01020400201012	非血管介入治疗类材料	消化介入材料	胆胰扩张球囊	002	球囊	01	嵌段聚醚酰胺树脂（Pebax）	012	扩张胰管/快速短交换方式/双出水口球囊
	3957	49	C01020400202001	非血管介入治疗类材料	消化介入材料	胆胰扩张球囊	002	球囊	02	聚对苯二甲酸乙二醇脂（PET）	001	扩张胆管/传统长交换方式/单出水口球囊
	3958	50	C01020400202002	非血管介入治疗类材料	消化介入材料	胆胰扩张球囊	002	球囊	02	聚对苯二甲酸乙二醇脂（PET）	002	扩张胆管/传统长交换方式/双出水口球囊
	3959	51	C01020400202003	非血管介入治疗类材料	消化介入材料	胆胰扩张球囊	002	球囊	02	聚对苯二甲酸乙二醇脂（PET）	003	扩张胆管/快速短交换方式/单出水口球囊
	3960	52	C01020400202004	非血管介入治疗类材料	消化介入材料	胆胰扩张球囊	002	球囊	02	聚对苯二甲酸乙二醇脂（PET）	004	扩张胆管/快速短交换方式/双出水口球囊
	3961	53	C01020400202005	非血管介入治疗类材料	消化介入材料	胆胰扩张球囊	002	球囊	02	聚对苯二甲酸乙二醇脂（PET）	005	扩张乳头/传统长交换方式/单出水口球囊
	3962	54	C01020400202006	非血管介入治疗类材料	消化介入材料	胆胰扩张球囊	002	球囊	02	聚对苯二甲酸乙二醇脂（PET）	006	扩张乳头/传统长交换方式/双出水口球囊
	3963	55	C01020400202007	非血管介入治疗类材料	消化介入材料	胆胰扩张球囊	002	球囊	02	聚对苯二甲酸乙二醇脂（PET）	007	扩张乳头/快速短交换方式/单出水口球囊
	3964	56	C01020400202008	非血管介入治疗类材料	消化介入材料	胆胰扩张球囊	002	球囊	02	聚对苯二甲酸乙二醇脂（PET）	008	扩张乳头/快速短交换方式/双出水口球囊
	3965	57	C01020400202009	非血管介入治疗类材料	消化介入材料	胆胰扩张球囊	002	球囊	02	聚对苯二甲酸乙二醇脂（PET）	009	扩张胰管/传统长交换方式/单出水口球囊
	3966	58	C01020400202010	非血管介入治疗类材料	消化介入材料	胆胰扩张球囊	002	球囊	02	聚对苯二甲酸乙二醇脂（PET）	010	扩张胰管/传统长交换方式/双出水口球囊
	3967	59	C01020400202011	非血管介入治疗类材料	消化介入材料	胆胰扩张球囊	002	球囊	02	聚对苯二甲酸乙二醇脂（PET）	011	扩张胰管/快速短交换方式/单出水口球囊
	3968	60	C01020400202012	非血管介入治疗类材料	消化介入材料	胆胰扩张球囊	002	球囊	02	聚对苯二甲酸乙二醇脂（PET）	012	扩张胰管/快速短交换方式/双出水口球囊
	3969	61	C01020500200001	非血管介入治疗类材料	消化介入材料	胆胰取石球囊	002	球囊	00	不区分	001	双腔
	3970	62	C01020500200005	非血管介入治疗类材料	消化介入材料	胆胰取石球囊	002	球囊	00	不区分	005	三腔
	3971	63	C01023600200000	非血管介入治疗类材料	消化介入材料	小肠镜球囊	002	球囊	00	不区分	000	常规
	3972	64	C01030300200001	非血管介入治疗类材料	泌尿介入材料	泌尿介入球囊	002	球囊	00	不区分	001	输尿管/带泵
	3973	65	C01030300200002	非血管介入治疗类材料	泌尿介入材料	泌尿介入球囊	002	球囊	00	不区分	002	输尿管/不带泵
	3974	66	C01030300200003	非血管介入治疗类材料	泌尿介入材料	泌尿介入球囊	002	球囊	00	不区分	003	肾造瘘/带泵
	3975	67	C01030300200004	非血管介入治疗类材料	泌尿介入材料	泌尿介入球囊	002	球囊	00	不区分	004	肾造瘘/不带泵
	3976	68	C01030300200005	非血管介入治疗类材料	泌尿介入材料	泌尿介入球囊	002	球囊	00	不区分	005	尿道/带泵
	3977	69	C01030300200006	非血管介入治疗类材料	泌尿介入材料	泌尿介入球囊	002	球囊	00	不区分	006	尿道/不带泵
	3978	70	C01030300200007	非血管介入治疗类材料	泌尿介入材料	泌尿介入球囊	002	球囊	00	不区分	007	输尿管封堵/带泵
	3979	71	C01030300200008	非血管介入治疗类材料	泌尿介入材料	泌尿介入球囊	002	球囊	00	不区分	008	输尿管封堵/不带泵
	3980	72	C02020500200001	血管介入治疗类材料	冠脉介入治疗材料	冠脉扩张球囊	002	球囊	00	不区分	001	半顺应性/快速交换
	3981	73	C02020500200002	血管介入治疗类材料	冠脉介入治疗材料	冠脉扩张球囊	002	球囊	00	不区分	002	半顺应性/OTW
	3982	74	C02020500200003	血管介入治疗类材料	冠脉介入治疗材料	冠脉扩张球囊	002	球囊	00	不区分	003	非顺应性/快速交换
	3983	75	C02020500200004	血管介入治疗类材料	冠脉介入治疗材料	冠脉扩张球囊	002	球囊	00	不区分	004	非顺应性/OTW
	3984	76	C02020600200001	血管介入治疗类材料	冠脉介入治疗材料	冠脉药物涂层球囊	002	球囊	00	不区分	001	亲水涂层
	3985	77	C02020600200002	血管介入治疗类材料	冠脉介入治疗材料	冠脉药物涂层球囊	002	球囊	00	不区分	002	非亲水涂层
	3986	78	C02020700200000	血管介入治疗类材料	冠脉介入治疗材料	切割球囊	002	球囊	00	不区分	000	常规
	3987	79	C02020800200000	血管介入治疗类材料	冠脉介入治疗材料	冠脉棘/乳突球囊	002	球囊	00	不区分	000	常规
	3988	80	C02020900200000	血管介入治疗类材料	冠脉介入治疗材料	冠脉介入其他球囊	002	球囊	00	不区分	000	常规
	3989	81	C02021700200000	血管介入治疗类材料	冠脉介入治疗材料	主动脉球囊反搏导管	002	球囊	00	不区分	000	常规
	3990	82	C02031300200000	血管介入治疗类材料	结构心脏病用材料	测量球囊	002	球囊	00	不区分	000	常规
	3991	83	C02050200200000	血管介入治疗类材料	神经介入治疗材料	栓塞球囊	002	球囊	00	不区分	000	常规
	3992	84	C02050300200001	血管介入治疗类材料	神经介入治疗材料	球囊封堵导管	002	球囊	00	不区分	001	取栓用/单腔
	3993	85	C02050300200002	血管介入治疗类材料	神经介入治疗材料	球囊封堵导管	002	球囊	00	不区分	002	取栓用/双腔
	3994	86	C02050300200003	血管介入治疗类材料	神经介入治疗材料	球囊封堵导管	002	球囊	00	不区分	003	动脉瘤用/单腔
	3995	87	C02050300200004	血管介入治疗类材料	神经介入治疗材料	球囊封堵导管	002	球囊	00	不区分	004	动脉瘤用/双腔
	3996	88	C02050400200000	血管介入治疗类材料	神经介入治疗材料	球囊扩张导管	002	球囊	00	不区分	000	常规
	3997	89	C02061800200001	血管介入治疗类材料	外周血管介入	外周药物涂层球囊	002	球囊	00	不区分	001	紫杉醇/亲水涂层/长度≤15cm
	3998	90	C02061800200002	血管介入治疗类材料	外周血管介入	外周药物涂层球囊	002	球囊	00	不区分	002	紫杉醇/亲水涂层/长度＞15cm
	3999	91	C02061800200003	血管介入治疗类材料	外周血管介入	外周药物涂层球囊	002	球囊	00	不区分	003	紫杉醇/非亲水涂层/长度≤15cm
	4000	92	C02061800200004	血管介入治疗类材料	外周血管介入	外周药物涂层球囊	002	球囊	00	不区分	004	紫杉醇/非亲水涂层/长度＞15cm
	4001	93	C02061800200005	血管介入治疗类材料	外周血管介入	外周药物涂层球囊	002	球囊	00	不区分	005	雷帕霉素类/亲水涂层/长度≤15cm
	4002	94	C02061800200006	血管介入治疗类材料	外周血管介入	外周药物涂层球囊	002	球囊	00	不区分	006	雷帕霉素类/亲水涂层/长度＞15cm
	4003	95	C02061800200007	血管介入治疗类材料	外周血管介入	外周药物涂层球囊	002	球囊	00	不区分	007	雷帕霉素类/非亲水涂层/长度≤15cm
	4004	96	C02061800200008	血管介入治疗类材料	外周血管介入	外周药物涂层球囊	002	球囊	00	不区分	008	雷帕霉素类/非亲水涂层/长度＞15cm
	4005	97	C02061900200001	血管介入治疗类材料	外周血管介入	动脉扩张球囊	002	球囊	00	不区分	001	非顺应性/导丝直径0.014英寸
	4006	98	C02061900200002	血管介入治疗类材料	外周血管介入	动脉扩张球囊	002	球囊	00	不区分	002	非顺应性/导丝直径0.018英寸
	4007	99	C02061900200003	血管介入治疗类材料	外周血管介入	动脉扩张球囊	002	球囊	00	不区分	003	非顺应性/导丝直径0.035英寸
	4008	100	C02061900200004	血管介入治疗类材料	外周血管介入	动脉扩张球囊	002	球囊	00	不区分	004	半顺应性/导丝直径0.014英寸
	4009	101	C02061900200005	血管介入治疗类材料	外周血管介入	动脉扩张球囊	002	球囊	00	不区分	005	半顺应性/导丝直径0.018英寸
	4010	102	C02061900200006	血管介入治疗类材料	外周血管介入	动脉扩张球囊	002	球囊	00	不区分	006	半顺应性/导丝直径0.035英寸
	4011	103	C02061900200007	血管介入治疗类材料	外周血管介入	动脉扩张球囊	002	球囊	00	不区分	007	顺应性/导丝直径0.014英寸
	4012	104	C02061900200008	血管介入治疗类材料	外周血管介入	动脉扩张球囊	002	球囊	00	不区分	008	顺应性/导丝直径0.018英寸
	4013	105	C02061900200009	血管介入治疗类材料	外周血管介入	动脉扩张球囊	002	球囊	00	不区分	009	顺应性/导丝直径0.035英寸
	4014	106	C02062000200000	血管介入治疗类材料	外周血管介入	封堵球囊	002	球囊	00	不区分	000	常规
	4015	107	C02062100200000	血管介入治疗类材料	外周血管介入	切割球囊	002	球囊	00	不区分	000	常规
	4016	108	C02062200200000	血管介入治疗类材料	外周血管介入	外周血管其他球囊	002	球囊	00	不区分	000	常规
	4017	109	C02065000200001	血管介入治疗类材料	外周血管介入	静脉扩张球囊	002	球囊	00	不区分	001	非顺应性
	4018	110	C02065000200002	血管介入治疗类材料	外周血管介入	静脉扩张球囊	002	球囊	00	不区分	002	半顺应性
	4019	111	C02065000200003	血管介入治疗类材料	外周血管介入	静脉扩张球囊	002	球囊	00	不区分	003	顺应性
托槽	4020	1	C07110414801001	口腔材料	正畸材料及制品	托槽	148	正畸材料及制品	01	陶瓷	001	舌侧/直丝/双翼
	4021	2	C07110414801002	口腔材料	正畸材料及制品	托槽	148	正畸材料及制品	01	陶瓷	002	舌侧/直丝/主动自锁
	4022	3	C07110414801003	口腔材料	正畸材料及制品	托槽	148	正畸材料及制品	01	陶瓷	003	舌侧/直丝/被动自锁
	4023	4	C07110414801004	口腔材料	正畸材料及制品	托槽	148	正畸材料及制品	01	陶瓷	004	舌侧/直丝/传动
	4024	5	C07110414801005	口腔材料	正畸材料及制品	托槽	148	正畸材料及制品	01	陶瓷	005	舌侧/直丝/Tip-Edge
	4025	6	C07110414801006	口腔材料	正畸材料及制品	托槽	148	正畸材料及制品	01	陶瓷	006	舌侧/方丝/双翼
	4026	7	C07110414801007	口腔材料	正畸材料及制品	托槽	148	正畸材料及制品	01	陶瓷	007	舌侧/方丝/主动自锁
	4027	8	C07110414801008	口腔材料	正畸材料及制品	托槽	148	正畸材料及制品	01	陶瓷	008	舌侧/方丝/被动自锁
	4028	9	C07110414801009	口腔材料	正畸材料及制品	托槽	148	正畸材料及制品	01	陶瓷	009	舌侧/方丝/传动
	4029	10	C07110414801010	口腔材料	正畸材料及制品	托槽	148	正畸材料及制品	01	陶瓷	010	舌侧/方丝/Tip-Edge
	4030	11	C07110414801011	口腔材料	正畸材料及制品	托槽	148	正畸材料及制品	01	陶瓷	011	唇侧/直丝/双翼
	4031	12	C07110414801012	口腔材料	正畸材料及制品	托槽	148	正畸材料及制品	01	陶瓷	012	唇侧/直丝/主动自锁
	4032	13	C07110414801013	口腔材料	正畸材料及制品	托槽	148	正畸材料及制品	01	陶瓷	013	唇侧/直丝/被动自锁
	4033	14	C07110414801014	口腔材料	正畸材料及制品	托槽	148	正畸材料及制品	01	陶瓷	014	唇侧/直丝/传动
	4034	15	C07110414801015	口腔材料	正畸材料及制品	托槽	148	正畸材料及制品	01	陶瓷	015	唇侧/直丝/Tip-Edge
	4035	16	C07110414801016	口腔材料	正畸材料及制品	托槽	148	正畸材料及制品	01	陶瓷	016	唇侧/方丝/双翼
	4036	17	C07110414801017	口腔材料	正畸材料及制品	托槽	148	正畸材料及制品	01	陶瓷	017	唇侧/方丝/主动自锁
	4037	18	C07110414801018	口腔材料	正畸材料及制品	托槽	148	正畸材料及制品	01	陶瓷	018	唇侧/方丝/被动自锁
	4038	19	C07110414801019	口腔材料	正畸材料及制品	托槽	148	正畸材料及制品	01	陶瓷	019	唇侧/方丝/传动
	4039	20	C07110414801020	口腔材料	正畸材料及制品	托槽	148	正畸材料及制品	01	陶瓷	020	唇侧/方丝/Tip-Edge
	4040	21	C07110414802001	口腔材料	正畸材料及制品	托槽	148	正畸材料及制品	02	金属	001	舌侧/直丝/双翼
	4041	22	C07110414802002	口腔材料	正畸材料及制品	托槽	148	正畸材料及制品	02	金属	002	舌侧/直丝/主动自锁
	4042	23	C07110414802003	口腔材料	正畸材料及制品	托槽	148	正畸材料及制品	02	金属	003	舌侧/直丝/被动自锁
	4043	24	C07110414802004	口腔材料	正畸材料及制品	托槽	148	正畸材料及制品	02	金属	004	舌侧/直丝/传动
	4044	25	C07110414802005	口腔材料	正畸材料及制品	托槽	148	正畸材料及制品	02	金属	005	舌侧/直丝/Tip-Edge
	4045	26	C07110414802006	口腔材料	正畸材料及制品	托槽	148	正畸材料及制品	02	金属	006	舌侧/方丝/双翼
	4046	27	C07110414802007	口腔材料	正畸材料及制品	托槽	148	正畸材料及制品	02	金属	007	舌侧/方丝/主动自锁
	4047	28	C07110414802008	口腔材料	正畸材料及制品	托槽	148	正畸材料及制品	02	金属	008	舌侧/方丝/被动自锁
	4048	29	C07110414802009	口腔材料	正畸材料及制品	托槽	148	正畸材料及制品	02	金属	009	舌侧/方丝/传动
	4049	30	C07110414802010	口腔材料	正畸材料及制品	托槽	148	正畸材料及制品	02	金属	010	舌侧/方丝/Tip-Edge
	4050	31	C07110414802011	口腔材料	正畸材料及制品	托槽	148	正畸材料及制品	02	金属	011	唇侧/直丝/双翼
	4051	32	C07110414802012	口腔材料	正畸材料及制品	托槽	148	正畸材料及制品	02	金属	012	唇侧/直丝/主动自锁
	4052	33	C07110414802013	口腔材料	正畸材料及制品	托槽	148	正畸材料及制品	02	金属	013	唇侧/直丝/被动自锁
	4053	34	C07110414802014	口腔材料	正畸材料及制品	托槽	148	正畸材料及制品	02	金属	014	唇侧/直丝/传动
	4054	35	C07110414802015	口腔材料	正畸材料及制品	托槽	148	正畸材料及制品	02	金属	015	唇侧/直丝/Tip-Edge
	4055	36	C07110414802016	口腔材料	正畸材料及制品	托槽	148	正畸材料及制品	02	金属	016	唇侧/方丝/双翼
	4056	37	C07110414802017	口腔材料	正畸材料及制品	托槽	148	正畸材料及制品	02	金属	017	唇侧/方丝/主动自锁
	4057	38	C07110414802018	口腔材料	正畸材料及制品	托槽	148	正畸材料及制品	02	金属	018	唇侧/方丝/被动自锁
	4058	39	C07110414802019	口腔材料	正畸材料及制品	托槽	148	正畸材料及制品	02	金属	019	唇侧/方丝/传动
	4059	40	C07110414802020	口腔材料	正畸材料及制品	托槽	148	正畸材料及制品	02	金属	020	唇侧/方丝/Tip-Edge
	4060	41	C07110414803001	口腔材料	正畸材料及制品	托槽	148	正畸材料及制品	03	树脂	001	舌侧/直丝/双翼
	4061	42	C07110414803002	口腔材料	正畸材料及制品	托槽	148	正畸材料及制品	03	树脂	002	舌侧/直丝/主动自锁
	4062	43	C07110414803003	口腔材料	正畸材料及制品	托槽	148	正畸材料及制品	03	树脂	003	舌侧/直丝/被动自锁
	4063	44	C07110414803004	口腔材料	正畸材料及制品	托槽	148	正畸材料及制品	03	树脂	004	舌侧/直丝/传动
	4064	45	C07110414803005	口腔材料	正畸材料及制品	托槽	148	正畸材料及制品	03	树脂	005	舌侧/直丝/Tip-Edge
	4065	46	C07110414803006	口腔材料	正畸材料及制品	托槽	148	正畸材料及制品	03	树脂	006	舌侧/方丝/双翼
	4066	47	C07110414803007	口腔材料	正畸材料及制品	托槽	148	正畸材料及制品	03	树脂	007	舌侧/方丝/主动自锁
	4067	48	C07110414803008	口腔材料	正畸材料及制品	托槽	148	正畸材料及制品	03	树脂	008	舌侧/方丝/被动自锁
	4068	49	C07110414803009	口腔材料	正畸材料及制品	托槽	148	正畸材料及制品	03	树脂	009	舌侧/方丝/传动
	4069	50	C07110414803010	口腔材料	正畸材料及制品	托槽	148	正畸材料及制品	03	树脂	010	舌侧/方丝/Tip-Edge
	4070	51	C07110414803011	口腔材料	正畸材料及制品	托槽	148	正畸材料及制品	03	树脂	011	唇侧/直丝/双翼
	4071	52	C07110414803012	口腔材料	正畸材料及制品	托槽	148	正畸材料及制品	03	树脂	012	唇侧/直丝/主动自锁
	4072	53	C07110414803013	口腔材料	正畸材料及制品	托槽	148	正畸材料及制品	03	树脂	013	唇侧/直丝/被动自锁
	4073	54	C07110414803014	口腔材料	正畸材料及制品	托槽	148	正畸材料及制品	03	树脂	014	唇侧/直丝/传动
	4074	55	C07110414803015	口腔材料	正畸材料及制品	托槽	148	正畸材料及制品	03	树脂	015	唇侧/直丝/Tip-Edge
	4075	56	C07110414803016	口腔材料	正畸材料及制品	托槽	148	正畸材料及制品	03	树脂	016	唇侧/方丝/双翼
	4076	57	C07110414803017	口腔材料	正畸材料及制品	托槽	148	正畸材料及制品	03	树脂	017	唇侧/方丝/主动自锁
	4077	58	C07110414803018	口腔材料	正畸材料及制品	托槽	148	正畸材料及制品	03	树脂	018	唇侧/方丝/被动自锁
	4078	59	C07110414803019	口腔材料	正畸材料及制品	托槽	148	正畸材料及制品	03	树脂	019	唇侧/方丝/传动
	4079	60	C07110414803020	口腔材料	正畸材料及制品	托槽	148	正畸材料及制品	03	树脂	020	唇侧/方丝/Tip-Edge
吻合器（带钉）	4080	1	C11010117201001	吻合器及附件	开放及微创手术通用吻合器及钉仓	管型/端端吻合器	172	吻合器	01	纯钛	001	高度可调节/标准柄/器身长度＜25cm
	4081	2	C11010117201002	吻合器及附件	开放及微创手术通用吻合器及钉仓	管型/端端吻合器	172	吻合器	01	纯钛	002	高度可调节/标准柄/器身长度≥25cm
	4082	3	C11010117201003	吻合器及附件	开放及微创手术通用吻合器及钉仓	管型/端端吻合器	172	吻合器	01	纯钛	003	高度可调节/加长柄/器身长度＜25cm
	4083	4	C11010117201004	吻合器及附件	开放及微创手术通用吻合器及钉仓	管型/端端吻合器	172	吻合器	01	纯钛	004	高度可调节/加长柄/器身长度≥25cm
	4084	5	C11010117201005	吻合器及附件	开放及微创手术通用吻合器及钉仓	管型/端端吻合器	172	吻合器	01	纯钛	005	高度固定/标准柄/器身长度＜25cm
	4085	6	C11010117201006	吻合器及附件	开放及微创手术通用吻合器及钉仓	管型/端端吻合器	172	吻合器	01	纯钛	006	高度固定/标准柄/器身长度≥25cm
	4086	7	C11010117201007	吻合器及附件	开放及微创手术通用吻合器及钉仓	管型/端端吻合器	172	吻合器	01	纯钛	007	高度固定/加长柄/器身长度＜25cm
	4087	8	C11010117201008	吻合器及附件	开放及微创手术通用吻合器及钉仓	管型/端端吻合器	172	吻合器	01	纯钛	008	高度固定/加长柄/器身长度≥25cm
	4088	9	C11010117202001	吻合器及附件	开放及微创手术通用吻合器及钉仓	管型/端端吻合器	172	吻合器	02	钛合金	001	高度可调节/标准柄/器身长度＜25cm
	4089	10	C11010117202002	吻合器及附件	开放及微创手术通用吻合器及钉仓	管型/端端吻合器	172	吻合器	02	钛合金	002	高度可调节/标准柄/器身长度≥25cm
	4090	11	C11010117202003	吻合器及附件	开放及微创手术通用吻合器及钉仓	管型/端端吻合器	172	吻合器	02	钛合金	003	高度可调节/加长柄/器身长度＜25cm
	4091	12	C11010117202004	吻合器及附件	开放及微创手术通用吻合器及钉仓	管型/端端吻合器	172	吻合器	02	钛合金	004	高度可调节/加长柄/器身长度≥25cm
	4092	13	C11010117202005	吻合器及附件	开放及微创手术通用吻合器及钉仓	管型/端端吻合器	172	吻合器	02	钛合金	005	高度固定/标准柄/器身长度＜25cm
	4093	14	C11010117202006	吻合器及附件	开放及微创手术通用吻合器及钉仓	管型/端端吻合器	172	吻合器	02	钛合金	006	高度固定/标准柄/器身长度≥25cm
	4094	15	C11010117202007	吻合器及附件	开放及微创手术通用吻合器及钉仓	管型/端端吻合器	172	吻合器	02	钛合金	007	高度固定/加长柄/器身长度＜25cm
	4095	16	C11010117202008	吻合器及附件	开放及微创手术通用吻合器及钉仓	管型/端端吻合器	172	吻合器	02	钛合金	008	高度固定/加长柄/器身长度≥25cm
	4096	17	C11010217200001	吻合器及附件	开放及微创手术通用吻合器及钉仓	腔镜切割吻/缝合器	172	吻合器	00	不区分	001	通配型/短柄
	4097	18	C11010217200002	吻合器及附件	开放及微创手术通用吻合器及钉仓	腔镜切割吻/缝合器	172	吻合器	00	不区分	002	通配型/标准柄
	4098	19	C11010217200003	吻合器及附件	开放及微创手术通用吻合器及钉仓	腔镜切割吻/缝合器	172	吻合器	00	不区分	003	通配型/加长柄
	4099	20	C11010217200004	吻合器及附件	开放及微创手术通用吻合器及钉仓	腔镜切割吻/缝合器	172	吻合器	00	不区分	004	固配型/短柄
	4100	21	C11010217200005	吻合器及附件	开放及微创手术通用吻合器及钉仓	腔镜切割吻/缝合器	172	吻合器	00	不区分	005	固配型/标准柄
	4101	22	C11010217200006	吻合器及附件	开放及微创手术通用吻合器及钉仓	腔镜切割吻/缝合器	172	吻合器	00	不区分	006	固配型/加长柄
	4102	23	C11010317301001	吻合器及附件	开放及微创手术通用吻合器及钉仓	腔镜切割吻/缝合器钉仓（钉匣）	173	吻合器适配钉仓	01	纯钛	001	吻合长度≤35mm
	4103	24	C11010317301002	吻合器及附件	开放及微创手术通用吻合器及钉仓	腔镜切割吻/缝合器钉仓（钉匣）	173	吻合器适配钉仓	01	纯钛	002	吻合长度36-45mm
	4104	25	C11010317301003	吻合器及附件	开放及微创手术通用吻合器及钉仓	腔镜切割吻/缝合器钉仓（钉匣）	173	吻合器适配钉仓	01	纯钛	003	吻合长度46-60mm
	4105	26	C11010317301004	吻合器及附件	开放及微创手术通用吻合器及钉仓	腔镜切割吻/缝合器钉仓（钉匣）	173	吻合器适配钉仓	01	纯钛	004	吻合长度≥61mm
	4106	27	C11010317302001	吻合器及附件	开放及微创手术通用吻合器及钉仓	腔镜切割吻/缝合器钉仓（钉匣）	173	吻合器适配钉仓	02	钛合金	001	吻合长度≤35mm
	4107	28	C11010317302002	吻合器及附件	开放及微创手术通用吻合器及钉仓	腔镜切割吻/缝合器钉仓（钉匣）	173	吻合器适配钉仓	02	钛合金	002	吻合长度36-45mm
	4108	29	C11010317302003	吻合器及附件	开放及微创手术通用吻合器及钉仓	腔镜切割吻/缝合器钉仓（钉匣）	173	吻合器适配钉仓	02	钛合金	003	吻合长度46-60mm
	4109	30	C11010317302004	吻合器及附件	开放及微创手术通用吻合器及钉仓	腔镜切割吻/缝合器钉仓（钉匣）	173	吻合器适配钉仓	02	钛合金	004	吻合长度≥61mm
	4110	31	C11010417200001	吻合器及附件	开放及微创手术通用吻合器及钉仓	电动腔镜切割吻/缝合器	172	吻合器	00	不区分	001	短柄/吻合长度≤35mm
	4111	32	C11010417200002	吻合器及附件	开放及微创手术通用吻合器及钉仓	电动腔镜切割吻/缝合器	172	吻合器	00	不区分	002	短柄/吻合长度36-45mm
	4112	33	C11010417200003	吻合器及附件	开放及微创手术通用吻合器及钉仓	电动腔镜切割吻/缝合器	172	吻合器	00	不区分	003	短柄/吻合长度46-60mm
	4113	34	C11010417200004	吻合器及附件	开放及微创手术通用吻合器及钉仓	电动腔镜切割吻/缝合器	172	吻合器	00	不区分	004	短柄/吻合长度≥61mm
	4114	35	C11010417200005	吻合器及附件	开放及微创手术通用吻合器及钉仓	电动腔镜切割吻/缝合器	172	吻合器	00	不区分	005	标准柄/吻合长度≤35mm
	4115	36	C11010417200006	吻合器及附件	开放及微创手术通用吻合器及钉仓	电动腔镜切割吻/缝合器	172	吻合器	00	不区分	006	标准柄/吻合长度36-45mm
	4116	37	C11010417200007	吻合器及附件	开放及微创手术通用吻合器及钉仓	电动腔镜切割吻/缝合器	172	吻合器	00	不区分	007	标准柄/吻合长度46-60mm
	4117	38	C11010417200008	吻合器及附件	开放及微创手术通用吻合器及钉仓	电动腔镜切割吻/缝合器	172	吻合器	00	不区分	008	标准柄/吻合长度≥61mm
	4118	39	C11010417200009	吻合器及附件	开放及微创手术通用吻合器及钉仓	电动腔镜切割吻/缝合器	172	吻合器	00	不区分	009	加长柄/吻合长度≤35mm
	4119	40	C11010417200010	吻合器及附件	开放及微创手术通用吻合器及钉仓	电动腔镜切割吻/缝合器	172	吻合器	00	不区分	010	加长柄/吻合长度36-45mm
	4120	41	C11010417200011	吻合器及附件	开放及微创手术通用吻合器及钉仓	电动腔镜切割吻/缝合器	172	吻合器	00	不区分	011	加长柄/吻合长度46-60mm
	4121	42	C11010417200012	吻合器及附件	开放及微创手术通用吻合器及钉仓	电动腔镜切割吻/缝合器	172	吻合器	00	不区分	012	加长柄/吻合长度≥61mm
	4122	43	C11010517301001	吻合器及附件	开放及微创手术通用吻合器及钉仓	电动腔镜切割吻/缝合器钉仓（钉匣）	173	吻合器适配钉仓	01	纯钛	001	吻合长度≤35mm
	4123	44	C11010517301002	吻合器及附件	开放及微创手术通用吻合器及钉仓	电动腔镜切割吻/缝合器钉仓（钉匣）	173	吻合器适配钉仓	01	纯钛	002	吻合长度36-45mm
	4124	45	C11010517301003	吻合器及附件	开放及微创手术通用吻合器及钉仓	电动腔镜切割吻/缝合器钉仓（钉匣）	173	吻合器适配钉仓	01	纯钛	003	吻合长度46-60mm
	4125	46	C11010517301004	吻合器及附件	开放及微创手术通用吻合器及钉仓	电动腔镜切割吻/缝合器钉仓（钉匣）	173	吻合器适配钉仓	01	纯钛	004	吻合长度≥61mm
	4126	47	C11010517302001	吻合器及附件	开放及微创手术通用吻合器及钉仓	电动腔镜切割吻/缝合器钉仓（钉匣）	173	吻合器适配钉仓	02	钛合金	001	吻合长度≤35mm
	4127	48	C11010517302002	吻合器及附件	开放及微创手术通用吻合器及钉仓	电动腔镜切割吻/缝合器钉仓（钉匣）	173	吻合器适配钉仓	02	钛合金	002	吻合长度36-45mm
	4128	49	C11010517302003	吻合器及附件	开放及微创手术通用吻合器及钉仓	电动腔镜切割吻/缝合器钉仓（钉匣）	173	吻合器适配钉仓	02	钛合金	003	吻合长度46-60mm
	4129	50	C11010517302004	吻合器及附件	开放及微创手术通用吻合器及钉仓	电动腔镜切割吻/缝合器钉仓（钉匣）	173	吻合器适配钉仓	02	钛合金	004	吻合长度≥61mm
	4130	51	C11010617400000	吻合器及附件	开放及微创手术通用吻合器及钉仓	密封帽组件	174	密封帽	00	不区分	000	常规
	4131	52	C11010717500001	吻合器及附件	开放及微创手术通用吻合器及钉仓	腔镜施夹器（钳）	175	施夹器	00	不区分	001	适配钛夹
	4132	53	C11010717500002	吻合器及附件	开放及微创手术通用吻合器及钉仓	腔镜施夹器（钳）	175	施夹器	00	不区分	002	适配聚合物夹
	4133	54	C11010717500003	吻合器及附件	开放及微创手术通用吻合器及钉仓	腔镜施夹器（钳）	175	施夹器	00	不区分	003	适配可吸收夹
	4134	55	C11010817600001	吻合器及附件	开放及微创手术通用吻合器及钉仓	单发结扎夹	176	结扎夹	00	不区分	001	可吸收
	4135	56	C11010817600002	吻合器及附件	开放及微创手术通用吻合器及钉仓	单发结扎夹	176	结扎夹	00	不区分	002	不可吸收
	4136	57	C11010917600000	吻合器及附件	开放及微创手术通用吻合器及钉仓	腔镜连发钛夹	176	结扎夹	00	不区分	000	常规
	4137	58	C11011001100000	吻合器及附件	开放及微创手术通用吻合器及钉仓	圈套器	011	圈套器	00	不区分	000	常规
	4138	59	C11011117700001	吻合器及附件	开放及微创手术通用吻合器及钉仓	吻合环	177	吻合器附件	00	不区分	001	可吸收
	4139	60	C11011117700002	吻合器及附件	开放及微创手术通用吻合器及钉仓	吻合环	177	吻合器附件	00	不区分	002	不可吸收
	4140	61	C11011217201001	吻合器及附件	开放及微创手术通用吻合器及钉仓	电动管型/端端吻合器	172	吻合器	01	纯钛	001	高度可调节/器身长度＜25cm
	4141	62	C11011217201002	吻合器及附件	开放及微创手术通用吻合器及钉仓	电动管型/端端吻合器	172	吻合器	01	纯钛	002	高度可调节/器身长度≥25cm
	4142	63	C11011217201003	吻合器及附件	开放及微创手术通用吻合器及钉仓	电动管型/端端吻合器	172	吻合器	01	纯钛	003	高度固定/器身长度＜25cm
	4143	64	C11011217201004	吻合器及附件	开放及微创手术通用吻合器及钉仓	电动管型/端端吻合器	172	吻合器	01	纯钛	004	高度固定/器身长度≥25cm
	4144	65	C11011217202001	吻合器及附件	开放及微创手术通用吻合器及钉仓	电动管型/端端吻合器	172	吻合器	02	钛合金	001	高度可调节/器身长度＜25cm
	4145	66	C11011217202002	吻合器及附件	开放及微创手术通用吻合器及钉仓	电动管型/端端吻合器	172	吻合器	02	钛合金	002	高度可调节/器身长度≥25cm
	4146	67	C11011217202003	吻合器及附件	开放及微创手术通用吻合器及钉仓	电动管型/端端吻合器	172	吻合器	02	钛合金	003	高度固定/器身长度＜25cm
	4147	68	C11011217202004	吻合器及附件	开放及微创手术通用吻合器及钉仓	电动管型/端端吻合器	172	吻合器	02	钛合金	004	高度固定/器身长度≥25cm
	4148	69	C11020117200001	吻合器及附件	开放手术用吻合器及钉仓	直线型切割吻/缝合器	172	吻合器	00	不区分	001	高度可调节/吻合长度≤45mm
	4149	70	C11020117200002	吻合器及附件	开放手术用吻合器及钉仓	直线型切割吻/缝合器	172	吻合器	00	不区分	002	高度可调节/吻合长度46-60mm
	4150	71	C11020117200003	吻合器及附件	开放手术用吻合器及钉仓	直线型切割吻/缝合器	172	吻合器	00	不区分	003	高度可调节/吻合长度61-99mm
	4151	72	C11020117200004	吻合器及附件	开放手术用吻合器及钉仓	直线型切割吻/缝合器	172	吻合器	00	不区分	004	高度可调节/吻合长度≥100mm
	4152	73	C11020117200005	吻合器及附件	开放手术用吻合器及钉仓	直线型切割吻/缝合器	172	吻合器	00	不区分	005	高度固定/吻合长度≤45mm
	4153	74	C11020117200006	吻合器及附件	开放手术用吻合器及钉仓	直线型切割吻/缝合器	172	吻合器	00	不区分	006	高度固定/吻合长度46-60mm
	4154	75	C11020117200007	吻合器及附件	开放手术用吻合器及钉仓	直线型切割吻/缝合器	172	吻合器	00	不区分	007	高度固定/吻合长度61-99mm
	4155	76	C11020117200008	吻合器及附件	开放手术用吻合器及钉仓	直线型切割吻/缝合器	172	吻合器	00	不区分	008	高度固定/吻合长度≥100mm
	4156	77	C11020217301001	吻合器及附件	开放手术用吻合器及钉仓	直线型切割吻/缝合器钉仓（钉匣）	173	吻合器适配钉仓	01	纯钛	001	高度可调节/吻合长度≤45mm
	4157	78	C11020217301002	吻合器及附件	开放手术用吻合器及钉仓	直线型切割吻/缝合器钉仓（钉匣）	173	吻合器适配钉仓	01	纯钛	002	高度可调节/吻合长度46-60mm
	4158	79	C11020217301003	吻合器及附件	开放手术用吻合器及钉仓	直线型切割吻/缝合器钉仓（钉匣）	173	吻合器适配钉仓	01	纯钛	003	高度可调节/吻合长度61-99mm
	4159	80	C11020217301004	吻合器及附件	开放手术用吻合器及钉仓	直线型切割吻/缝合器钉仓（钉匣）	173	吻合器适配钉仓	01	纯钛	004	高度可调节/吻合长度≥100mm
	4160	81	C11020217301005	吻合器及附件	开放手术用吻合器及钉仓	直线型切割吻/缝合器钉仓（钉匣）	173	吻合器适配钉仓	01	纯钛	005	高度固定/吻合长度≤45mm
	4161	82	C11020217301006	吻合器及附件	开放手术用吻合器及钉仓	直线型切割吻/缝合器钉仓（钉匣）	173	吻合器适配钉仓	01	纯钛	006	高度固定/吻合长度46-60mm
	4162	83	C11020217301007	吻合器及附件	开放手术用吻合器及钉仓	直线型切割吻/缝合器钉仓（钉匣）	173	吻合器适配钉仓	01	纯钛	007	高度固定/吻合长度61-99mm
	4163	84	C11020217301008	吻合器及附件	开放手术用吻合器及钉仓	直线型切割吻/缝合器钉仓（钉匣）	173	吻合器适配钉仓	01	纯钛	008	高度固定/吻合长度≥100mm
	4164	85	C11020217302001	吻合器及附件	开放手术用吻合器及钉仓	直线型切割吻/缝合器钉仓（钉匣）	173	吻合器适配钉仓	02	钛合金	001	高度可调节/吻合长度≤45mm
	4165	86	C11020217302002	吻合器及附件	开放手术用吻合器及钉仓	直线型切割吻/缝合器钉仓（钉匣）	173	吻合器适配钉仓	02	钛合金	002	高度可调节/吻合长度46-60mm
	4166	87	C11020217302003	吻合器及附件	开放手术用吻合器及钉仓	直线型切割吻/缝合器钉仓（钉匣）	173	吻合器适配钉仓	02	钛合金	003	高度可调节/吻合长度61-99mm
	4167	88	C11020217302004	吻合器及附件	开放手术用吻合器及钉仓	直线型切割吻/缝合器钉仓（钉匣）	173	吻合器适配钉仓	02	钛合金	004	高度可调节/吻合长度≥100mm
	4168	89	C11020217302005	吻合器及附件	开放手术用吻合器及钉仓	直线型切割吻/缝合器钉仓（钉匣）	173	吻合器适配钉仓	02	钛合金	005	高度固定/吻合长度≤45mm
	4169	90	C11020217302006	吻合器及附件	开放手术用吻合器及钉仓	直线型切割吻/缝合器钉仓（钉匣）	173	吻合器适配钉仓	02	钛合金	006	高度固定/吻合长度46-60mm
	4170	91	C11020217302007	吻合器及附件	开放手术用吻合器及钉仓	直线型切割吻/缝合器钉仓（钉匣）	173	吻合器适配钉仓	02	钛合金	007	高度固定/吻合长度61-99mm
	4171	92	C11020217302008	吻合器及附件	开放手术用吻合器及钉仓	直线型切割吻/缝合器钉仓（钉匣）	173	吻合器适配钉仓	02	钛合金	008	高度固定/吻合长度≥100mm
	4172	93	C11020317200000	吻合器及附件	开放手术用吻合器及钉仓	弧线型切割吻合器	172	吻合器	00	不区分	000	常规
	4173	94	C11020417301000	吻合器及附件	开放手术用吻合器及钉仓	弧线型切割吻合器钉仓（钉匣）	173	吻合器适配钉仓	01	纯钛	000	常规
	4174	95	C11020417302000	吻合器及附件	开放手术用吻合器及钉仓	弧线型切割吻合器钉仓（钉匣）	173	吻合器适配钉仓	02	钛合金	000	常规
	4175	96	C11020517200001	吻合器及附件	开放手术用吻合器及钉仓	吻/缝/闭合器	172	吻合器	00	不区分	001	高度可调节/吻合长度≤40mm
	4176	97	C11020517200002	吻合器及附件	开放手术用吻合器及钉仓	吻/缝/闭合器	172	吻合器	00	不区分	002	高度可调节/吻合长度41-60mm
	4177	98	C11020517200003	吻合器及附件	开放手术用吻合器及钉仓	吻/缝/闭合器	172	吻合器	00	不区分	003	高度可调节/吻合长度≥61mm
	4178	99	C11020517200004	吻合器及附件	开放手术用吻合器及钉仓	吻/缝/闭合器	172	吻合器	00	不区分	004	高度固定/吻合长度≤40mm
	4179	100	C11020517200005	吻合器及附件	开放手术用吻合器及钉仓	吻/缝/闭合器	172	吻合器	00	不区分	005	高度固定/吻合长度41-60mm
	4180	101	C11020517200006	吻合器及附件	开放手术用吻合器及钉仓	吻/缝/闭合器	172	吻合器	00	不区分	006	高度固定/吻合长度≥61mm
	4181	102	C11020617301001	吻合器及附件	开放手术用吻合器及钉仓	吻/缝/闭合器钉仓（钉匣）	173	吻合器适配钉仓	01	纯钛	001	吻合长度≤40mm
	4182	103	C11020617301002	吻合器及附件	开放手术用吻合器及钉仓	吻/缝/闭合器钉仓（钉匣）	173	吻合器适配钉仓	01	纯钛	002	吻合长度41-60mm
	4183	104	C11020617301003	吻合器及附件	开放手术用吻合器及钉仓	吻/缝/闭合器钉仓（钉匣）	173	吻合器适配钉仓	01	纯钛	003	吻合长度≥61mm
	4184	105	C11020617302001	吻合器及附件	开放手术用吻合器及钉仓	吻/缝/闭合器钉仓（钉匣）	173	吻合器适配钉仓	02	钛合金	001	吻合长度≤40mm
	4185	106	C11020617302002	吻合器及附件	开放手术用吻合器及钉仓	吻/缝/闭合器钉仓（钉匣）	173	吻合器适配钉仓	02	钛合金	002	吻合长度41-60mm
	4186	107	C11020617302003	吻合器及附件	开放手术用吻合器及钉仓	吻/缝/闭合器钉仓（钉匣）	173	吻合器适配钉仓	02	钛合金	003	吻合长度≥61mm
	4187	108	C11020717201001	吻合器及附件	开放手术用吻合器及钉仓	痔吻合器	172	吻合器	01	纯钛	001	高度可调节
	4188	109	C11020717201002	吻合器及附件	开放手术用吻合器及钉仓	痔吻合器	172	吻合器	01	纯钛	002	高度固定
	4189	110	C11020717202001	吻合器及附件	开放手术用吻合器及钉仓	痔吻合器	172	吻合器	02	钛合金	001	高度可调节
	4190	111	C11020717202002	吻合器及附件	开放手术用吻合器及钉仓	痔吻合器	172	吻合器	02	钛合金	002	高度固定
	4191	112	C11020817700000	吻合器及附件	开放手术用吻合器及钉仓	荷包钳/器及线	177	吻合器附件	00	不区分	000	常规
	4192	113	C11020917500001	吻合器及附件	开放手术用吻合器及钉仓	开放施夹器（钳）	175	施夹器	00	不区分	001	适配钛夹
	4193	114	C11020917500002	吻合器及附件	开放手术用吻合器及钉仓	开放施夹器（钳）	175	施夹器	00	不区分	002	适配聚合物夹
	4194	115	C11020917500003	吻合器及附件	开放手术用吻合器及钉仓	开放施夹器（钳）	175	施夹器	00	不区分	003	适配可吸收夹
	4195	116	C11021017600000	吻合器及附件	开放手术用吻合器及钉仓	开放连发钛夹	176	结扎夹	00	不区分	000	常规
	4196	117	C11030100000000	吻合器及附件	其他吻合器及附件	其他吻合器及附件	000	-	00	不区分	000	其他
	4197	118	C11030117200003	吻合器及附件	其他吻合器及附件	其他吻合器及附件	172	吻合器	00	不区分	003	腹壁吻合器
	4198	119	C11030117200004	吻合器及附件	其他吻合器及附件	其他吻合器及附件	172	吻合器	00	不区分	004	包皮切割吻合器
	4199	120	C11030117700001	吻合器及附件	其他吻合器及附件	其他吻合器及附件	177	吻合器附件	00	不区分	001	拆钉器
	4200	121	C11030124800002	吻合器及附件	其他吻合器及附件	其他吻合器及附件	248	筋膜闭合器	00	不区分	002	筋膜闭合器
血管支架	4201	1	C02020100101000	血管介入治疗类材料	冠脉介入治疗材料	冠脉裸金属支架	001	支架	01	合金	000	常规
	4202	2	C02020100102000	血管介入治疗类材料	冠脉介入治疗材料	冠脉裸金属支架	001	支架	02	不锈钢	000	常规
	4203	3	C02020200101001	血管介入治疗类材料	冠脉介入治疗材料	药物洗脱支架	001	支架	01	合金	001	无涂层/紫杉醇
	4204	4	C02020200101002	血管介入治疗类材料	冠脉介入治疗材料	药物洗脱支架	001	支架	01	合金	002	无涂层/雷帕霉素及衍生物
	4205	5	C02020200101003	血管介入治疗类材料	冠脉介入治疗材料	药物洗脱支架	001	支架	01	合金	003	无涂层/三氧化二砷
	4206	6	C02020200101004	血管介入治疗类材料	冠脉介入治疗材料	药物洗脱支架	001	支架	01	合金	004	永久涂层/紫杉醇
	4207	7	C02020200101005	血管介入治疗类材料	冠脉介入治疗材料	药物洗脱支架	001	支架	01	合金	005	永久涂层/雷帕霉素及衍生物
	4208	8	C02020200101006	血管介入治疗类材料	冠脉介入治疗材料	药物洗脱支架	001	支架	01	合金	006	永久涂层/三氧化二砷
	4209	9	C02020200101007	血管介入治疗类材料	冠脉介入治疗材料	药物洗脱支架	001	支架	01	合金	007	可降解涂层/紫杉醇
	4210	10	C02020200101008	血管介入治疗类材料	冠脉介入治疗材料	药物洗脱支架	001	支架	01	合金	008	可降解涂层/雷帕霉素及衍生物
	4211	11	C02020200101009	血管介入治疗类材料	冠脉介入治疗材料	药物洗脱支架	001	支架	01	合金	009	可降解涂层/三氧化二砷
	4212	12	C02020200102001	血管介入治疗类材料	冠脉介入治疗材料	药物洗脱支架	001	支架	02	不锈钢	001	无涂层/紫杉醇
	4213	13	C02020200102002	血管介入治疗类材料	冠脉介入治疗材料	药物洗脱支架	001	支架	02	不锈钢	002	无涂层/雷帕霉素及衍生物
	4214	14	C02020200102003	血管介入治疗类材料	冠脉介入治疗材料	药物洗脱支架	001	支架	02	不锈钢	003	无涂层/三氧化二砷
	4215	15	C02020200102004	血管介入治疗类材料	冠脉介入治疗材料	药物洗脱支架	001	支架	02	不锈钢	004	永久涂层/紫杉醇
	4216	16	C02020200102005	血管介入治疗类材料	冠脉介入治疗材料	药物洗脱支架	001	支架	02	不锈钢	005	永久涂层/雷帕霉素及衍生物
	4217	17	C02020200102006	血管介入治疗类材料	冠脉介入治疗材料	药物洗脱支架	001	支架	02	不锈钢	006	永久涂层/三氧化二砷
	4218	18	C02020200102007	血管介入治疗类材料	冠脉介入治疗材料	药物洗脱支架	001	支架	02	不锈钢	007	可降解涂层/紫杉醇
	4219	19	C02020200102008	血管介入治疗类材料	冠脉介入治疗材料	药物洗脱支架	001	支架	02	不锈钢	008	可降解涂层/雷帕霉素及衍生物
	4220	20	C02020200102009	血管介入治疗类材料	冠脉介入治疗材料	药物洗脱支架	001	支架	02	不锈钢	009	可降解涂层/三氧化二砷
	4221	21	C02020300100000	血管介入治疗类材料	冠脉介入治疗材料	生物可降解支架	001	支架	00	不区分	000	常规
	4222	22	C02020400100000	血管介入治疗类材料	冠脉介入治疗材料	冠脉其他支架	001	支架	00	不区分	000	常规
	4223	23	C02050100100001	血管介入治疗类材料	神经介入治疗材料	颅内支架	001	支架	00	不区分	001	覆膜支架/动脉瘤辅助/有头端
	4224	24	C02050100100002	血管介入治疗类材料	神经介入治疗材料	颅内支架	001	支架	00	不区分	002	覆膜支架/动脉瘤辅助/无头端
	4225	25	C02050100100003	血管介入治疗类材料	神经介入治疗材料	颅内支架	001	支架	00	不区分	003	覆膜支架/狭窄扩张/有头端
	4226	26	C02050100100004	血管介入治疗类材料	神经介入治疗材料	颅内支架	001	支架	00	不区分	004	覆膜支架/狭窄扩张/无头端
	4227	27	C02050100100005	血管介入治疗类材料	神经介入治疗材料	颅内支架	001	支架	00	不区分	005	普通裸支架/动脉瘤辅助/有头端
	4228	28	C02050100100006	血管介入治疗类材料	神经介入治疗材料	颅内支架	001	支架	00	不区分	006	普通裸支架/动脉瘤辅助/无头端
	4229	29	C02050100100007	血管介入治疗类材料	神经介入治疗材料	颅内支架	001	支架	00	不区分	007	普通裸支架/狭窄扩张/有头端
	4230	30	C02050100100008	血管介入治疗类材料	神经介入治疗材料	颅内支架	001	支架	00	不区分	008	普通裸支架/狭窄扩张/无头端
	4231	31	C02050100100009	血管介入治疗类材料	神经介入治疗材料	颅内支架	001	支架	00	不区分	009	密网支架/动脉瘤辅助/有头端
	4232	32	C02050100100010	血管介入治疗类材料	神经介入治疗材料	颅内支架	001	支架	00	不区分	010	密网支架/动脉瘤辅助/无头端
	4233	33	C02050100100011	血管介入治疗类材料	神经介入治疗材料	颅内支架	001	支架	00	不区分	011	密网支架/狭窄扩张/有头端
	4234	34	C02050100100012	血管介入治疗类材料	神经介入治疗材料	颅内支架	001	支架	00	不区分	012	密网支架/狭窄扩张/无头端
	4235	35	C02050100100013	血管介入治疗类材料	神经介入治疗材料	颅内支架	001	支架	00	不区分	013	分叉型裸支架/动脉瘤辅助/有头端
	4236	36	C02050100100014	血管介入治疗类材料	神经介入治疗材料	颅内支架	001	支架	00	不区分	014	分叉型裸支架/动脉瘤辅助/无头端
	4237	37	C02050100100015	血管介入治疗类材料	神经介入治疗材料	颅内支架	001	支架	00	不区分	015	分叉型裸支架/狭窄扩张/有头端
	4238	38	C02050100100016	血管介入治疗类材料	神经介入治疗材料	颅内支架	001	支架	00	不区分	016	分叉型裸支架/狭窄扩张/无头端
	4239	39	C02051500100001	血管介入治疗类材料	神经介入治疗材料	取栓支架	001	支架	00	不区分	001	可解脱/头端闭合/普通
	4240	40	C02051500100002	血管介入治疗类材料	神经介入治疗材料	取栓支架	001	支架	00	不区分	002	可解脱/头端开放/普通
	4241	41	C02051500100003	血管介入治疗类材料	神经介入治疗材料	取栓支架	001	支架	00	不区分	003	不可解脱/头端闭合/普通
	4242	42	C02051500100004	血管介入治疗类材料	神经介入治疗材料	取栓支架	001	支架	00	不区分	004	不可解脱/头端开放/普通
	4243	43	C02051500100005	血管介入治疗类材料	神经介入治疗材料	取栓支架	001	支架	00	不区分	005	可解脱/头端闭合/双层
	4244	44	C02051500100006	血管介入治疗类材料	神经介入治疗材料	取栓支架	001	支架	00	不区分	006	可解脱/头端开放/双层
	4245	45	C02051500100007	血管介入治疗类材料	神经介入治疗材料	取栓支架	001	支架	00	不区分	007	不可解脱/头端闭合/双层
	4246	46	C02051500100008	血管介入治疗类材料	神经介入治疗材料	取栓支架	001	支架	00	不区分	008	不可解脱/头端开放/双层
	4247	47	C02051900100000	血管介入治疗类材料	神经介入治疗材料	血流导向密网支架	001	支架	00	不区分	000	常规
	4248	48	C02060100101001	血管介入治疗类材料	外周血管介入	颈动脉支架	001	支架	01	合金	001	闭环/直形
	4249	49	C02060100101002	血管介入治疗类材料	外周血管介入	颈动脉支架	001	支架	01	合金	002	闭环/锥形
	4250	50	C02060100101003	血管介入治疗类材料	外周血管介入	颈动脉支架	001	支架	01	合金	003	非闭环/直形
	4251	51	C02060100101004	血管介入治疗类材料	外周血管介入	颈动脉支架	001	支架	01	合金	004	非闭环/锥形
	4252	52	C02060100103001	血管介入治疗类材料	外周血管介入	颈动脉支架	001	支架	03	不锈钢	001	闭环/直形
	4253	53	C02060100103002	血管介入治疗类材料	外周血管介入	颈动脉支架	001	支架	03	不锈钢	002	闭环/锥形
	4254	54	C02060100103003	血管介入治疗类材料	外周血管介入	颈动脉支架	001	支架	03	不锈钢	003	非闭环/直形
	4255	55	C02060100103004	血管介入治疗类材料	外周血管介入	颈动脉支架	001	支架	03	不锈钢	004	非闭环/锥形
	4256	56	C02060200101001	血管介入治疗类材料	外周血管介入	锁骨下动脉支架	001	支架	01	合金	001	球扩
	4257	57	C02060200101002	血管介入治疗类材料	外周血管介入	锁骨下动脉支架	001	支架	01	合金	002	自膨
	4258	58	C02060200102001	血管介入治疗类材料	外周血管介入	锁骨下动脉支架	001	支架	02	不锈钢	001	球扩
	4259	59	C02060200102002	血管介入治疗类材料	外周血管介入	锁骨下动脉支架	001	支架	02	不锈钢	002	自膨
	4260	60	C02060300100001	血管介入治疗类材料	外周血管介入	椎动脉支架	001	支架	00	不区分	001	球扩
	4261	61	C02060300100002	血管介入治疗类材料	外周血管介入	椎动脉支架	001	支架	00	不区分	002	自膨
	4262	62	C02060400101000	血管介入治疗类材料	外周血管介入	肾动脉支架	001	支架	01	合金	000	常规
	4263	63	C02060400102000	血管介入治疗类材料	外周血管介入	肾动脉支架	001	支架	02	不锈钢	000	常规
	4264	64	C02060500100001	血管介入治疗类材料	外周血管介入	胸主动脉支架	001	支架	00	不区分	001	前释放/有分支/长度≤100mm
	4265	65	C02060500100002	血管介入治疗类材料	外周血管介入	胸主动脉支架	001	支架	00	不区分	002	前释放/有分支/100＜长度＜200mm
	4266	66	C02060500100003	血管介入治疗类材料	外周血管介入	胸主动脉支架	001	支架	00	不区分	003	前释放/有分支/长度≥200mm
	4267	67	C02060500100004	血管介入治疗类材料	外周血管介入	胸主动脉支架	001	支架	00	不区分	004	前释放/无分支/长度≤100mm
	4268	68	C02060500100005	血管介入治疗类材料	外周血管介入	胸主动脉支架	001	支架	00	不区分	005	前释放/无分支/100＜长度＜200mm
	4269	69	C02060500100006	血管介入治疗类材料	外周血管介入	胸主动脉支架	001	支架	00	不区分	006	前释放/无分支/长度≥200mm
	4270	70	C02060500100007	血管介入治疗类材料	外周血管介入	胸主动脉支架	001	支架	00	不区分	007	后释放/有分支/长度≤100mm
	4271	71	C02060500100008	血管介入治疗类材料	外周血管介入	胸主动脉支架	001	支架	00	不区分	008	后释放/有分支/100＜长度＜200mm
	4272	72	C02060500100009	血管介入治疗类材料	外周血管介入	胸主动脉支架	001	支架	00	不区分	009	后释放/有分支/长度≥200mm
	4273	73	C02060500100010	血管介入治疗类材料	外周血管介入	胸主动脉支架	001	支架	00	不区分	010	后释放/无分支/长度≤100mm
	4274	74	C02060500100011	血管介入治疗类材料	外周血管介入	胸主动脉支架	001	支架	00	不区分	011	后释放/无分支/100＜长度＜200mm
	4275	75	C02060500100012	血管介入治疗类材料	外周血管介入	胸主动脉支架	001	支架	00	不区分	012	后释放/无分支/长度≥200mm
	4276	76	C02060600100000	血管介入治疗类材料	外周血管介入	主动脉定制支架	001	支架	00	不区分	000	常规
	4277	77	C02060700100001	血管介入治疗类材料	外周血管介入	腹主动脉支架	001	支架	00	不区分	001	分体式
	4278	78	C02060700100002	血管介入治疗类材料	外周血管介入	腹主动脉支架	001	支架	00	不区分	002	一体式
	4279	79	C02060800100001	血管介入治疗类材料	外周血管介入	腹主动脉延长支架	001	支架	00	不区分	001	髂动脉延长
	4280	80	C02060800100003	血管介入治疗类材料	外周血管介入	腹主动脉延长支架	001	支架	00	不区分	003	主体延长
	4281	81	C02060900101001	血管介入治疗类材料	外周血管介入	髂股动脉支架	001	支架	01	不锈钢	001	股动脉/球扩/长度≤15cm
	4282	82	C02060900101002	血管介入治疗类材料	外周血管介入	髂股动脉支架	001	支架	01	不锈钢	002	股动脉/球扩/长度＞15cm
	4283	83	C02060900101003	血管介入治疗类材料	外周血管介入	髂股动脉支架	001	支架	01	不锈钢	003	股动脉/自膨/长度≤15cm
	4284	84	C02060900101004	血管介入治疗类材料	外周血管介入	髂股动脉支架	001	支架	01	不锈钢	004	股动脉/自膨/长度＞15cm
	4285	85	C02060900101005	血管介入治疗类材料	外周血管介入	髂股动脉支架	001	支架	01	不锈钢	005	髂动脉/球扩/长度≤15cm
	4286	86	C02060900101006	血管介入治疗类材料	外周血管介入	髂股动脉支架	001	支架	01	不锈钢	006	髂动脉/球扩/长度＞15cm
	4287	87	C02060900101007	血管介入治疗类材料	外周血管介入	髂股动脉支架	001	支架	01	不锈钢	007	髂动脉/自膨/长度≤15cm
	4288	88	C02060900101008	血管介入治疗类材料	外周血管介入	髂股动脉支架	001	支架	01	不锈钢	008	髂动脉/自膨/长度＞15cm
	4289	89	C02060900102001	血管介入治疗类材料	外周血管介入	髂股动脉支架	001	支架	02	合金	001	股动脉/球扩/长度≤15cm
	4290	90	C02060900102002	血管介入治疗类材料	外周血管介入	髂股动脉支架	001	支架	02	合金	002	股动脉/球扩/长度＞15cm
	4291	91	C02060900102003	血管介入治疗类材料	外周血管介入	髂股动脉支架	001	支架	02	合金	003	股动脉/自膨/长度≤15cm
	4292	92	C02060900102004	血管介入治疗类材料	外周血管介入	髂股动脉支架	001	支架	02	合金	004	股动脉/自膨/长度＞15cm
	4293	93	C02060900102005	血管介入治疗类材料	外周血管介入	髂股动脉支架	001	支架	02	合金	005	髂动脉/球扩/长度≤15cm
	4294	94	C02060900102006	血管介入治疗类材料	外周血管介入	髂股动脉支架	001	支架	02	合金	006	髂动脉/球扩/长度＞15cm
	4295	95	C02060900102007	血管介入治疗类材料	外周血管介入	髂股动脉支架	001	支架	02	合金	007	髂动脉/自膨/长度≤15cm
	4296	96	C02060900102008	血管介入治疗类材料	外周血管介入	髂股动脉支架	001	支架	02	合金	008	髂动脉/自膨/长度＞15cm
	4297	97	C02061000101001	血管介入治疗类材料	外周血管介入	股腘动脉支架	001	支架	01	合金	001	球扩/长度≤15cm
	4298	98	C02061000101002	血管介入治疗类材料	外周血管介入	股腘动脉支架	001	支架	01	合金	002	球扩/长度＞15cm
	4299	99	C02061000101003	血管介入治疗类材料	外周血管介入	股腘动脉支架	001	支架	01	合金	003	自膨/长度≤15cm
	4300	100	C02061000101004	血管介入治疗类材料	外周血管介入	股腘动脉支架	001	支架	01	合金	004	自膨/长度＞15cm
	4301	101	C02061000103001	血管介入治疗类材料	外周血管介入	股腘动脉支架	001	支架	03	不锈钢	001	球扩/长度≤15cm
	4302	102	C02061000103002	血管介入治疗类材料	外周血管介入	股腘动脉支架	001	支架	03	不锈钢	002	球扩/长度＞15cm
	4303	103	C02061000103003	血管介入治疗类材料	外周血管介入	股腘动脉支架	001	支架	03	不锈钢	003	自膨/长度≤15cm
	4304	104	C02061000103004	血管介入治疗类材料	外周血管介入	股腘动脉支架	001	支架	03	不锈钢	004	自膨/长度＞15cm
	4305	105	C02061100101001	血管介入治疗类材料	外周血管介入	膝下动脉支架	001	支架	01	合金	001	自膨/长度≤12cm
	4306	106	C02061100101002	血管介入治疗类材料	外周血管介入	膝下动脉支架	001	支架	01	合金	002	自膨/长度＞12cm
	4307	107	C02061100101003	血管介入治疗类材料	外周血管介入	膝下动脉支架	001	支架	01	合金	003	球扩/长度≤12cm
	4308	108	C02061100101004	血管介入治疗类材料	外周血管介入	膝下动脉支架	001	支架	01	合金	004	球扩/长度＞12cm
	4309	109	C02061100103001	血管介入治疗类材料	外周血管介入	膝下动脉支架	001	支架	03	不锈钢	001	自膨式/长度≤12cm
	4310	110	C02061100103002	血管介入治疗类材料	外周血管介入	膝下动脉支架	001	支架	03	不锈钢	002	自膨式/长度＞12cm
	4311	111	C02061100103003	血管介入治疗类材料	外周血管介入	膝下动脉支架	001	支架	03	不锈钢	003	球扩式/长度≤12cm
	4312	112	C02061100103004	血管介入治疗类材料	外周血管介入	膝下动脉支架	001	支架	03	不锈钢	004	球扩式/长度＞12cm
	4313	113	C02061200101001	血管介入治疗类材料	外周血管介入	多外周动脉支架	001	支架	01	合金	001	球扩
	4314	114	C02061200101002	血管介入治疗类材料	外周血管介入	多外周动脉支架	001	支架	01	合金	002	自膨
	4315	115	C02061200103001	血管介入治疗类材料	外周血管介入	多外周动脉支架	001	支架	03	不锈钢	001	球扩
	4316	116	C02061200103002	血管介入治疗类材料	外周血管介入	多外周动脉支架	001	支架	03	不锈钢	002	自膨
	4317	117	C02061300100001	血管介入治疗类材料	外周血管介入	外周血管支架	001	支架	00	不区分	001	药物/有聚合物涂层/长度≤15cm
	4318	118	C02061300100002	血管介入治疗类材料	外周血管介入	外周血管支架	001	支架	00	不区分	002	药物/有聚合物涂层/长度>15cm
	4319	119	C02061300100003	血管介入治疗类材料	外周血管介入	外周血管支架	001	支架	00	不区分	003	药物/无聚合物涂层/长度≤15cm
	4320	120	C02061300100004	血管介入治疗类材料	外周血管介入	外周血管支架	001	支架	00	不区分	004	药物/无聚合物涂层/长度>15cm
	4321	121	C02061300104001	血管介入治疗类材料	外周血管介入	外周血管支架	001	支架	04	合金	001	覆膜/球扩/肝素涂层
	4322	122	C02061300104002	血管介入治疗类材料	外周血管介入	外周血管支架	001	支架	04	合金	002	覆膜/球扩/其他涂层
	4323	123	C02061300104003	血管介入治疗类材料	外周血管介入	外周血管支架	001	支架	04	合金	003	覆膜/自膨/肝素涂层
	4324	124	C02061300104004	血管介入治疗类材料	外周血管介入	外周血管支架	001	支架	04	合金	004	覆膜/自膨/其他涂层
	4325	125	C02061300105001	血管介入治疗类材料	外周血管介入	外周血管支架	001	支架	05	不锈钢	001	覆膜/球扩/肝素涂层
	4326	126	C02061300105002	血管介入治疗类材料	外周血管介入	外周血管支架	001	支架	05	不锈钢	002	覆膜/球扩/其他涂层
	4327	127	C02061300105003	血管介入治疗类材料	外周血管介入	外周血管支架	001	支架	05	不锈钢	003	覆膜/自膨/肝素涂层
	4328	128	C02061300105004	血管介入治疗类材料	外周血管介入	外周血管支架	001	支架	05	不锈钢	004	覆膜/自膨/其他涂层
	4329	129	C02061500101000	血管介入治疗类材料	外周血管介入	腔静脉支架	001	支架	01	合金	000	常规
	4330	130	C02061500103000	血管介入治疗类材料	外周血管介入	腔静脉支架	001	支架	03	不锈钢	000	常规
	4331	131	C02061600101001	血管介入治疗类材料	外周血管介入	髂股静脉支架	001	支架	01	合金	001	闭环
	4332	132	C02061600101003	血管介入治疗类材料	外周血管介入	髂股静脉支架	001	支架	01	合金	003	非闭环
	4333	133	C02061600103001	血管介入治疗类材料	外周血管介入	髂股静脉支架	001	支架	03	不锈钢	001	闭环
	4334	134	C02061600103003	血管介入治疗类材料	外周血管介入	髂股静脉支架	001	支架	03	不锈钢	003	非闭环
	4335	135	C02061700101001	血管介入治疗类材料	外周血管介入	经颈静脉肝内门体分流(TIPS)静脉支架	001	支架	01	合金	001	覆膜支架
	4336	136	C02061700101002	血管介入治疗类材料	外周血管介入	经颈静脉肝内门体分流(TIPS)静脉支架	001	支架	01	合金	002	裸支架
	4337	137	C02061700103001	血管介入治疗类材料	外周血管介入	经颈静脉肝内门体分流(TIPS)静脉支架	001	支架	03	不锈钢	001	覆膜支架
	4338	138	C02061700103002	血管介入治疗类材料	外周血管介入	经颈静脉肝内门体分流(TIPS)静脉支架	001	支架	03	不锈钢	002	裸支架
阴茎假体	4339	1	C06050113300000	人工器官、组织及配套材料	生殖系统人工器官、组织及配套材料	人工阴茎假体	133	人工器官	00	不区分	000	常规
植入式神经刺激器	4340	1	C04080112300001	神经外科材料	神经刺激材料	脑深部电刺激器	123	神经刺激材料	00	不区分	001	不可充电
	4341	2	C04080112300002	神经外科材料	神经刺激材料	脑深部电刺激器	123	神经刺激材料	00	不区分	002	可充电
	4342	3	C04080202100000	神经外科材料	神经刺激材料	脑神经刺激电极	021	电极	00	不区分	000	常规
	4343	4	C04080306100000	神经外科材料	神经刺激材料	脑神经刺激电极导线	061	导线	00	不区分	000	常规
	4344	5	C04080412300000	神经外科材料	神经刺激材料	脑深部电刺激程控器	123	神经刺激材料	00	不区分	000	常规
	4345	6	C04080512300000	神经外科材料	神经刺激材料	脑深部电刺激控制器	123	神经刺激材料	00	不区分	000	常规
	4346	7	C04080612300000	神经外科材料	神经刺激材料	脑深部电磁患者充电器	123	神经刺激材料	00	不区分	000	常规
	4347	8	C04080712300000	神经外科材料	神经刺激材料	脑深部电刺激皮下隧道工具	123	神经刺激材料	00	不区分	000	常规
	4348	9	C04080812300000	神经外科材料	神经刺激材料	电极支架	123	神经刺激材料	00	不区分	000	常规
	4349	10	C04080902100000	神经外科材料	神经刺激材料	脊髓神经电刺激电极	021	电极	00	不区分	000	常规
	4350	11	C04081006100000	神经外科材料	神经刺激材料	脊髓神经电刺激电极导线	061	导线	00	不区分	000	常规
	4351	12	C04081106100000	神经外科材料	神经刺激材料	脊髓神经电刺激测试电缆	061	导线	00	不区分	000	常规
	4352	13	C04081212300000	神经外科材料	神经刺激材料	脊髓神经电刺激程控器	123	神经刺激材料	00	不区分	000	常规
	4353	14	C04081312300000	神经外科材料	神经刺激材料	脊髓神经电刺激充电器套装	123	神经刺激材料	00	不区分	000	常规
	4354	15	C04081412300001	神经外科材料	神经刺激材料	脊髓神经电刺激刺激器	123	神经刺激材料	00	不区分	001	可充电
	4355	16	C04081412300002	神经外科材料	神经刺激材料	脊髓神经电刺激刺激器	123	神经刺激材料	00	不区分	002	不可充电
	4356	17	C04081512300000	神经外科材料	神经刺激材料	体外刺激器	123	神经刺激材料	00	不区分	000	常规
	4357	18	C04081612300000	神经外科材料	神经刺激材料	鞘内药物灌注泵	123	神经刺激材料	00	不区分	000	常规
	4358	19	C04081700400000	神经外科材料	神经刺激材料	鞘内药物灌注导管	004	导管	00	不区分	000	常规
	4359	20	C04081812300000	神经外科材料	神经刺激材料	鞘内药物灌注程控器	123	神经刺激材料	00	不区分	000	常规
	4360	21	C04081912300000	神经外科材料	神经刺激材料	鞘内药物灌注隧道器	123	神经刺激材料	00	不区分	000	常规
	4361	22	C04082012300000	神经外科材料	神经刺激材料	鞘内药物再灌注包	123	神经刺激材料	00	不区分	000	常规
	4362	23	C04082112300000	神经外科材料	神经刺激材料	鞘内药物灌注急救包	123	神经刺激材料	00	不区分	000	常规
	4363	24	C04082212300000	神经外科材料	神经刺激材料	骶神经调节神经刺激器	123	神经刺激材料	00	不区分	000	常规
	4364	25	C04082302100000	神经外科材料	神经刺激材料	骶神经调节电极	021	电极	00	不区分	000	常规
	4365	26	C04082412400000	神经外科材料	神经刺激材料	骶神经调节电极附件	124	电极附件	00	不区分	000	常规
	4366	27	C04082512300000	神经外科材料	神经刺激材料	骶神经调节程控仪	123	神经刺激材料	00	不区分	000	常规
	4367	28	C04082612300000	神经外科材料	神经刺激材料	迷走神经刺激器	123	神经刺激材料	00	不区分	000	常规
	4368	29	C04082700000000	神经外科材料	神经刺激材料	其他神经刺激材料	000	-	00	不区分	000	常规
	4369	30	C04082806100000	神经外科材料	神经刺激材料	脑神经刺激测试电缆	061	导线	00	不区分	000	常规
植入式心律转复除颤器	4370	1	C02040505900001	血管介入治疗类材料	起搏器类材料	单腔除颤器（ICD）	059	除颤器	00	不区分	001	全身兼容MRI
	4371	2	C02040505900002	血管介入治疗类材料	起搏器类材料	单腔除颤器（ICD）	059	除颤器	00	不区分	002	非全身兼容MRI
	4372	3	C02040505900003	血管介入治疗类材料	起搏器类材料	单腔除颤器（ICD）	059	除颤器	00	不区分	003	非兼容MRI
	4373	4	C02040605900001	血管介入治疗类材料	起搏器类材料	双腔除颤器（ICD）	059	除颤器	00	不区分	001	全身兼容MRI
	4374	5	C02040605900002	血管介入治疗类材料	起搏器类材料	双腔除颤器（ICD）	059	除颤器	00	不区分	002	非全身兼容MRI
	4375	6	C02040605900003	血管介入治疗类材料	起搏器类材料	双腔除颤器（ICD）	059	除颤器	00	不区分	003	非兼容MRI
	4376	7	C02040705900001	血管介入治疗类材料	起搏器类材料	三腔除颤器组（CRT-D）	059	除颤器	00	不区分	001	全身兼容MRI
	4377	8	C02040705900002	血管介入治疗类材料	起搏器类材料	三腔除颤器组（CRT-D）	059	除颤器	00	不区分	002	非全身兼容MRI
	4378	9	C02040705900003	血管介入治疗类材料	起搏器类材料	三腔除颤器组（CRT-D）	059	除颤器	00	不区分	003	非兼容MRI
	4379	10	C02040805900000	血管介入治疗类材料	起搏器类材料	皮下植入式心律转复除颤器	059	除颤器	00	不区分	000	常规
植入式药物输注设备	4380	1	C02070407200001	血管介入治疗类材料	通用介入治疗材料	输液港	072	输液港	00	不区分	001	动脉型
	4381	2	C02070407200002	血管介入治疗类材料	通用介入治疗材料	输液港	072	输液港	00	不区分	002	末端开口静脉型
	4382	3	C02070407200003	血管介入治疗类材料	通用介入治疗材料	输液港	072	输液港	00	不区分	003	腹腔型
	4383	4	C02070407200004	血管介入治疗类材料	通用介入治疗材料	输液港	072	输液港	00	不区分	004	瓣膜开口静脉型
	4384	5	C02070407200005	血管介入治疗类材料	通用介入治疗材料	输液港	072	输液港	00	不区分	005	耐高压末端开口静脉型
	4385	6	C02070407200006	血管介入治疗类材料	通用介入治疗材料	输液港	072	输液港	00	不区分	006	耐高压瓣膜开口静脉型
椎体成形导引系统	4386	1	C03310110100000	骨科材料	椎体成形系统	工作套筒	101	椎体成形工具	00	不区分	000	常规
	4387	2	C03310202600000	骨科材料	椎体成形系统	穿刺针	026	穿刺器	00	不区分	000	常规
	4388	3	C03310310100000	骨科材料	椎体成形系统	磨钻	101	椎体成形工具	00	不区分	000	常规
	4389	4	C03310400200001	骨科材料	椎体成形系统	球囊	002	球囊	00	不区分	001	定向
	4390	5	C03310400200002	骨科材料	椎体成形系统	球囊	002	球囊	00	不区分	002	不定向
	4391	6	C03310510200000	骨科材料	椎体成形系统	球囊注射器	102	注射器	00	不区分	000	常规
	4392	7	C03310610100000	骨科材料	椎体成形系统	支架	101	椎体成形工具	00	不区分	000	常规
	4393	8	C03310700700000	骨科材料	椎体成形系统	活检器	007	活检材料	00	不区分	000	常规
	4394	9	C03310810100000	骨科材料	椎体成形系统	刮勺	101	椎体成形工具	00	不区分	000	常规
	4395	10	C03310900300000	骨科材料	椎体成形系统	引导丝	003	导丝	00	不区分	000	常规
	4396	11	C03311010100000	骨科材料	椎体成形系统	定向椎体成形工具	101	椎体成形工具	00	不区分	000	常规
	4397	12	C03311110100000	骨科材料	椎体成形系统	骨水泥搅拌注入系统	101	椎体成形工具	00	不区分	000	常规
	4398	13	C03311210100000	骨科材料	椎体成形系统	金属网状支撑物	101	椎体成形工具	00	不区分	000	常规
	4399	14	C03311302600000	骨科材料	椎体成形系统	穿刺通道一体锥	026	穿刺器	00	不区分	000	常规
	4400	15	C03311410100000	骨科材料	椎体成形系统	支架入路系统	101	椎体成形工具	00	不区分	000	常规
	4401	16	C03311510101000	骨科材料	椎体成形系统	支架充盈系统	101	椎体成形工具	01	不锈钢	000	常规
	4402	17	C03311510102000	骨科材料	椎体成形系统	支架充盈系统	101	椎体成形工具	02	聚合物	000	常规
	4403	18	C03311600000000	骨科材料	椎体成形系统	椎体成形系统其他部件	000	-	00	不区分	000	其他
	4404	19	C03311624000001	骨科材料	椎体成形系统	椎体成形系统其他部件	240	扩张材料	00	不区分	001	扩张材料